image,method,lesion_ratio,iou,dice,accuracy,sensitivity,specificity,precision,xor_error,hd95,assd
ISIC_0024306,otsu,0.34277407407407406,0.48061430281591405,0.6492093206203063,0.8216333333333333,0.48151789862667344,0.9990194476221604,0.9961106888998167,0.5203621865174124,78.75404665527765,38.59245433041049
ISIC_0024306,adaptive,0.34277407407407406,0.333501757705415,0.5001894534871535,0.7703814814814814,0.3351954099990275,0.9973513815081346,0.9850755747491426,0.6698829809074112,103.33924612317486,46.37584864815569
ISIC_0024306,kmeans,0.34277407407407406,0.371656312020019,0.5419087985279432,0.7842407407407408,0.37231088396417034,0.9990814365655871,0.9952917388792606,0.6294503452225307,89.0,49.817956408704426
ISIC_0024306,watershed,0.34277407407407406,0.33812358858550606,0.5053697453206505,0.7731259259259259,0.33812358858550606,1.0,1.0,0.6618764114144939,102.59702434183224,58.64866546156545
ISIC_0024307,otsu,0.41682592592592593,0.3520698755142479,0.520786509469921,0.729925925925926,0.3520698755142479,1.0,1.0,0.6479301244857522,116.95233928038353,59.691764623316445
ISIC_0024307,adaptive,0.41682592592592593,0.11075569772091164,0.1994240460763139,0.6293333333333333,0.11075766595878908,0.9999872981194866,0.9998395764819122,0.8892601050265232,220.31703754456524,101.63990785342058
ISIC_0024307,kmeans,0.41682592592592593,0.23503905174022374,0.3806180078420087,0.6811444444444444,0.23503905174022374,1.0,1.0,0.7649609482597762,131.6280734141567,81.5823879514934
ISIC_0024307,watershed,0.41682592592592593,0.22838381774077463,0.37184439332783586,0.6783703703703704,0.22838381774077463,1.0,1.0,0.7716161822592253,131.0061066478401,81.1663469160297
ISIC_0024308,otsu,0.3700037037037037,0.7730753445911452,0.8720163493891561,0.916037037037037,0.7730753445911452,1.0,1.0,0.22692465540885476,29.349466757699943,15.532828445649855
ISIC_0024308,adaptive,0.3700037037037037,0.2294957259824235,0.37331683410130745,0.7148962962962963,0.22950721214001862,0.999970605353353,0.9997819735751973,0.770542837409035,145.1516438189924,48.92028999923404
ISIC_0024308,kmeans,0.3700037037037037,0.4095754797249277,0.5811330937806246,0.7815407407407408,0.4095754797249277,1.0,1.0,0.5904245202750723,76.92203845452875,43.195575729573584
ISIC_0024308,watershed,0.3700037037037037,0.5562206584518673,0.7148352072452209,0.8358,0.5562206584518673,1.0,1.0,0.44377934154813264,54.365427360109486,32.845774007437264
ISIC_0024309,otsu,0.3564074074074074,0.5444455990855243,0.7050369393494906,0.8376370370370371,0.5444455990855243,1.0,1.0,0.45555440091447574,66.3655844277751,35.20949090380107
ISIC_0024309,adaptive,0.3564074074074074,0.06358723890678583,0.11957127084778552,0.6662555555555556,0.06358723890678583,1.0,1.0,0.9364127610932141,187.12678293443034,98.08242348751729
ISIC_0024309,kmeans,0.3564074074074074,0.49440922789150993,0.6616784996557886,0.8198037037037037,0.49440922789150993,1.0,1.0,0.5055907721084901,69.59705112989809,39.49874254540054
ISIC_0024309,watershed,0.3564074074074074,0.3512314247116284,0.5198686446869545,0.768774074074074,0.3512314247116284,1.0,1.0,0.6487685752883716,91.53141488303626,57.119649983922024
ISIC_0024310,otsu,0.24078518518518519,0.6890830224163558,0.8159255800589038,0.924074074074074,0.6988555958899896,0.9955021757371163,0.980110449564242,0.31532640127976375,44.51287656263131,14.810317293191128
ISIC_0024310,adaptive,0.24078518518518519,0.5710165545783756,0.7269389401585563,0.8771518518518518,0.679120777702578,0.9399574609245419,0.7820010981420146,0.5101981172706577,95.71363537941744,28.05466825910945
ISIC_0024310,kmeans,0.24078518518518519,0.4380575893681167,0.6092351135403408,0.8646925925925926,0.4380575893681167,1.0,1.0,0.5619424106318833,82.35532415151673,32.01026886416835
ISIC_0024310,watershed,0.24078518518518519,0.37438385823748904,0.5448024669288524,0.8491037037037037,0.37502307266350826,0.999458504888091,0.9954679078882901,0.6266843044361041,113.84638773364749,39.53281645136651
ISIC_0024311,otsu,0.2946888888888889,0.7966190571314423,0.886797959722589,0.9396666666666667,0.8019254455420657,0.9972168835397041,0.9917619995026112,0.20473569112434958,27.202941017470888,12.465555168972683
ISIC_0024311,adaptive,0.2946888888888889,0.094922709563906,0.1733870504918334,0.7332703703703704,0.0949274815876128,0.9999789953474695,0.9994706894270213,0.905122791141945,269.26302747400723,94.64248097519605
ISIC_0024311,kmeans,0.2946888888888889,0.4301334740969761,0.6015291326127076,0.8320666666666666,0.4301334740969761,1.0,1.0,0.5698665259030239,95.2811560555314,42.04344867224465
ISIC_0024311,watershed,0.2946888888888889,0.6572279242723081,0.7931653994557184,0.8989444444444444,0.6575170298871377,0.9998162092903579,0.9993314358847013,0.34292285649649346,52.16415751592623,22.177284998059516
ISIC_0024312,otsu,0.4305333333333333,0.8916523825848475,0.9427232939769299,0.9531777777777778,0.8949967310140738,0.9971643383022452,0.995826712866359,0.10875400020646227,22.084990987143588,7.9907705618801055
ISIC_0024312,adaptive,0.4305333333333333,0.22703018533953137,0.37004824828610045,0.6668185185185185,0.2272977530023055,0.9991089778610266,0.9948416732557702,0.7738808024500189,155.30936377433565,58.690333266256786
ISIC_0024312,kmeans,0.4305333333333333,0.17108840026151886,0.29218699497546496,0.6431259259259259,0.17108840026151886,1.0,1.0,0.8289115997384812,175.2191359891685,79.44313701526382
ISIC_0024312,watershed,0.4305333333333333,0.3456426930917912,0.5137213539169623,0.7182555555555555,0.3456694539072984,0.9999414656988995,0.9997760692692393,0.6544079694435841,134.41725323337283,50.13534466780169
ISIC_0024313,otsu,0.10871851851851852,0.5547646618077787,0.713631683862347,0.9515814814814815,0.5549158547387069,0.9999667561480349,0.9995091121065227,0.44535668052054234,79.63724506741613,20.384684674356407
ISIC_0024313,adaptive,0.10871851851851852,0.3761836637373118,0.546705608633236,0.9321703703703703,0.3762349253934728,0.9999833780740174,0.999637943519189,0.6239013422361518,121.85394934180508,32.85056765213052
ISIC_0024313,kmeans,0.10871851851851852,0.45789330244600396,0.6281574950344666,0.941062962962963,0.45789330244600396,1.0,1.0,0.5421066975539961,86.82165628459296,25.346149845111874
ISIC_0024313,watershed,0.10871851851851852,0.39292771002248417,0.5641753081588731,0.934,0.39292771002248417,1.0,1.0,0.6070722899775158,123.6966016036216,35.33406336873067
ISIC_0024314,otsu,0.10629629629629629,0.27954703832752614,0.43694687253220055,0.9234185185185185,0.27954703832752614,1.0,1.0,0.7204529616724739,52.44520495705363,36.493767759385776
ISIC_0024314,adaptive,0.10629629629629629,0.010500175452803196,0.020782134843466183,0.8642296296296297,0.013554006968641116,0.9654082055532532,0.04452838827838828,1.2772822299651567,145.51718074344774,55.35330132205669
ISIC_0024314,kmeans,0.10629629629629629,0.1870383275261324,0.31513443700833627,0.9135851851851852,0.1870383275261324,1.0,1.0,0.8129616724738676,69.39019168421896,47.20329561831812
ISIC_0024314,watershed,0.10629629629629629,0.17547038327526132,0.2985534740336732,0.9123555555555556,0.17547038327526132,1.0,1.0,0.8245296167247387,74.4895209324214,48.50045949807258
ISIC_0024315,otsu,0.08441851851851852,0.743122888606151,0.8526339634038912,0.9783148148148149,0.743122888606151,1.0,1.0,0.256877111393849,13.601470508735444,9.20903465107912
ISIC_0024315,adaptive,0.08441851851851852,0.6013860257028817,0.7510818953711312,0.9663407407407407,0.6015443337866889,0.9999757288426299,0.9995625865714077,0.3987189049269513,47.76814317974642,14.524605496996555
ISIC_0024315,kmeans,0.08441851851851852,0.682841223182556,0.8115337487290456,0.9732259259259259,0.682841223182556,1.0,1.0,0.317158776817444,17.038179534632693,11.465019574973985
ISIC_0024315,watershed,0.08441851851851852,0.6204975211687799,0.7658111327701971,0.9679629629629629,0.6204975211687799,1.0,1.0,0.3795024788312201,25.003998401278718,13.836262075803083
ISIC_0024316,otsu,0.44174074074074077,0.8335608236545273,0.9092262584375371,0.9263851851851852,0.8346021631592185,0.999011477476282,0.9985053966215945,0.16664710321120146,31.285770697468458,13.266399701622653
ISIC_0024316,adaptive,0.44174074074074077,0.1914060534920768,0.3213111985306019,0.6428111111111111,0.1914060534920768,1.0,1.0,0.8085939465079232,138.17560549546843,62.01902967741361
ISIC_0024316,kmeans,0.44174074074074077,0.6130473787026401,0.7601108148425358,0.829062962962963,0.6130627986920433,0.9999800968619386,0.9999589732368749,0.3869623543221263,107.92705813615251,37.74891012899232
ISIC_0024316,watershed,0.44174074074074077,0.6684581202314077,0.8012884616351,0.8535444444444444,0.6684581202314077,1.0,1.0,0.3315418797685923,53.150729063673246,28.735125287400347
ISIC_0024317,otsu,0.36368518518518517,0.9174926848036288,0.9569712490429548,0.9698185185185185,0.9228372116706554,0.9966706440441198,0.9937273823884197,0.0829879321757727,17.05869692828073,5.222529810678337
ISIC_0024317,adaptive,0.36368518518518517,0.6331390188801033,0.7753645116069389,0.8652777777777778,0.6393095371454759,0.9944297313815081,0.984984466689679,0.37043637659758644,70.00714249274856,21.74368581905182
ISIC_0024317,kmeans,0.36368518518518517,0.5035999796323641,0.6698589870365604,0.8194666666666667,0.5035999796323641,1.0,1.0,0.4964000203676358,70.10991318456597,39.62856567544871
ISIC_0024317,watershed,0.36368518518518517,0.7507201237696826,0.8576129486113614,0.9092925925925925,0.7511176740159886,0.9996973312767382,0.9992954693258184,0.24941188451550486,46.748258031190936,18.195213821439665
ISIC_0024318,otsu,0.21752222222222223,0.8010133012864283,0.8895140315890842,0.9460333333333333,0.9987059644821303,0.9313907861541447,0.8018455228981545,0.24809725698523777,30.0,14.015716164194691
ISIC_0024318,adaptive,0.21752222222222223,0.5490275199741748,0.7088673543815776,0.8965185185185185,0.5791660281622993,0.9847398340504286,0.9134240983914713,0.4757283206483799,90.52071586106685,29.298507592573802
ISIC_0024318,kmeans,0.21752222222222223,0.8451956401627405,0.916104094076655,0.9657555555555556,0.859529039178628,0.9952856311148346,0.9806515531208112,0.15742963681871583,33.05748495240638,9.917616917439481
ISIC_0024318,watershed,0.21752222222222223,0.862930010055151,0.9264223619754823,0.9666777777777777,0.9644140232585857,0.9673070824399226,0.8913105054447032,0.15318996781937988,24.01353579430361,8.780314972555503
ISIC_0024319,otsu,0.2041814814814815,0.7770829934931941,0.874560159923302,0.9544481481481482,0.7777032052095993,0.999795225972793,0.9989747891327648,0.22309492281739193,26.40075756488817,12.275993095389401
ISIC_0024319,adaptive,0.2041814814814815,0.5354431752458069,0.6974444692947865,0.9048037037037037,0.5373759727185329,0.9990738629224046,0.9933275214592274,0.4662337426762684,74.7305151577944,25.47995348929703
ISIC_0024319,kmeans,0.2041814814814815,0.6113660686752889,0.7588171062555582,0.9206481481481481,0.6113660686752889,1.0,1.0,0.38863393132471113,41.06092311927584,23.07537053383908
ISIC_0024319,watershed,0.2041814814814815,0.5858985289049321,0.7388852669022864,0.9154481481481481,0.5858985289049321,1.0,1.0,0.41410147109506795,43.95565669366612,24.886832608310872
ISIC_0024320,otsu,0.3228962962962963,0.815813342507741,0.8985652031624094,0.9345666666666667,0.8975705994356633,0.9522093010535068,0.8995620135879249,0.20264504140763,143.85547610369952,31.162009685390974
ISIC_0024320,adaptive,0.3228962962962963,0.2838615098692643,0.44219957945178984,0.6689,0.4064485788350806,0.7940574779288692,0.4848464117123897,1.0254066206326995,201.13974748416442,71.05456634602804
ISIC_0024320,kmeans,0.3228962962962963,0.6974507518754455,0.8217625767402795,0.9009666666666667,0.7070266798192287,0.9934525046767824,0.9809507137514522,0.3067032185542887,54.70831746635972,19.976635256707457
ISIC_0024320,watershed,0.3228962962962963,0.6733384740894716,0.8047845483931291,0.8917407407407407,0.6910944919822899,0.9874246518395344,0.9632454036770584,0.3352756302906563,58.839592526755396,25.06345388297396
ISIC_0024321,otsu,0.11850370370370371,0.6327832237250279,0.7750976547657046,0.9451962962962963,0.7969121140142518,0.9651308381371742,0.7544456608574726,0.46246405800725093,123.19034389892492,27.788933874138944
ISIC_0024321,adaptive,0.11850370370370371,0.09129925868123293,0.16732213085448694,0.887862962962963,0.09507438429803726,0.9944412698946237,0.6969072164948453,0.9462745343167897,169.2128799551305,52.87606360535708
ISIC_0024321,kmeans,0.11850370370370371,0.33729518371400197,0.5044438771958323,0.9209074074074074,0.33969871233904236,0.99904203290701,0.9794539064612058,0.6674271783972997,84.50828195638547,30.715134381586747
ISIC_0024321,watershed,0.11850370370370371,0.5772268408551069,0.7319515822367801,0.947262962962963,0.6076072009001126,0.992924488664056,0.920284023668639,0.4450243780472559,64.62197768561404,18.4237862749608
ISIC_0024322,otsu,0.12372962962962963,0.4939573720061525,0.6612737167230475,0.8891148148148148,0.8747867213458257,0.8911379457549462,0.5315387413604947,0.8961894213787529,161.94844586280513,48.49547017245115
ISIC_0024322,adaptive,0.12372962962962963,0.0,0.0,0.8126037037037037,0.0,0.9273435815937073,0.0,1.5145628161762505,281.4778852239018,150.11187799491202
ISIC_0024322,kmeans,0.12372962962962963,0.7143483727594374,0.833375974347166,0.9638185185185185,0.7312838626635136,0.9966524791519614,0.9685988422805487,0.2924237435268058,29.01377674149944,12.50445214498108
ISIC_0024322,watershed,0.12372962962962963,0.6955202101269518,0.8204210200182454,0.9613592592592592,0.7133834226359745,0.9963735190812915,0.9652490886998785,0.3122998174035382,32.67261044158633,13.296329257183132
ISIC_0024323,otsu,0.3327888888888889,0.7589790516029936,0.8629767943072664,0.9180555555555555,0.775399819705519,0.9892088128028776,0.9728552278820375,0.24623551801275417,38.57972151916193,12.305460510959438
ISIC_0024323,adaptive,0.3327888888888889,0.2957371418633972,0.4564770620653788,0.7600185185185185,0.3028168230331764,0.988059751203184,0.9267370572207084,0.7211222774976906,145.01275802621558,45.68507489003785
ISIC_0024323,kmeans,0.3327888888888889,0.21061352490464064,0.34794510481159635,0.7370962962962962,0.21077760341891758,0.9996114284445481,0.996317533799779,0.7900014468075635,212.2513826650199,65.43706025535766
ISIC_0024323,watershed,0.3327888888888889,0.52457595091479,0.6881598133566638,0.8415851851851852,0.5252356626935105,0.9993727344890562,0.9976113471579259,0.47602194695780886,98.8086510797593,33.02819575654567
ISIC_0024324,otsu,0.1318851851851852,0.5691308718450295,0.7254090554930309,0.941262962962963,0.5882782442640906,0.9948888822523049,0.9459044522712905,0.4453649358308293,38.439554504095334,16.066797620776246
ISIC_0024324,adaptive,0.1318851851851852,0.14021394278013308,0.24594321735490385,0.8865814814814815,0.1402454435676374,0.9999658689966765,0.9984006397441023,0.8599792187368362,156.54152803038295,56.67660628193596
ISIC_0024324,kmeans,0.1318851851851852,0.4593008563807385,0.6294806918977162,0.9286777777777778,0.45937824707236935,0.9999744017475074,0.9996333414813005,0.5407902496559859,52.097770542341266,22.307628112626997
ISIC_0024324,watershed,0.1318851851851852,0.27967315306208407,0.43710091501546966,0.9049888888888888,0.2797045690696172,0.9999829344983382,0.9995985547972702,0.7204077620826196,109.81233891759369,40.36134384070344
ISIC_0024325,otsu,0.334762962962963,0.7751252807062181,0.8733189585332718,0.9247111111111112,0.7752196136569823,0.9999387575578741,0.9998430365296803,0.22490208660633285,46.64545689782197,15.807440431097158
ISIC_0024325,adaptive,0.334762962962963,0.2186199149835914,0.3587991830685536,0.7372074074074074,0.21963578430287878,0.9976616522097387,0.9792817679558011,0.7850109530236984,151.32150951757976,59.329634618799616
ISIC_0024325,kmeans,0.334762962962963,0.40010621113889316,0.5715369419201897,0.7991777777777778,0.40010621113889316,1.0,1.0,0.5998937888611068,86.1278120005379,49.166829324707976
ISIC_0024325,watershed,0.334762962962963,0.565828778793176,0.7227211384239273,0.8546555555555555,0.565828778793176,1.0,1.0,0.43417122120682405,72.92117849671745,32.9755262638305
ISIC_0024326,otsu,0.075,0.7732839506172839,0.8721490434152998,0.9829962962962963,0.7732839506172839,1.0,1.0,0.22671604938271606,18.439088914585774,8.343582312298771
ISIC_0024326,adaptive,0.075,0.7780959905194549,0.8752013329630658,0.9833555555555555,0.7781728395061729,0.999991991991992,0.9998730964467005,0.22192592592592592,20.542464725073287,7.870176405112033
ISIC_0024326,kmeans,0.075,0.7135308641975309,0.8328193896077697,0.9785148148148148,0.7135308641975309,1.0,1.0,0.28646913580246913,22.360679774997898,11.00465447040823
ISIC_0024326,watershed,0.075,0.6389135802469136,0.7796794021935639,0.9729185185185185,0.6389135802469136,1.0,1.0,0.3610864197530864,27.191905336553297,13.955738706066489
ISIC_0024327,otsu,0.2796,0.8435302996200135,0.9151249640907785,0.9562296296296297,0.8439437291368622,0.9998097764616365,0.9994195896341846,0.15654638902135326,25.495097567963924,10.537951567462265
ISIC_0024327,adaptive,0.2796,0.6085159211273559,0.7566178402522333,0.8902148148148148,0.6103295713453081,0.9988432352396817,0.9951403887688985,0.3926508769141101,88.01163235095576,23.85922917243161
ISIC_0024327,kmeans,0.2796,0.5314337943093308,0.69403430469419,0.8689888888888889,0.5314337943093308,1.0,1.0,0.4685662056906692,97.86872241060196,38.238308121499976
ISIC_0024327,watershed,0.2796,0.7038346910391416,0.8261772045618864,0.9171888888888889,0.703862660944206,0.9999845764698624,0.9999435442895049,0.29617707836591955,53.70329874142096,20.73939688425396
ISIC_0024328,otsu,0.4391148148148148,0.7637880895182704,0.8660769330026237,0.8962111111111111,0.7642648088325841,0.9995113544067248,0.9991839975299385,0.23635934244819123,47.737779900136196,16.775100122902884
ISIC_0024328,adaptive,0.4391148148148148,0.2547403892903247,0.40604477462370475,0.6707222222222222,0.25631531447946626,0.9951597672990445,0.976447529079108,0.7498671569909161,121.09582485613133,59.82989926227396
ISIC_0024328,kmeans,0.4391148148148148,0.1315947065223809,0.23258275381438995,0.6186703703703703,0.1315947065223809,1.0,1.0,0.8684052934776191,236.26140026942284,87.74595499091355
ISIC_0024328,watershed,0.4391148148148148,0.20613861219119273,0.34181579149796154,0.6514037037037037,0.20613861219119273,1.0,1.0,0.7938613878088073,143.3204322845849,66.16318860733601
ISIC_0024329,otsu,0.09427777777777778,0.6107176649367778,0.7583174608825676,0.9497148148148148,0.8367707719505009,0.9614713038500071,0.693314237354339,0.533372618346101,127.02649435254251,29.367598540678497
ISIC_0024329,adaptive,0.09427777777777778,0.35199378377423796,0.5207032576608585,0.9320481481481482,0.3915144372421921,0.9883129894293484,0.7771366188396757,0.720762129247692,72.64157566732723,28.04670715927894
ISIC_0024329,kmeans,0.09427777777777778,0.3401689255549008,0.5076508178460456,0.9377925925925926,0.3401689255549008,1.0,1.0,0.6598310744450991,80.02624194892776,26.664195224464223
ISIC_0024329,watershed,0.09427777777777778,0.4772368232083872,0.6461209410849699,0.9460740740740741,0.5221763897073266,0.9901981230448383,0.847217795907961,0.5719897858966804,58.270482917906364,22.0469192329999
ISIC_0024330,otsu,0.2361925925925926,0.886681960018808,0.9399379215031757,0.9705444444444444,0.975820109138807,0.9689130476947844,0.9066010110575312,0.12470990403311798,21.195515934211926,7.8170672494501865
ISIC_0024330,adaptive,0.2361925925925926,0.330177716490293,0.49644150912627694,0.8398851851851852,0.3341591921219344,0.9962711174040383,0.9651705240273563,0.6778993915825127,72.08814022447771,24.90565106472245
ISIC_0024330,kmeans,0.2361925925925926,0.6363664702765048,0.7777798944621187,0.9135925925925926,0.6402182776139999,0.9981282851989061,0.9906342504974038,0.36583453553283574,91.7877987534291,23.80343586386834
ISIC_0024330,watershed,0.2361925925925926,0.9030155345720378,0.9490364299891159,0.9764148148148148,0.9297497334253277,0.990845084081696,0.9691402419091206,0.09985573605971272,14.016050981428183,6.021726122583008
ISIC_0024331,otsu,0.2640222222222222,0.7612589184503568,0.864448617378926,0.9336962962962962,0.8007603175939174,0.9813853075274012,0.9391431673850811,0.251129253990966,46.14108798023731,14.575664495249754
ISIC_0024331,adaptive,0.2640222222222222,0.1451931209472794,0.2535696701132447,0.7641777777777777,0.15171281878629744,0.9838914218424469,0.7716181506849316,0.8931908088544736,169.90143867285164,46.32729949392848
ISIC_0024331,kmeans,0.2640222222222222,0.11418791908649664,0.20497066451791604,0.7661259259259259,0.11418791908649664,1.0,1.0,0.8858120809135034,187.0918220815704,83.73119596432873
ISIC_0024331,watershed,0.2640222222222222,0.42304789063155246,0.5945659220840455,0.8471333333333333,0.42454338860365287,0.9987318457682901,0.9917420369642155,0.5789916673680666,87.66413177577246,34.125501529151215
ISIC_0024332,otsu,0.29005555555555557,0.8897437465598435,0.9416554473902237,0.9666148148148148,0.9288258954223328,0.9820538904974306,0.9548443837702314,0.11509927855455532,26.22392854713206,7.483820918397782
ISIC_0024332,adaptive,0.29005555555555557,0.2806579247723641,0.438302718225479,0.7899148148148148,0.28258954223328864,0.9971880950517776,0.9762240846934275,0.7242929196194854,97.62760542810527,35.533073292795066
ISIC_0024332,kmeans,0.29005555555555557,0.7708950875326189,0.8706276198515001,0.9330148148148149,0.7770669731213689,0.9967290085296189,0.9898020591057691,0.23093915597267445,50.695167422546305,15.0933918176231
ISIC_0024332,watershed,0.29005555555555557,0.8058152923462352,0.8924670156040891,0.9431592592592593,0.8132030900849135,0.9962542713305684,0.9888516241227253,0.19596501308816958,43.93155396125817,12.507848109892935
ISIC_0024333,otsu,0.3609703703703704,0.8095136518771331,0.8947306377460804,0.9305444444444444,0.8177033100080031,0.9942853168577357,0.9877790309986242,0.19241345344852354,82.38567442706362,16.87317024085173
ISIC_0024333,adaptive,0.3609703703703704,0.37156302930109436,0.5418096308566019,0.7705111111111111,0.375890090496809,0.9934217389792394,0.9699496955255493,0.6357554739283002,99.26731280321812,32.532128243376214
ISIC_0024333,kmeans,0.3609703703703704,0.14702957609308523,0.256365797635114,0.6918407407407408,0.1471547885329667,0.9995189465509047,0.9942461005199307,0.8536968254293982,262.23577168483064,78.36967008175321
ISIC_0024333,watershed,0.3609703703703704,0.5329523458383261,0.6953280019241176,0.8311,0.5339311731751862,0.9989625473808669,0.9965719976252945,0.46790544006894996,105.80256457350657,32.857044815137506
ISIC_0024334,otsu,0.2949148148148148,0.8654375688394913,0.9278654866781624,0.9601814814814815,0.8683612342547126,0.9985869844988523,0.9961247010689487,0.13501701684102127,19.313207915827967,9.195688803910743
ISIC_0024334,adaptive,0.2949148148148148,0.30099998745310597,0.46272096903299226,0.793662962962963,0.30127971667901593,0.9996112894160412,0.9969248670212766,0.6996496163361674,94.57801012920498,38.51925971482765
ISIC_0024334,kmeans,0.2949148148148148,0.5830308814849234,0.7366007679370419,0.8770296296296296,0.5830308814849234,1.0,1.0,0.41696911851507656,63.0,30.846251505971132
ISIC_0024334,watershed,0.2949148148148148,0.7344858322975908,0.8469205324377339,0.9216703703703704,0.734725658382207,0.9998634260110415,0.9995557833589612,0.26560086402853306,51.0,18.679017171369324
ISIC_0024335,otsu,0.04974074074074074,0.6572598659717052,0.7931886597474952,0.9829518518518519,0.6572598659717052,1.0,1.0,0.34274013402829484,23.769728648009426,11.102536900032922
ISIC_0024335,adaptive,0.04974074074074074,0.6185742897411172,0.7643446379468377,0.9809555555555556,0.6209233060312732,0.9998012238375492,0.9939213349225268,0.38287416232315713,32.36657789735455,11.5961319419404
ISIC_0024335,kmeans,0.04974074074074074,0.5843633655994043,0.7376633142212614,0.9793259259259259,0.5843633655994043,1.0,1.0,0.4156366344005957,28.0,13.76032974191963
ISIC_0024335,watershed,0.04974074074074074,0.46790766939687267,0.6375164857461703,0.9735333333333334,0.46790766939687267,1.0,1.0,0.5320923306031273,34.20526275297414,18.477626342494286
ISIC_0024336,otsu,0.19284444444444446,0.8446432963166159,0.9157795417717884,0.9695851851851852,0.8574748405930706,0.9963704274727897,0.982591663365465,0.1577168318352923,43.21561751149686,8.922324350783125
ISIC_0024336,adaptive,0.19284444444444446,0.2169304069956564,0.3565206453033114,0.8484296296296296,0.21773450103710532,0.9991144026577098,0.9832610581092801,0.7859721902127986,142.98950394306934,46.70139239417797
ISIC_0024336,kmeans,0.19284444444444446,0.45560868813735095,0.6260043538491985,0.8950111111111111,0.4556349389260198,0.9999862342382028,0.9998735617650778,0.5444226780364139,101.09277642422182,28.853321501602636
ISIC_0024336,watershed,0.19284444444444446,0.5115378718184606,0.6768442674916948,0.9056074074074074,0.5125989091188445,0.9995044325752988,0.9959698484961564,0.48947530152877006,94.76760943038838,31.719846461661074
ISIC_0024337,otsu,0.18372962962962963,0.0870166989242472,0.1601018622995621,0.6995,0.1558852581288931,0.8218591334570517,0.16455292164957228,1.635555465962465,178.53403019736237,78.95492346586502
ISIC_0024337,adaptive,0.18372962962962963,0.0,0.0,0.8108222222222222,0.0,0.9933255593417214,0.0,1.0296530731549982,302.858044301439,156.51871512447696
ISIC_0024337,kmeans,0.18372962962962963,0.025600018020250255,0.04992203114361644,0.6795703703703704,0.045820146350313465,0.8222175840430503,0.054830539138825234,1.74402806055597,224.53529001577886,85.58563098000432
ISIC_0024337,watershed,0.18372962962962963,0.014944923144904207,0.029449722451137406,0.7688185185185186,0.019090047775515553,0.9375706124967671,0.06439548483612131,1.258270002217429,248.87727809435538,112.89304446263003
ISIC_0024338,otsu,0.28788148148148146,0.47090441102250935,0.6402923364614249,0.8446888888888889,0.4801615891313298,0.9920529250228842,0.9606692406692406,0.5394967064635653,73.058880286785,27.48276819272848
ISIC_0024338,adaptive,0.28788148148148146,0.059036098261081284,0.11149024732587967,0.728037037037037,0.05927079044874434,0.9983929017225597,0.9371440195280716,0.9447046109510087,226.24102192131292,100.0437393722515
ISIC_0024338,kmeans,0.28788148148148146,0.0,0.0,0.6636666666666666,0.0,0.9319609719563952,0.0,1.1683048579662412,363.01377289227105,175.78705271752372
ISIC_0024338,watershed,0.28788148148148146,0.0,0.0,0.6668666666666667,0.0,0.936454605974869,0.0,1.1571891724989707,381.89654611130686,200.98871269454781
ISIC_0024339,otsu,0.09848518518518519,0.8169511919981951,0.8992549668874172,0.9819703703703704,0.8170433605355195,0.9999876750654249,0.9998619356620185,0.18306945959159113,13.416407864998739,7.324020918762788
ISIC_0024339,adaptive,0.09848518518518519,0.8096275157705016,0.8948001825953438,0.9812222222222222,0.8108758602534692,0.9998315592274731,0.9981021154469286,0.19066601481704337,16.99558441227157,7.2506506583439405
ISIC_0024339,kmeans,0.09848518518518519,0.5383024331540747,0.6998655421097665,0.9545296296296296,0.5383024331540747,1.0,1.0,0.46169756684592533,36.40054944640259,19.967533874014315
ISIC_0024339,watershed,0.09848518518518519,0.6595088563799781,0.794824147933285,0.9664666666666667,0.6595088563799781,1.0,1.0,0.3404911436200218,31.862964029312923,14.310939531329062
ISIC_0024340,otsu,0.22266666666666668,0.6137489609310058,0.7606498604056992,0.9139518518518519,0.6140552228875582,0.9998570611778159,0.9991880260914283,0.3864437791084498,89.03200329193453,29.37974527398572
ISIC_0024340,adaptive,0.22266666666666668,0.1524081958488558,0.264503838826993,0.8112444444444444,0.1524284763805722,0.999961882980751,0.9991277802006105,0.8477045908183632,101.8489058843728,58.61538611153645
ISIC_0024340,kmeans,0.22266666666666668,0.0742348636061211,0.13820974559868696,0.793862962962963,0.0742348636061211,1.0,1.0,0.9257651363938789,209.88870073332112,92.51171505610262
ISIC_0024340,watershed,0.22266666666666668,0.24575848303393213,0.3945523733226517,0.8320555555555555,0.24575848303393213,1.0,1.0,0.7542415169660679,103.46738613767084,53.651854447044535
ISIC_0024341,otsu,0.1771222222222222,0.8889306050935486,0.9411998542418922,0.9802777777777778,0.8911611567655731,0.9994598900876328,0.9971921943001544,0.11134809610438492,12.041594578792296,6.025823719345101
ISIC_0024341,adaptive,0.1771222222222222,0.32850635239050485,0.4945499158500716,0.8809814814814815,0.32873303640507706,0.999851469774099,0.9979052938936143,0.6719570081341614,90.50716275496086,29.515746682918298
ISIC_0024341,kmeans,0.1771222222222222,0.8509624427863816,0.9194810473899936,0.9735888888888888,0.8513894987767392,0.9998919780175266,0.9994108983799705,0.14911235179725238,15.811388300841896,8.220255300271788
ISIC_0024341,watershed,0.1771222222222222,0.6755321373311588,0.8063493648139367,0.9425259259259259,0.6755745143550175,0.9999864972521908,0.9999071523629723,0.32448821696673147,34.9928556845359,18.93813984930279
ISIC_0024342,otsu,0.23813333333333334,0.6483441818750085,0.7866611706512778,0.9041555555555556,0.7420523827298743,0.9548234356162253,0.8369763525366641,0.4024822695035461,116.0,32.05185183905627
ISIC_0024342,adaptive,0.23813333333333334,0.25241064006650044,0.4030796800849567,0.8001444444444444,0.28336132885405,0.9616730836541827,0.6979657510630962,0.8392590518850317,125.86500705120545,49.26719277712129
ISIC_0024342,kmeans,0.23813333333333334,0.2532714657923241,0.40417654547365717,0.8110555555555555,0.2691147194226701,0.9804476334927857,0.8113950762016413,0.7934397163120568,92.65527507918802,46.73242881288001
ISIC_0024342,watershed,0.23813333333333334,0.33875830666994833,0.5060783637826037,0.8407925925925926,0.3425096429015802,0.9965387158246801,0.9686812703439782,0.6685641408485753,96.83155474293648,38.48739084529884
ISIC_0024343,otsu,0.32589259259259257,0.8711269443278383,0.9311254342935794,0.9579296296296296,0.8726119716789217,0.9991758649297562,0.9980502261737638,0.12909274812196703,16.0,7.698211709899206
ISIC_0024343,adaptive,0.32589259259259257,0.4564925465768419,0.6268381498411715,0.8216148148148148,0.45974020070234456,0.9965606096401827,0.9847610701331581,0.5473741632666977,71.26918173994886,22.88341789385214
ISIC_0024343,kmeans,0.32589259259259257,0.40351854166903434,0.575009919269294,0.8056111111111111,0.40351854166903434,1.0,1.0,0.5964814583309657,101.3797211459887,39.839611237025444
ISIC_0024343,watershed,0.32589259259259257,0.7856712618335966,0.8799730147718666,0.9301518518518519,0.7856712618335966,1.0,1.0,0.21432873816640338,23.853720883753127,13.083976093421946
ISIC_0024344,otsu,0.07089259259259259,0.6752520766940077,0.8061498160044908,0.9769777777777777,0.6752520766940077,1.0,1.0,0.3247479233059924,21.470910553583888,11.759694570731153
ISIC_0024344,adaptive,0.07089259259259259,0.7149300155520996,0.8337716514011064,0.9796333333333334,0.7204952719293662,0.9994060408436611,0.9893113342898134,0.28728906535708687,24.758836806279895,9.218634722765557
ISIC_0024344,kmeans,0.07089259259259259,0.5340368841753305,0.6962503831352382,0.9669666666666666,0.5340368841753305,1.0,1.0,0.46596311582466954,27.018512172212592,17.91892517929513
ISIC_0024344,watershed,0.07089259259259259,0.35154903087612976,0.5202164669501352,0.9540296296296297,0.35154903087612976,1.0,1.0,0.6484509691238702,51.61927911912377,25.97745780441757
ISIC_0024345,otsu,0.38317407407407406,0.32120770060447107,0.48623346723988065,0.6760074074074074,0.4001179233884609,0.8473907639468485,0.6195836015027466,0.8455493586707521,118.2746797490978,47.65435911908082
ISIC_0024345,adaptive,0.38317407407407406,0.012932122129699722,0.02553403500031139,0.594337037037037,0.013870496921426292,0.9549245540190822,0.16047864012525162,1.058691050388084,304.3527522820154,137.2132024611753
ISIC_0024345,kmeans,0.38317407407407406,0.12556954724598673,0.22312179207979982,0.6630851851851852,0.12626501831678863,0.9965594471097554,0.957978879436785,0.8792735146002687,150.41525103172307,80.23199235570968
ISIC_0024345,watershed,0.38317407407407406,0.2262415997377479,0.3690000400999826,0.6503185185185185,0.26683549687309704,0.8885392961577491,0.5979336784422448,0.9125917047662314,123.0077232078285,52.784091145294
ISIC_0024346,otsu,0.17383703703703704,0.521838247826828,0.6857998852006888,0.9168777777777778,0.521838247826828,1.0,1.0,0.47816175217317197,73.96350036084016,26.350838230141292
ISIC_0024346,adaptive,0.17383703703703704,0.2505722278738555,0.40073211652854746,0.8690333333333333,0.25189619907959776,0.9988882114550084,0.9794548918896528,0.7533875916141128,106.64961130618809,38.68303466158059
ISIC_0024346,kmeans,0.17383703703703704,0.4419635247997273,0.6130023640661939,0.9029925925925926,0.4419635247997273,1.0,1.0,0.5580364752002727,72.00694410957877,29.65361445854481
ISIC_0024346,watershed,0.17383703703703704,0.420807056417249,0.5923493334532968,0.8993148148148148,0.420807056417249,1.0,1.0,0.579192943582751,70.45565981523414,29.868154900500308
ISIC_0024347,otsu,0.16967037037037036,0.8151898734177215,0.898186889818689,0.9686370370370371,0.8153500251031411,0.9999598553006614,0.9997591070902813,0.18484643426251338,27.65863337187866,10.412546327042877
ISIC_0024347,adaptive,0.16967037037037036,0.7438409732782968,0.8531064296303679,0.9563296296296296,0.7473969134050774,0.9990231456494297,0.9936444367055546,0.2573835978258497,51.795747546362556,14.550974847991066
ISIC_0024347,kmeans,0.16967037037037036,0.5712383488681758,0.7271186440677966,0.9272518518518519,0.5712383488681758,1.0,1.0,0.42876165113182424,55.118043174116174,26.420028328569494
ISIC_0024347,watershed,0.16967037037037036,0.6781185201353268,0.8081890665036484,0.9453814814814815,0.6781777302394622,0.9999821579114051,0.9998712667353244,0.3219095850341621,48.119619899705945,18.717554073351202
ISIC_0024348,otsu,0.2527740740740741,0.8395157173072715,0.9127573191232912,0.9592518518518518,0.8432797550147255,0.9984832788932893,0.9947112808724659,0.16120382716230275,23.0,8.647726687052074
ISIC_0024348,adaptive,0.2527740740740741,0.15341854153900025,0.26602405980797694,0.7851,0.15406819147533296,0.9985675411769954,0.9732506479081822,0.8501663028029715,140.33161762544222,54.29403249031897
ISIC_0024348,kmeans,0.2527740740740741,0.7429571790627152,0.8525248789671867,0.9350148148148149,0.7430878108104148,0.9999405207409133,0.9997634395883849,0.2570880159416255,30.886890422961002,14.83458415277048
ISIC_0024348,watershed,0.2527740740740741,0.6309549945115258,0.7737245928119532,0.9066111111111111,0.6316576067048602,0.9996232980257843,0.9982401704256009,0.3694559627247286,72.97528539929662,24.519068399365395
ISIC_0024349,otsu,0.40504814814814816,0.7869613704089654,0.8807816256586014,0.9136814814814814,0.7872132256796174,0.9997821174449224,0.9995936233701395,0.21310680943280635,33.0,15.299813137716257
ISIC_0024349,adaptive,0.40504814814814816,0.382942993642013,0.5538087909661751,0.7455074074074074,0.389921637116758,0.9875931447922957,0.9553499417510529,0.6283020765706866,120.13304256015651,33.51514999504719
ISIC_0024349,kmeans,0.40504814814814816,0.32714903577992555,0.49301024520983044,0.727462962962963,0.32714903577992555,1.0,1.0,0.6728509642200744,132.25749716037157,44.56061998939455
ISIC_0024349,watershed,0.40504814814814816,0.3528981465395061,0.5216921132491197,0.7378925925925925,0.3528981465395061,1.0,1.0,0.647101853460494,131.23109376359108,44.537454813764995
ISIC_0024350,otsu,0.11878148148148149,0.769043684325403,0.8694456684586235,0.9725666666666667,0.769043684325403,1.0,1.0,0.23095631567459698,20.248456731316587,11.059871246392111
ISIC_0024350,adaptive,0.11878148148148149,0.5659630195503726,0.7228306319939469,0.9484444444444444,0.5659630195503726,1.0,1.0,0.4340369804496274,65.76473218982953,21.578434811294755
ISIC_0024350,kmeans,0.11878148148148149,0.5628137569767079,0.7202569781129666,0.9480703703703703,0.5628137569767079,1.0,1.0,0.43718624302329206,34.00147027033899,22.202960920830584
ISIC_0024350,watershed,0.11878148148148149,0.588569112282124,0.741005358509824,0.9511296296296297,0.588569112282124,1.0,1.0,0.41143088771787595,32.0,20.644062183577528
ISIC_0024351,otsu,0.4464111111111111,0.7902690687103945,0.8828494917578599,0.9063481481481481,0.7904854352822096,0.9997792184332537,0.9996537650428597,0.20978835320374012,54.70362827524386,17.125504922172645
ISIC_0024351,adaptive,0.4464111111111111,0.18965703147679674,0.3188432068381312,0.6381518518518519,0.18971053090076412,0.9997725280827463,0.9985152838427948,0.8105715542059719,142.8661960693694,53.34714745118772
ISIC_0024351,kmeans,0.4464111111111111,0.41658162630360657,0.5881505429244123,0.7395555555555555,0.41658162630360657,1.0,1.0,0.5834183736963935,134.35289348353024,55.16011273863679
ISIC_0024351,watershed,0.4464111111111111,0.4065676050144776,0.5780989176276286,0.7350851851851852,0.4065676050144776,1.0,1.0,0.5934323949855224,147.27847705093774,57.158072934033726
ISIC_0024352,otsu,0.07402222222222223,0.6560780390195098,0.7923274429844435,0.9745370370370371,0.6562093465425798,0.9999840008959499,0.9996950987117921,0.34399079355548884,38.04731931759172,12.93065557382091
ISIC_0024352,adaptive,0.07402222222222223,0.669182704323919,0.80180881648299,0.9754888888888888,0.6698188732112479,0.9999240042557617,0.9985827241533641,0.3311317922545782,41.32424101421236,11.832605758562218
ISIC_0024352,kmeans,0.07402222222222223,0.41008706094265984,0.5816478603363849,0.9563333333333334,0.41008706094265984,1.0,1.0,0.5899129390573401,52.893734649641814,24.971217066123334
ISIC_0024352,watershed,0.07402222222222223,0.5178071228491397,0.6823095175322963,0.9642962962962963,0.5179625738016611,0.9999760013439247,0.9994207375941302,0.4823376363454418,46.23310470604622,17.82361420127812
ISIC_0024353,otsu,0.15434074074074075,0.7740689191783452,0.8726480812671618,0.9651296296296297,0.7740689191783452,1.0,1.0,0.22593108082165483,20.103480325530224,11.365868109796441
ISIC_0024353,adaptive,0.15434074074074075,0.5272518095968554,0.6904582548650345,0.9269481481481482,0.5278844307928585,0.9997810167828738,0.9977322206095791,0.4733154156267998,59.36328831862332,22.205154240086486
ISIC_0024353,kmeans,0.15434074074074075,0.4056920714148589,0.577213288265219,0.9082740740740741,0.4056920714148589,1.0,1.0,0.5943079285851411,70.68766411885466,33.41873597273891
ISIC_0024353,watershed,0.15434074074074075,0.6166970627759647,0.7629098573570231,0.9408407407407408,0.6166970627759647,1.0,1.0,0.3833029372240353,44.749292952236004,20.760393487626352
ISIC_0024354,otsu,0.33145555555555556,0.7738063453922485,0.8724812011213476,0.9246925925925926,0.7772563217234868,0.9977895594076684,0.9942965779467681,0.22720212754070152,40.467257866298084,15.401729231178008
ISIC_0024354,adaptive,0.33145555555555556,0.06989373470550769,0.13065547061035218,0.6917111111111112,0.06989373470550769,1.0,1.0,0.9301062652944923,229.14133182191128,111.89594833725043
ISIC_0024354,kmeans,0.33145555555555556,0.40480261026002035,0.5763124403436207,0.8027185185185185,0.40480261026002035,1.0,1.0,0.5951973897399797,110.09586399068259,47.83345081694241
ISIC_0024354,watershed,0.33145555555555556,0.2941235627367504,0.45455251910374306,0.7660333333333333,0.2941235627367504,1.0,1.0,0.7058764372632497,125.93351409929585,57.539930894087156
ISIC_0024355,otsu,0.12561851851851852,0.5804758675590412,0.7345583434381121,0.9473,0.5804758675590412,1.0,1.0,0.4195241324409588,40.88271714530477,19.825630938638117
ISIC_0024355,adaptive,0.12561851851851852,0.48802051100698435,0.6559325054958113,0.9356555555555556,0.488250729722558,0.9999322272251708,0.999034749034749,0.5122210101129228,58.00861812854691,23.519073680270747
ISIC_0024355,kmeans,0.12561851851851852,0.39236960816109917,0.5635997882477501,0.9236703703703704,0.39236960816109917,1.0,1.0,0.6076303918389009,54.45181356024793,31.818001511433444
ISIC_0024355,watershed,0.12561851851851852,0.4266591974526049,0.598123501694635,0.9279777777777778,0.4266591974526049,1.0,1.0,0.5733408025473951,53.749417796520035,28.58816302735628
ISIC_0024356,otsu,0.2354851851851852,0.43025432125949575,0.6016472942806559,0.8658333333333333,0.43025432125949575,1.0,1.0,0.5697456787405042,76.05918747922567,35.56795328856091
ISIC_0024356,adaptive,0.2354851851851852,0.09263773768893223,0.16956715751896476,0.7863296296296296,0.09263773768893223,1.0,1.0,0.9073622623110678,144.12633346169451,69.66916900216717
ISIC_0024356,kmeans,0.2354851851851852,0.12846605117881127,0.22768261578558585,0.7947666666666666,0.12846605117881127,1.0,1.0,0.8715339488211887,237.5207003659013,91.20911743197385
ISIC_0024356,watershed,0.2354851851851852,0.1778833299256067,0.30203896329331964,0.8064037037037037,0.1778833299256067,1.0,1.0,0.8221166700743933,219.82947936980608,77.25774714623853
ISIC_0024357,otsu,0.4001222222222222,0.5226536170998569,0.6865036292303122,0.8085222222222223,0.5239695278294595,0.9983206455636024,0.9952178346636661,0.47854822137680153,75.0066663703967,36.12853291875404
ISIC_0024357,adaptive,0.4001222222222222,0.06223376239362046,0.11717526705870072,0.624125925925926,0.062342062147677096,0.998839269727784,0.9728441427126968,0.9393981468625328,218.95193425771893,101.20198100387705
ISIC_0024357,kmeans,0.4001222222222222,0.37811594605352067,0.5487433000631372,0.7511703703703704,0.37811594605352067,1.0,1.0,0.6218840539464793,98.97095460199036,50.65625323534335
ISIC_0024357,watershed,0.4001222222222222,0.21961807966084437,0.360142381165613,0.6877518518518518,0.21961807966084437,1.0,1.0,0.7803819203391557,128.00624976160614,75.20968748778932
ISIC_0024358,otsu,0.17474814814814815,0.803718352757038,0.8911794366659631,0.9656296296296296,0.8053706922131322,0.9995646671274313,0.9974538009239815,0.19668517655037937,30.0,9.09060806733057
ISIC_0024358,adaptive,0.17474814814814815,0.33566152348297246,0.5026146483694102,0.8837481481481482,0.33612394557246406,0.9997082820957014,0.99591811102738,0.665253698444322,100.45486882785787,25.726012908469915
ISIC_0024358,kmeans,0.17474814814814815,0.31422334315325434,0.47818865003467237,0.8801592592592593,0.31423000296723325,0.9999955120322416,0.9999325554731233,0.6857911915561019,105.34987843735773,27.904736771427316
ISIC_0024358,watershed,0.17474814814814815,0.4797569135645619,0.6484266559821416,0.9090037037037038,0.48020431520495105,0.9998025294186287,0.9980617593938593,0.5207282438217965,62.625873247404705,19.921403899839657
ISIC_0024359,otsu,0.3717925925925926,0.6365728288805211,0.7779340065372605,0.8648777777777777,0.6365855116353204,0.9999882086595604,0.9999687035443237,0.3634344118584635,91.19758768739445,31.147993772524522
ISIC_0024359,adaptive,0.3717925925925926,0.49505746675558,0.6622587796974825,0.8092962962962963,0.5028889065986611,0.9906376756909725,0.969502592663722,0.5129303474657316,105.53553598561628,39.014605558677914
ISIC_0024359,kmeans,0.3717925925925926,0.44685408033152696,0.617690597007732,0.7943444444444444,0.44685408033152696,1.0,1.0,0.553145919668473,96.31713738032157,49.28834795859619
ISIC_0024359,watershed,0.3717925925925926,0.4675545903729678,0.6371886857771231,0.8020407407407407,0.4675545903729678,1.0,1.0,0.5324454096270322,98.02678143274446,47.460476852464744
ISIC_0024360,otsu,0.056462962962962965,0.0,0.0,0.8909925925925926,0.0,0.944311200957783,0.0,1.9306001967858315,368.5585134453498,275.31498635924885
ISIC_0024360,adaptive,0.056462962962962965,0.42740841248303935,0.5988593155893536,0.9640518518518518,0.47523778287963264,0.9933033699044179,0.8094067701932744,0.6366677599212857,31.528744133054325,13.31061351216975
ISIC_0024360,kmeans,0.056462962962962965,0.0,0.0,0.9210518518518519,0.0,0.9761692606622049,0.0,1.3982289275172188,415.0243053637122,303.6363124779432
ISIC_0024360,watershed,0.056462962962962965,0.0,0.0,0.9272703703703704,0.0,0.9827599065769073,0.0,1.2880944571990818,418.30201815633916,312.35741915062613
ISIC_0024361,otsu,0.6127925925925926,0.35856491834588466,0.5278583503870451,0.6069333333333333,0.35856491834588466,1.0,1.0,0.6414350816541153,131.47205025669243,67.34775891768685
ISIC_0024361,adaptive,0.6127925925925926,0.09786405889250184,0.17828083194785463,0.4471777777777778,0.09786405889250184,1.0,1.0,0.9021359411074982,297.4054439512141,133.39433043081695
ISIC_0024361,kmeans,0.6127925925925926,0.16775659699977033,0.2873143212049066,0.4900074074074074,0.16775659699977033,1.0,1.0,0.8322434030002297,183.99021709029526,108.69083193049019
ISIC_0024361,watershed,0.6127925925925926,0.13753671715401258,0.24181499388980393,0.4714888888888889,0.13753671715401258,1.0,1.0,0.8624632828459874,174.89997134214454,117.76007617829609
ISIC_0024362,otsu,0.404,0.5314906490649065,0.6940827871060429,0.8107222222222222,0.5314906490649065,1.0,1.0,0.4685093509350935,84.0,42.15210083965982
ISIC_0024362,adaptive,0.404,0.3042439330201793,0.4665445248660736,0.7163814814814815,0.30698569856985697,0.9938913745960726,0.9714816211668456,0.702026035936927,118.06968252274244,50.160594748415356
ISIC_0024362,kmeans,0.404,0.4243215988265493,0.5958227399993563,0.767425925925926,0.4243215988265493,1.0,1.0,0.5756784011734507,89.44271909999159,52.09427401509662
ISIC_0024362,watershed,0.404,0.4202236890355702,0.5917711305335726,0.7657703703703703,0.4202236890355702,1.0,1.0,0.5797763109644298,95.21028661237638,54.36432454143783
ISIC_0024363,otsu,0.09344444444444444,0.8611974963586978,0.9254230118443316,0.9869407407407408,0.8671026555687673,0.999293214037668,0.9921541950113378,0.13975426080063416,13.892443989449804,5.1347518016441445
ISIC_0024363,adaptive,0.09344444444444444,0.7365744026496334,0.8483073360125332,0.9752555555555555,0.7404280618311534,0.9994607182252727,0.9929835751873705,0.2648038049940547,40.78294235372982,10.431533851319445
ISIC_0024363,kmeans,0.09344444444444444,0.6426872770511296,0.7824828085414405,0.9666111111111111,0.6426872770511296,1.0,1.0,0.3573127229488704,29.732137494637012,14.923430557355507
ISIC_0024363,watershed,0.09344444444444444,0.7116360177552314,0.8315272760952116,0.9730518518518518,0.7116924296472453,0.9999918290640193,0.9998886290232766,0.2883868410622275,21.400934559032695,11.372690630766277
ISIC_0024364,otsu,0.11858518518518518,0.6987944281341745,0.8226945138991029,0.9642814814814815,0.6987944281341745,1.0,1.0,0.30120557186582547,29.415981019531134,14.481768944650238
ISIC_0024364,adaptive,0.11858518518518518,0.5515335123992754,0.7109527547959821,0.9468185185185185,0.5515335123992754,1.0,1.0,0.4484664876007246,51.91913610484533,22.20818011652004
ISIC_0024364,kmeans,0.11858518518518518,0.6008807545755512,0.7506877109467975,0.9526703703703704,0.6008807545755512,1.0,1.0,0.39911924542444877,41.677331968349414,20.559433542673112
ISIC_0024364,watershed,0.11858518518518518,0.6105003435567493,0.7581499078832541,0.9538111111111112,0.6105003435567493,1.0,1.0,0.3894996564432507,40.44749683231337,19.223089591750266
ISIC_0024365,otsu,0.5786814814814815,0.6887625217001908,0.8157008612516664,0.8120851851851851,0.7186195949924478,0.9404602834136221,0.9431093714564102,0.3247292696039528,63.00793600809346,28.61890481145812
ISIC_0024365,adaptive,0.5786814814814815,0.03331708212768383,0.06448568925054687,0.43453703703703705,0.03367809323878037,0.9851172685396814,0.7565780014378145,0.9771575228488774,310.10401479850395,140.84459273937256
ISIC_0024365,kmeans,0.5786814814814815,0.34206199648408353,0.5097558792070904,0.6146481481481482,0.3462084944061852,0.9833503287738669,0.9661707182024398,0.6659135710811295,135.5359693202943,71.08763385922437
ISIC_0024365,watershed,0.5786814814814815,0.3945211835447403,0.5658159778425237,0.6423481481481481,0.40270986405877984,0.9714916136291712,0.9509854301432803,0.6180461329715061,131.57809478339362,66.60234585330885
ISIC_0024366,otsu,0.15175925925925926,0.731934106162294,0.8452216554406335,0.9593185185185186,0.731934106162294,1.0,1.0,0.2680658938377059,29.52283431213551,13.787273280331636
ISIC_0024366,adaptive,0.15175925925925926,0.19348383160463697,0.3242336870948613,0.8776037037037037,0.19348383160463697,1.0,1.0,0.806516168395363,147.29320354096797,48.638317184735065
ISIC_0024366,kmeans,0.15175925925925926,0.4026357535082367,0.5741130617855341,0.9093444444444444,0.4026357535082367,1.0,1.0,0.5973642464917632,57.73818540127462,35.2619345422529
ISIC_0024366,watershed,0.15175925925925926,0.5202928615009151,0.6844639933219893,0.9272,0.5202928615009151,1.0,1.0,0.4797071384990848,39.6232255123179,26.87219004033286
ISIC_0024367,otsu,0.0565962962962963,0.7955645688865629,0.8861442051954677,0.9884259259259259,0.7958248805706433,0.9999803705259521,0.9995890185763604,0.20450232314639094,13.892443989449804,5.658253677899295
ISIC_0024367,adaptive,0.0565962962962963,3.463563313937379e-05,6.926886710767845e-05,0.8930703703703704,6.54407434068451e-05,0.9466431636430733,7.357268981753973e-05,1.8893397028990249,178.7318161229551,101.16886222043404
ISIC_0024367,kmeans,0.0565962962962963,0.5557227930109286,0.7144239263029487,0.9748555555555556,0.5557227930109286,1.0,1.0,0.4442772069890714,26.019223662515376,13.70620425710702
ISIC_0024367,watershed,0.0565962962962963,0.5968850206138342,0.7475616752725186,0.9771851851851852,0.5968850206138342,1.0,1.0,0.4031149793861658,26.502635340902938,12.574691684592354
ISIC_0024368,otsu,0.3301851851851852,0.7561827205006268,0.8611663372761865,0.9128407407407407,0.818687605159843,0.9592535250207355,0.9082944434073797,0.26397083567021873,133.2613671452505,39.34439291142507
ISIC_0024368,adaptive,0.3301851851851852,0.15932504440497336,0.27485828098667076,0.7195259259259259,0.16098710039259675,0.9948576168095107,0.939144091087554,0.8494447560291644,226.35282192403392,71.13204236927523
ISIC_0024368,kmeans,0.3301851851851852,0.4997996259684745,0.6664885326207971,0.8335777777777778,0.5036231071228267,0.9962289189936412,0.9850372970601141,0.5040269209197981,79.42291785803708,38.40171201929929
ISIC_0024368,watershed,0.3301851851851852,0.7109904416428356,0.8310863980749845,0.9038037037037037,0.7167246214245654,0.9960243295548797,0.9888725528128144,0.2913404374649467,47.92744438623907,23.290946518896988
ISIC_0024369,otsu,0.23061851851851853,0.7139046717171718,0.8330739550431427,0.932862962962963,0.7264361539820451,0.9947384382837585,0.9764063376937357,0.29111728523937236,73.87995295773281,19.0859418923625
ISIC_0024369,adaptive,0.23061851851851853,0.6115308273453247,0.7589440015276651,0.9064925925925926,0.6382835209661618,0.9868870136184429,0.9358575868889517,0.40546356818218315,74.00135110466435,21.043460517969596
ISIC_0024369,kmeans,0.23061851851851853,0.45610034207525657,0.6264682850430697,0.8745666666666667,0.45610034207525657,1.0,1.0,0.5438996579247435,63.13398089124185,29.43871888956093
ISIC_0024369,watershed,0.23061851851851853,0.4940997029782452,0.6614012465076294,0.8832962962962962,0.49424253617485986,0.9999133503102541,0.9994154515636671,0.5060465415067371,68.57258471625211,27.13062150811973
ISIC_0024370,otsu,0.24062962962962964,0.8429004872965766,0.9147542074103638,0.9620296296296297,0.8466369093427736,0.9985953275130469,0.994791478279741,0.15779590580267816,49.36797319755086,11.867213902397676
ISIC_0024370,adaptive,0.24062962962962964,0.254369768586903,0.40557381875275994,0.8205185185185185,0.2544559027243343,0.9998926986294688,0.9986710160686239,0.7458827150992766,115.8355695455092,34.823087696992175
ISIC_0024370,kmeans,0.24062962962962964,0.3412190241649992,0.5088192428189444,0.8414777777777778,0.3412190241649992,1.0,1.0,0.6587809758350007,96.2338269985663,34.80909168313524
ISIC_0024370,watershed,0.24062962962962964,0.5719562875173156,0.7276999902085577,0.897,0.5719562875173156,1.0,1.0,0.4280437124826843,94.0,30.33863664505801
ISIC_0024371,otsu,0.6605185185185185,0.4291129303577436,0.6005304706750161,0.6229185185185185,0.4291129303577436,1.0,1.0,0.5708870696422563,137.34845221391984,55.122978449347734
ISIC_0024371,adaptive,0.6605185185185185,0.04910794233524355,0.09361847404554499,0.3706925925925926,0.049203768083436135,0.9962033602443814,0.9618546530746465,0.9527475608388472,341.6698699020852,129.83736585860655
ISIC_0024371,kmeans,0.6605185185185185,0.0,0.0,0.32664814814814813,0.0,0.9621972507091425,0.0,1.019429180217562,507.24303726351013,305.0619985204982
ISIC_0024371,watershed,0.6605185185185185,0.07462150947628127,0.13887961262314244,0.3887703703703704,0.07462150947628127,1.0,1.0,0.9253784905237188,225.43346372909224,152.44818915303415
ISIC_0024372,otsu,0.3501518518518518,0.6993939650340035,0.8231098608379597,0.8947333333333334,0.6994531473117483,0.9999544053026633,0.9998790353065699,0.3006314720597413,55.914963900366814,19.76185139891864
ISIC_0024372,adaptive,0.3501518518518518,0.24212396493194724,0.3898547516474535,0.7345777777777778,0.24217006378185127,0.9998974119309925,0.9992144197617073,0.7580203298040004,114.15553656228185,41.58007817535501
ISIC_0024372,kmeans,0.3501518518518518,0.10204038459504342,0.18518447421967982,0.6855777777777777,0.10204038459504342,1.0,1.0,0.8979596154049566,159.5225678012968,96.17891700472268
ISIC_0024372,watershed,0.3501518518518518,0.19260426693180738,0.32299778270509977,0.7172888888888889,0.19260426693180738,1.0,1.0,0.8073957330681927,228.40534144367115,72.37593903105133
ISIC_0024373,otsu,0.0981962962962963,0.5766244534901251,0.7314670937821233,0.9583962962962963,0.5770376796288613,0.9999219670865385,0.9987596291944119,0.42367894994908156,40.187051042522846,15.997025697011061
ISIC_0024373,adaptive,0.0981962962962963,0.3394021636699461,0.5067964990290715,0.9350925925925926,0.33960698525251765,0.9999342880728745,0.9982261640798226,0.6609964922868027,53.981392305392596,23.280204365717783
ISIC_0024373,kmeans,0.0981962962962963,0.49092897823709125,0.6585544789901085,0.9500111111111111,0.49092897823709125,1.0,1.0,0.5090710217629087,42.50293007659951,19.561877538853558
ISIC_0024373,watershed,0.0981962962962963,0.37227020706823066,0.542561086221587,0.9383592592592592,0.37227020706823066,1.0,1.0,0.6277297929317693,49.49747468305833,26.97001540042503
ISIC_0024374,otsu,0.28205925925925923,0.8799362811849644,0.9361341551750058,0.9653851851851852,0.8994169861862493,0.9913022843110956,0.9759767461742327,0.12272178160617679,28.178005607210743,8.340607333419769
ISIC_0024374,adaptive,0.28205925925925923,0.12020953956437827,0.21461973910903273,0.7518111111111111,0.12022690267345974,0.9999432533377355,0.9988000436347769,0.8799175376858028,218.05641383352372,66.3947254156239
ISIC_0024374,kmeans,0.28205925925925923,0.7116910366533342,0.8315648343229266,0.9185740740740741,0.7126162088344976,0.9994892800396195,0.9981791094189704,0.2886837543988655,63.5078734361227,20.02983701984822
ISIC_0024374,watershed,0.28205925925925923,0.7374495624377718,0.8488874478785731,0.9257740740740741,0.7391538421135564,0.9990920534037679,0.9968831352825545,0.2631572036346447,47.430475168572826,18.889296221422793
ISIC_0024375,otsu,0.017066666666666667,0.5805121527777778,0.7345873953041329,0.9928407407407407,0.5805121527777778,1.0,1.0,0.4194878472222222,12.727922061357855,7.730240448371388
ISIC_0024375,adaptive,0.017066666666666667,0.6168366239965285,0.763016639828234,0.9934592592592593,0.6169704861111112,0.999996231988907,0.999648382559775,0.3832465277777778,13.0,6.681383274125758
ISIC_0024375,kmeans,0.017066666666666667,0.5900607638888888,0.7421864337382285,0.9930037037037037,0.5900607638888888,1.0,1.0,0.4099392361111111,12.425543400104026,7.528497372037192
ISIC_0024375,watershed,0.017066666666666667,0.4880642361111111,0.6559719994166545,0.991262962962963,0.4880642361111111,1.0,1.0,0.5119357638888888,19.61351522553244,9.9227048882936
ISIC_0024376,otsu,0.10297777777777778,0.6735881592182785,0.8049628643798566,0.9663481481481482,0.6743634009495036,0.999867875604882,0.9982962410818869,0.32678751258811684,39.55438513755129,13.54181247498997
ISIC_0024376,adaptive,0.10297777777777778,0.3116458063587973,0.4751981134662316,0.9291148148148148,0.3116458063587973,1.0,1.0,0.6883541936412026,71.58910531638176,34.259971809009166
ISIC_0024376,kmeans,0.10297777777777778,0.5776866637893828,0.7323211598960471,0.9565111111111111,0.5776866637893828,1.0,1.0,0.4223133362106172,42.42640687119285,18.536280595912185
ISIC_0024376,watershed,0.10297777777777778,0.5873489643268124,0.740037606760155,0.9575,0.5874334628111063,0.9999834844506102,0.9997551570055702,0.41271040138109627,43.41658669218482,17.973748834307944
ISIC_0024377,otsu,0.07518888888888889,0.8294856017720896,0.9067965344669859,0.9871703703703704,0.8300576326289345,0.9999439324947237,0.9991698784464869,0.17063198857199152,11.71946491518363,5.503415446165403
ISIC_0024377,adaptive,0.07518888888888889,0.6715163430818383,0.8034816361337371,0.9752481481481482,0.6729717747894193,0.99982378784056,0.9967897271268058,0.32919560612777693,37.0,10.803826475170341
ISIC_0024377,kmeans,0.07518888888888889,0.6605585931727501,0.7955860105010234,0.9744777777777778,0.6605585931727501,1.0,1.0,0.3394414068272499,23.706539182259394,11.395855760533593
ISIC_0024377,watershed,0.07518888888888889,0.6635633712624994,0.797761459196968,0.9747037037037037,0.6635633712624994,1.0,1.0,0.33643662873750063,25.0,11.191043061990328
ISIC_0024378,otsu,0.0056962962962962965,0.0,0.0,0.9607481481481481,0.0,0.966252207016263,0.0,6.89076723016905,266.51697884044785,144.84158096364948
ISIC_0024378,adaptive,0.0056962962962962965,0.0,0.0,0.9651074074074074,0.0,0.9706364401665785,0.0,6.125487646293888,263.84550059315643,135.132528530613
ISIC_0024378,kmeans,0.0056962962962962965,0.0,0.0,0.9683111111111111,0.0,0.973858497664474,0.0,5.563068920676203,265.5066943860769,147.15417754900338
ISIC_0024378,watershed,0.0056962962962962965,0.0,0.0,0.9704555555555555,0.0,0.9760152274809842,0.0,5.186605981794538,266.4637336613986,154.40331241906458
ISIC_0024379,otsu,0.20701111111111112,0.772754100119829,0.8718119451170299,0.9529407407407408,0.7730306120623334,0.9999065887616939,0.9995373262081569,0.22732721449913226,33.27159594394138,12.55431289165072
ISIC_0024379,adaptive,0.20701111111111112,0.09708928922840224,0.17699432522340355,0.8130740740740741,0.09709623745370619,0.9999813177523388,0.9992634873872215,0.9029753278585869,191.16354146214238,77.40001321136212
ISIC_0024379,kmeans,0.20701111111111112,0.5631653337627253,0.7205448094311548,0.9095703703703704,0.5631653337627253,1.0,1.0,0.4368346662372748,47.53945729601885,26.955849632887425
ISIC_0024379,watershed,0.20701111111111112,0.5889288461882526,0.7412903952257629,0.9149037037037037,0.5889288461882526,1.0,1.0,0.41107115381174747,48.72677095381265,24.845570258618256
ISIC_0024380,otsu,0.1539111111111111,0.6664741553566272,0.7998613758447409,0.9486666666666667,0.6664741553566272,1.0,1.0,0.3335258446433728,34.51665096665798,16.951794214518458
ISIC_0024380,adaptive,0.1539111111111111,0.22324092790451439,0.36499911474829344,0.8804481481481482,0.22324092790451439,1.0,1.0,0.7767590720954856,160.4306703844374,51.603993058262105
ISIC_0024380,kmeans,0.1539111111111111,0.4638560015400905,0.6337453971593898,0.9174814814814815,0.4638560015400905,1.0,1.0,0.5361439984599096,62.625873247404705,30.05807555984084
ISIC_0024380,watershed,0.1539111111111111,0.48382904995668496,0.652135837306607,0.9205555555555556,0.48382904995668496,1.0,1.0,0.516170950043315,58.086127622877804,27.855934701976974
ISIC_0024381,otsu,0.7155592592592592,0.26522157398212515,0.41924921205283233,0.47383333333333333,0.2654178808598299,0.9981379965884972,0.9972190891058302,0.7353222809405748,318.7248876962561,92.32529992599724
ISIC_0024381,adaptive,0.7155592592592592,0.24782991050644043,0.39721745475047465,0.4614740740740741,0.2479697310055331,0.998580710686337,0.9977299706353999,0.7525944482689013,308.1844410996593,85.16633824836671
ISIC_0024381,kmeans,0.7155592592592592,0.18595659442756507,0.31359763974721555,0.4175037037037037,0.18595659442756507,1.0,1.0,0.8140434055724349,322.93962283993585,96.28037718105159
ISIC_0024381,watershed,0.7155592592592592,0.1935508903351302,0.32432783872463816,0.42264814814814816,0.19364806600379916,0.9987369627208688,0.9974140229272194,0.806854001790881,323.9479086349761,93.76621579942461
ISIC_0024382,otsu,0.29464074074074076,0.5029672494459493,0.6692990145079503,0.8504851851851852,0.5135067187912461,0.9912469085887412,0.9607930758737476,0.5074478649453823,81.07525209128264,25.786521084834515
ISIC_0024382,adaptive,0.29464074074074076,0.19744241680339675,0.3297735474086083,0.7626777777777778,0.1981572033738514,0.9984877682504844,0.9820583104909045,0.8054630246502332,209.71348789521613,56.6003371264369
ISIC_0024382,kmeans,0.29464074074074076,0.13128509163076382,0.23209903958252373,0.7438481481481481,0.1313841087074026,0.999684951718851,0.9942922374429224,0.8693701054642817,217.4441047383989,67.56644685627684
ISIC_0024382,watershed,0.29464074074074076,0.0,0.0,0.6907555555555556,0.0,0.9792960771238193,0.0,1.0495644413158522,410.36019505953345,218.7021500530904
ISIC_0024383,otsu,0.3491111111111111,0.7587417780606832,0.8628233974146303,0.9157740740740741,0.7587417780606832,1.0,1.0,0.24125822193931679,40.53020372639136,19.786232037975825
ISIC_0024383,adaptive,0.3491111111111111,0.37595340893419754,0.5464624114350035,0.7821222222222223,0.3759813282410354,0.9999601684306362,0.9998025220752109,0.6240929344366646,110.59201041283447,44.07554036569535
ISIC_0024383,kmeans,0.3491111111111111,0.7192870782940802,0.836727138097001,0.902,0.7192870782940802,1.0,1.0,0.28071292170591977,44.25832423600597,23.335984766337226
ISIC_0024383,watershed,0.3491111111111111,0.5764481222151496,0.7313252039085844,0.8521333333333333,0.5764481222151496,1.0,1.0,0.42355187778485043,90.78546139112804,37.56881194383022
ISIC_0024384,otsu,0.09515555555555555,0.572585211187861,0.7282088208820882,0.9440814814814815,0.7872489490892106,0.9605743569592482,0.67740639024717,0.5876537443562199,191.74329705205588,55.85017620426527
ISIC_0024384,adaptive,0.09515555555555555,0.3191362701591081,0.48385641025641024,0.9068074074074074,0.45905340183714777,0.9538942646167952,0.5114927573943967,0.9793710104312626,208.19281402251858,63.96403525855708
ISIC_0024384,kmeans,0.09515555555555555,0.37497525895625783,0.5454283726398119,0.929825925925926,0.4424334423166745,0.9810812580840579,0.710926261804991,0.7374669157714464,212.40209441869825,61.97758960055751
ISIC_0024384,watershed,0.09515555555555555,0.49042553191489363,0.6581013561741613,0.9485518518518519,0.5203565312159427,0.9935818720631334,0.8950257749213363,0.5406741398100576,205.2252408591595,49.58114484576431
ISIC_0024385,otsu,0.04735185185185185,0.763112973308504,0.865642740835277,0.9886925925925926,0.7692608525615956,0.9995995567910114,0.989635741597907,0.23879546343371139,15.556349186104045,6.765839328508539
ISIC_0024385,adaptive,0.04735185185185185,0.44870693022892416,0.619458526588286,0.9738666666666667,0.4491982792334767,0.9999455708259627,0.9975681778704186,0.5518967540086038,34.40930106817051,16.00476031479965
ISIC_0024385,kmeans,0.04735185185185185,0.6100476599734355,0.7578007473188723,0.9815148148148148,0.6107156824403598,0.9999455708259627,0.9982101764254666,0.39037935080172076,21.213203435596427,11.993835601314709
ISIC_0024385,watershed,0.04735185185185185,0.5192623271079159,0.6835716490073038,0.9772148148148149,0.5197497066875244,0.9999533464222538,0.9981973862100045,0.4811888932342589,25.238858928247925,15.173162382300704
ISIC_0024386,otsu,0.2836185185185185,0.3972536650654161,0.568620680693391,0.5696703703703704,1.0,0.3993010138401328,0.3972536650654161,1.5172832573749298,186.25653823911466,98.54073656329007
ISIC_0024386,adaptive,0.2836185185185185,0.16347124117053483,0.2810060711188205,0.6561185185185185,0.23693798398997087,0.8220739002083517,0.34521204741338307,1.212478942763493,106.52957333317231,37.07285705546633
ISIC_0024386,kmeans,0.2836185185185185,0.5432503932503933,0.7040340253614963,0.7634037037037037,0.9921908667093252,0.6728258790319662,0.545583145438095,0.8342060932133669,98.78359949619053,50.64387777902055
ISIC_0024386,watershed,0.2836185185185185,0.5577511362312085,0.7160978711665335,0.7751148148148148,1.0,0.686081799992762,0.5577511362312085,0.792914321532575,85.58621384311844,48.47904609800391
ISIC_0024387,otsu,0.02765925925925926,0.6724692019282271,0.8041633306645316,0.9909407407407408,0.6724692019282271,1.0,1.0,0.3275307980717729,12.165525060596439,7.295618066203977
ISIC_0024387,adaptive,0.02765925925925926,0.7319371727748691,0.845223700120919,0.9924148148148149,0.7487948580610605,0.9993448417716697,0.9701596113809854,0.27423674343867166,12.36931687685298,5.613587349511562
ISIC_0024387,kmeans,0.02765925925925926,0.5644081414033209,0.7215612428314645,0.9879518518518519,0.5644081414033209,1.0,1.0,0.43559185859667915,17.029386365926403,10.291432547894576
ISIC_0024387,watershed,0.02765925925925926,0.553160149973219,0.7123027847228209,0.9876407407407407,0.553160149973219,1.0,1.0,0.44683985002678095,19.719277825357448,10.460849580846237
ISIC_0024388,otsu,0.5888148148148148,0.5377485967708405,0.6993972849659212,0.7035222222222223,0.5857529248962133,0.8721671770852099,0.8677538088803989,0.5035161655554158,111.95043505255494,37.55703812464538
ISIC_0024388,adaptive,0.5888148148148148,0.12004750213821153,0.2143614479011586,0.47033703703703705,0.12271983897345579,0.9681228607458116,0.8464575469651612,0.8995408227449994,304.08442596311835,87.97040073008006
ISIC_0024388,kmeans,0.5888148148148148,0.0669894366197183,0.12556719742595496,0.4504222222222222,0.06701471883255755,0.999459556836606,0.9943998506626843,0.9333626871304567,316.1241816805925,129.5564149412631
ISIC_0024388,watershed,0.5888148148148148,0.20684458398744113,0.34278578490035905,0.5321851851851852,0.20719587369480438,0.997568005764727,0.991869918699187,0.7945024531387596,258.70134251303546,87.04205499159892
ISIC_0024389,otsu,0.03974814814814815,0.7831936835320658,0.8784168436271631,0.9900333333333333,0.905795751024972,0.9935202184612062,0.852644504867994,0.2507454342154305,40.241754326088575,7.3068453458463765
ISIC_0024389,adaptive,0.03974814814814815,0.7056819228289898,0.8274484396933377,0.9881629629629629,0.7140327991054789,0.9995101593717698,0.9836970474967908,0.29780096906448006,18.386094958050798,7.48726909104275
ISIC_0024389,kmeans,0.03974814814814815,0.7215909090909091,0.8382838283828383,0.9889296296296296,0.7218598583674991,0.9999845719487171,0.9994839375564444,0.2785128587402162,19.1049731745428,7.548021832914113
ISIC_0024389,watershed,0.03974814814814815,0.6873370577281191,0.8147003641982121,0.987562962962963,0.687849422288483,0.9999691438974343,0.9989174560216508,0.31289601192694744,18.547000506016264,8.486463376307135
ISIC_0024390,otsu,0.42575555555555555,0.6232548429467385,0.7679075724367802,0.8395888888888889,0.6232927953790212,0.9999548521084065,0.999902312404929,0.3767680985437653,114.21821199330068,34.72681826625826
ISIC_0024390,adaptive,0.42575555555555555,0.09795367549078687,0.17842952335307122,0.6063703703703703,0.10039668041129496,0.9815087135430776,0.8010133259300388,0.9245437305356925,227.7719400486835,80.9064684917511
ISIC_0024390,kmeans,0.42575555555555555,0.24026132192007238,0.3874366114201146,0.676537037037037,0.24026132192007238,1.0,1.0,0.7597386780799277,194.2710658304574,74.45707203418442
ISIC_0024390,watershed,0.42575555555555555,0.3459557736137933,0.5140670747077034,0.7215370370370371,0.3459557736137933,1.0,1.0,0.6540442263862066,143.14187848791417,51.95424746717477
ISIC_0024391,otsu,0.01849259259259259,0.08702531645569621,0.16011644832605532,0.829037037037037,0.8812337272181053,0.8280535985841884,0.08805811835811636,9.244942920088123,191.87495220242326,95.81041894253157
ISIC_0024391,adaptive,0.01849259259259259,0.0,0.0,0.9528037037037037,0.0,0.9707554894776365,0.0,2.5521730422591626,287.26463967595055,213.53180511420865
ISIC_0024391,kmeans,0.01849259259259259,0.0,0.0,0.9531037037037037,0.0,0.9710611417811605,0.0,2.5359503304626476,370.527730243985,264.707934456058
ISIC_0024391,watershed,0.01849259259259259,0.0,0.0,0.963362962962963,0.0,0.9815136958646375,0.0,1.9811736431003404,127.41271213765302,89.55037976647051
ISIC_0024392,otsu,0.34154814814814816,0.7197835563555922,0.8370629591096819,0.9042925925925926,0.7197835563555922,1.0,1.0,0.28021644364440784,39.0,20.549688427524803
ISIC_0024392,adaptive,0.34154814814814816,0.41955757477419003,0.5911103321623702,0.801262962962963,0.42059034028063935,0.9987231553250611,0.9941814267039192,0.5818712182003514,81.83030927442628,30.600500284411638
ISIC_0024392,kmeans,0.34154814814814816,0.5531241189355657,0.7122729113429126,0.8473703703703703,0.5531241189355657,1.0,1.0,0.44687588106443427,67.10102798597252,35.51196780461523
ISIC_0024392,watershed,0.34154814814814816,0.5517903229304474,0.7111660831708629,0.8469148148148148,0.5517903229304474,1.0,1.0,0.44820967706955256,66.18572187578036,34.406471567511616
ISIC_0024393,otsu,0.07495185185185185,0.7472451450313782,0.8553409315874317,0.9810555555555556,0.7472451450313782,1.0,1.0,0.2527548549686218,15.620499351813308,9.353079431611116
ISIC_0024393,adaptive,0.07495185185185185,0.7450913017867662,0.8539281595454418,0.9807666666666667,0.7500617680486238,0.9994594875942393,0.9911845370249445,0.25660918120274745,18.52818139231964,8.835448071949024
ISIC_0024393,kmeans,0.07495185185185185,0.6491080693778722,0.7872232043867797,0.9737,0.6491080693778722,1.0,1.0,0.3508919306221278,20.518284528683193,13.620346336925069
ISIC_0024393,watershed,0.07495185185185185,0.5572466274645451,0.7156819191470457,0.9668148148148148,0.5572466274645451,1.0,1.0,0.4427533725354549,26.076809620810597,17.814822697257288
ISIC_0024394,otsu,0.46758518518518516,0.8775807588440735,0.9347994803529551,0.9427481481481481,0.8777406374754452,0.999840002226056,0.9997924861958208,0.12244154362841392,19.6468827043885,10.108688601351695
ISIC_0024394,adaptive,0.46758518518518516,0.45041806549692787,0.6210872247273204,0.7429259259259259,0.4505893162663963,0.9996660916022038,0.9991569185372536,0.54979088777644,127.27214910922712,45.791451764758065
ISIC_0024394,kmeans,0.46758518518518516,0.10361352259045688,0.18777139001930682,0.5808629629629629,0.10361352259045688,1.0,1.0,0.8963864774095431,212.58408595530136,74.3274405554141
ISIC_0024394,watershed,0.46758518518518516,0.6810484126481211,0.8102662689830324,0.8508629629629629,0.6810484126481211,1.0,1.0,0.31895158735187884,102.15788442132316,30.777557987189553
ISIC_0024395,otsu,0.47023703703703706,0.7982786106377465,0.8878252857099187,0.904862962962963,0.8006364008695378,0.9973782823904471,0.9963245023376165,0.20231719227497558,65.0,23.059982131521444
ISIC_0024395,adaptive,0.47023703703703706,0.11625342616804764,0.20829217352036353,0.5844296296296296,0.11625342616804764,1.0,1.0,0.8837465738319523,226.6566713149629,79.43174048434311
ISIC_0024395,kmeans,0.47023703703703706,0.3531709775999496,0.5219901748504109,0.695837037037037,0.3531709775999496,1.0,1.0,0.6468290224000504,142.14921582289392,65.03725151467364
ISIC_0024395,watershed,0.47023703703703706,0.4787192164766644,0.647478184015632,0.754774074074074,0.47891528307236697,0.999636455158142,0.9991455379003237,0.5214942818436722,142.77600443260292,58.64362292000468
ISIC_0024396,otsu,0.06319629629629629,0.8735241792010351,0.9324930939226519,0.9913111111111111,0.9495985465627381,0.9941250192735741,0.9159929899937814,0.137490476469554,10.0,4.273856156670294
ISIC_0024396,adaptive,0.06319629629629629,0.8019610078668339,0.8900980702309396,0.9871333333333333,0.8244740080876751,0.9981062478008358,0.9670722485735891,0.20359842935005568,17.921980673998817,6.215722524019504
ISIC_0024396,kmeans,0.06319629629629629,0.8291530564629025,0.9065977869192258,0.9891518518518518,0.8330891402449745,0.9996797621542123,0.9943340794627868,0.1716579733927211,13.038404810405298,5.767842577939424
ISIC_0024396,watershed,0.06319629629629629,0.8608452280996362,0.9252195884971725,0.9907925925925926,0.9013069214088965,0.9968292499713367,0.9504356961868858,0.1456953642384106,12.083045973594572,4.517487441553185
ISIC_0024397,otsu,0.4784481481481481,0.6369674629616503,0.7782286177016979,0.8103222222222223,0.6955899087327083,0.9155724724646532,0.8831501975507636,0.396443749467801,86.83893136145792,31.12733940422578
ISIC_0024397,adaptive,0.4784481481481481,0.20596190886776577,0.3415728263940542,0.577062962962963,0.22929068516267873,0.8960935669192368,0.6693482780439303,0.8839767458062718,105.30004670265444,43.950739031507794
ISIC_0024397,kmeans,0.4784481481481481,0.03988478557730336,0.076710008898074,0.5234592592592593,0.04137605375403504,0.9657006511905354,0.5253071253071253,0.9960133456158413,242.21838878228894,91.12433729754345
ISIC_0024397,watershed,0.4784481481481481,0.1790701990442166,0.30374815543531725,0.6068111111111111,0.17926010791060604,0.9990271199198971,0.9941186571649352,0.8218004195663449,198.6403779996985,68.82031591938122
ISIC_0024398,otsu,0.07985555555555555,0.5065163953434442,0.6724339634258975,0.9605925925925926,0.5065163953434442,1.0,1.0,0.49348360465655583,33.93078200144987,19.744415791329143
ISIC_0024398,adaptive,0.07985555555555555,0.40369185102731786,0.5751858582521064,0.9523814814814815,0.40369185102731786,1.0,1.0,0.5963081489726821,64.95496533125831,24.99574205152242
ISIC_0024398,kmeans,0.07985555555555555,0.38537173600482355,0.5563441580180783,0.9509185185185185,0.38537173600482355,1.0,1.0,0.6146282639951764,65.93329161452783,29.266287824613983
ISIC_0024398,watershed,0.07985555555555555,0.3322665924586058,0.498798955613577,0.9466777777777777,0.3322665924586058,1.0,1.0,0.6677334075413942,59.92495074279174,32.203357580939425
ISIC_0024399,otsu,0.21907037037037036,0.6368154998393887,0.7781151875723021,0.920437037037037,0.6368154998393887,1.0,1.0,0.3631845001606113,50.41228111273332,22.283219813841296
ISIC_0024399,adaptive,0.21907037037037036,0.385318157254796,0.5562883229919666,0.8651888888888889,0.38575461968925934,0.9996822400652594,0.9970721901765426,0.615378112901317,81.44169619973059,39.668355627209074
ISIC_0024399,kmeans,0.21907037037037036,0.4770494851983973,0.6459492250990088,0.885437037037037,0.4770494851983973,1.0,1.0,0.5229505148016027,63.130009519499815,35.80328905841229
ISIC_0024399,watershed,0.21907037037037036,0.45209555529256623,0.6226801723134241,0.8799703703703704,0.45209555529256623,1.0,1.0,0.5479044447074338,69.34009574951266,37.68825708014782
ISIC_0024400,otsu,0.7240037037037037,0.14565609956977915,0.25427543156183857,0.3814518518518519,0.14565609956977915,1.0,1.0,0.8543439004302208,207.24140512938047,124.04469828412589
ISIC_0024400,adaptive,0.7240037037037037,0.29865718597334834,0.45994768935037106,0.4922148148148148,0.29866329720023943,0.9999463224144178,0.9999314915991574,0.7013571651464848,176.6806434224055,77.0578698567422
ISIC_0024400,kmeans,0.7240037037037037,0.03248909101140264,0.06293352887550041,0.2995185185185185,0.03248909101140264,1.0,1.0,0.9675109089885974,242.53441681073141,196.4610605650041
ISIC_0024400,watershed,0.7240037037037037,0.028867255641213212,0.056114635747101294,0.29689629629629627,0.028867255641213212,1.0,1.0,0.9711327443587868,243.51591323771842,200.00883129494358
ISIC_0024401,otsu,0.24951851851851853,0.7810729015221197,0.8770813377202116,0.9453444444444444,0.7814902775716194,0.999822336277945,0.9993166935560406,0.21904408490426006,29.0,14.582553226945178
ISIC_0024401,adaptive,0.24951851851851853,0.3732916308440307,0.5436450968751687,0.8434111111111111,0.3738013952797981,0.9995459704880817,0.9963600395647874,0.6275641977141161,100.18729908567978,38.14714670285427
ISIC_0024401,kmeans,0.24951851851851853,0.6022116669140567,0.7517254796601848,0.9007444444444445,0.6022116669140567,1.0,1.0,0.3977883330859433,63.796548742818906,27.72660222029048
ISIC_0024401,watershed,0.24951851851851853,0.6125307927462678,0.7597136073328302,0.9032962962962963,0.6126762654000297,0.9999210383457533,0.999612515741548,0.3875612290336945,60.0,25.992253467083035
ISIC_0024402,otsu,0.0329,0.8522062134173796,0.9202066241264053,0.995137037037037,0.8523021501744906,0.9999961702991379,0.9998679344955098,0.1478104244061691,6.4031242374328485,3.488617660976823
ISIC_0024402,adaptive,0.0329,0.8721440630275745,0.931706144042323,0.9957925925925926,0.8723404255319149,0.9999923405982759,0.9997419687782222,0.12788472362940448,7.3136762109388265,2.9347971154848014
ISIC_0024402,kmeans,0.0329,0.8824521934758155,0.9375560203167015,0.9961296296296296,0.8831475852752448,0.9999731920939655,0.9991085073866531,0.11764043678937296,5.0,2.717381787202787
ISIC_0024402,watershed,0.0329,0.7487346755145653,0.8563159248777978,0.9917259259259259,0.7494089834515366,0.9999693623931035,0.9987996999249813,0.25149161319374086,12.328626561573161,6.265271102216664
ISIC_0024403,otsu,0.12078888888888889,0.777501049391353,0.8748248555550308,0.9705518518518519,0.8519302118786987,0.9868484794870823,0.8989840160486637,0.24379848526661146,56.00534561670805,12.934256320044824
ISIC_0024403,adaptive,0.12078888888888889,0.3855897605649343,0.5565713193603873,0.8968814814814815,0.5357679452978873,0.9464924364013194,0.5790555095277548,0.8537086437923528,131.88327994546933,43.427695320364855
ISIC_0024403,kmeans,0.12078888888888889,0.5456995009032732,0.7060874388383749,0.9450481481481482,0.5464691993990126,0.9998062235926989,0.9974255652563242,0.4549412810842302,51.21327751755,17.599001994033472
ISIC_0024403,watershed,0.12078888888888889,0.2841827983337417,0.44258932404713064,0.9134444444444444,0.28448778094624844,0.9998525614292274,0.9962418125201331,0.7165854107257842,108.30621880794678,37.86263969752303
ISIC_0024404,otsu,0.05248888888888889,0.6519898391193903,0.7893388006150692,0.9817333333333333,0.6519898391193903,1.0,1.0,0.34801016088060965,17.61780988870929,11.0018209068768
ISIC_0024404,adaptive,0.05248888888888889,0.6102185754671448,0.7579325996659958,0.9790629629629629,0.6244707874682472,0.9987061619525619,0.9639472824311077,0.3988851255997742,22.20360331117452,11.408777317523345
ISIC_0024404,kmeans,0.05248888888888889,0.5383149872988993,0.6998761524700702,0.9757666666666667,0.5383149872988993,1.0,1.0,0.46168501270110074,23.0,15.568894984087175
ISIC_0024404,watershed,0.05248888888888889,0.5287891617273497,0.691775131542509,0.9752666666666666,0.5287891617273497,1.0,1.0,0.4712108382726503,27.378727508093803,15.804441262522152
ISIC_0024405,otsu,0.1330148148148148,0.6982792225872919,0.8223373557187827,0.9598666666666666,0.6982792225872919,1.0,1.0,0.30172077741270814,25.448950806697116,15.001769880469668
ISIC_0024405,adaptive,0.1330148148148148,0.4846856379127917,0.6529134862436938,0.9314555555555556,0.4846856379127917,1.0,1.0,0.5153143620872084,54.60860109552602,24.955973596066293
ISIC_0024405,kmeans,0.1330148148148148,0.6262460321880047,0.7701737864908826,0.9502851851851852,0.6262460321880047,1.0,1.0,0.3737539678119953,30.870698080866262,18.867247417878257
ISIC_0024405,watershed,0.1330148148148148,0.5735089380186,0.7289554246075985,0.9432703703703704,0.5735089380186,1.0,1.0,0.4264910619814,36.67492319247969,22.236946276040367
ISIC_0024406,otsu,0.11571111111111111,0.6483579796427885,0.7866713270418269,0.9593111111111111,0.6483579796427885,1.0,1.0,0.3516420203572114,31.629875789026457,14.757071816790729
ISIC_0024406,adaptive,0.11571111111111111,0.6108294269587679,0.7584036108801521,0.9548,0.613116957941233,0.9995099640640314,0.9939290161892902,0.39062800076819665,42.20189569201838,14.45617248875706
ISIC_0024406,kmeans,0.11571111111111111,0.39421291850713785,0.5654988750631342,0.9299037037037037,0.39421291850713785,1.0,1.0,0.6057870814928622,51.62363799656123,28.180382296389993
ISIC_0024406,watershed,0.11571111111111111,0.44385762755265346,0.6148218759005963,0.9356481481481481,0.44385762755265346,1.0,1.0,0.5561423724473465,51.25399065614586,26.504271071295992
ISIC_0024407,otsu,0.07955925925925926,0.6814859643405801,0.8105758582502769,0.9746592592592592,0.6814859643405801,1.0,1.0,0.31851403565941994,22.399713622734104,12.476666042337628
ISIC_0024407,adaptive,0.07955925925925926,0.6370746240864019,0.7783085935278394,0.971125925925926,0.6370746240864019,1.0,1.0,0.3629253759135981,34.19063886712213,13.388183161082072
ISIC_0024407,kmeans,0.07955925925925926,0.6006703598528933,0.7505234993020009,0.9682296296296297,0.6006703598528933,1.0,1.0,0.39932964014710676,26.40075756488817,16.184881606549958
ISIC_0024407,watershed,0.07955925925925926,0.5401517620222522,0.7014266715028412,0.9634148148148148,0.5401517620222522,1.0,1.0,0.45984823797774776,34.0,19.147145786384872
ISIC_0024408,otsu,0.07221111111111111,0.5792686054264758,0.7335909843785522,0.9696185185185185,0.5792686054264758,1.0,1.0,0.42073139457352415,40.90647024893401,14.024614564197872
ISIC_0024408,adaptive,0.07221111111111111,0.6310154975530179,0.7737700818903545,0.9731925925925926,0.6348669026004,0.9995249557889526,0.9904777146515163,0.37123660050264146,37.67219009938058,10.853309683464103
ISIC_0024408,kmeans,0.07221111111111111,0.0,0.0,0.9170333333333334,0.0,0.9884073244631801,0.0,1.1489459916910294,405.34553161469535,309.61539608072593
ISIC_0024408,watershed,0.07221111111111111,0.4484385416132506,0.6192027189690575,0.960162962962963,0.44853054316048624,0.9999840321273598,0.9995428048919877,0.5516746166076832,46.79740656832226,18.337382825846166
ISIC_0024409,otsu,0.037314814814814815,0.0,0.0,0.9010888888888889,0.0,0.9360161585072617,0.0,2.6507196029776674,321.54932845283525,264.2297678895042
ISIC_0024409,adaptive,0.037314814814814815,0.0,0.0,0.9239037037037037,0.0,0.9597153024911032,0.0,2.0393052109181142,328.18257052119077,271.8286720828654
ISIC_0024409,kmeans,0.037314814814814815,0.0,0.0,0.9126111111111112,0.0,0.9479849956718284,0.0,2.3419354838709676,332.1993377243609,271.7756961727628
ISIC_0024409,watershed,0.037314814814814815,0.0,0.0,0.9345185185185185,0.0,0.9707415600654035,0.0,1.7548387096774194,368.2900987972409,288.5903534111916
ISIC_0024410,otsu,0.11061851851851852,0.7872297704303595,0.8809497060255402,0.9764518518518519,0.7876251381122978,0.9999375346162335,0.9993627596754323,0.21287708842535238,17.26267650163207,9.074734527089625
ISIC_0024410,adaptive,0.11061851851851852,0.6609318516535011,0.7958566764741445,0.9624814814814815,0.6611310141627884,0.9999625207697401,0.9995444191343964,0.3391703217598018,55.56167606285803,17.467948960046883
ISIC_0024410,kmeans,0.11061851851851852,0.7361971406569123,0.8480570822485778,0.9708185185185185,0.7361971406569123,1.0,1.0,0.26380285934308767,21.470910553583888,11.402647083162194
ISIC_0024410,watershed,0.11061851851851852,0.6678943315364784,0.8008832680919402,0.963262962962963,0.6678943315364784,1.0,1.0,0.33210566846352163,31.84090487276122,14.356241428017057
ISIC_0024411,otsu,0.03787777777777778,0.35509016870273413,0.5240834549669443,0.9589407407407408,0.5968514715947981,0.9731958286657967,0.4671309405372312,1.0839933509338027,75.27283706623525,23.87197451166158
ISIC_0024411,adaptive,0.03787777777777778,0.20425619834710743,0.3392238273341797,0.9286777777777778,0.48332844431407057,0.9462107301374661,0.26131317403256504,1.8829568788501028,142.78164020032366,47.55976156400148
ISIC_0024411,kmeans,0.03787777777777778,0.4391317101789381,0.610273134936812,0.9787555555555556,0.4391317101789381,1.0,1.0,0.5608682898210618,25.495097567963924,15.914585946600551
ISIC_0024411,watershed,0.03787777777777778,0.2687982790652195,0.42370530209617757,0.9723037037037037,0.2687982790652195,1.0,1.0,0.7312017209347805,35.842600356141844,23.591363842623657
ISIC_0024412,otsu,0.16544074074074075,0.7101325710082418,0.8305000244391222,0.9357814814814814,0.950950323490564,0.9327744518064536,0.7371325443376254,0.388166289820681,72.3964594673369,19.43168366321824
ISIC_0024412,adaptive,0.16544074074074075,0.4088932333226939,0.5804460176991151,0.8902555555555556,0.4588640891893707,0.9757734177720775,0.7896825396825397,0.6633459446148335,73.0,20.06319090682789
ISIC_0024412,kmeans,0.16544074074074075,0.48594479996859175,0.6540549823638981,0.9030111111111111,0.5541874678188453,0.9721609543294087,0.797827768467191,0.5862454946383397,85.37564055396598,24.63484148501298
ISIC_0024412,watershed,0.16544074074074075,0.4765620539367756,0.6455022363146565,0.8981370370370371,0.5605677315364123,0.9650558511700565,0.7607704927994167,0.6157066421903333,83.47035036161643,28.876564155855668
ISIC_0024413,otsu,0.16552962962962964,0.8667979149421687,0.9286467571065625,0.9779481481481481,0.866914281878594,0.9999733696689406,0.9998451652860572,0.13321996733269192,16.76305461424021,7.0911363302261625
ISIC_0024413,adaptive,0.16552962962962964,0.758018468126868,0.8623555234144051,0.9598185185185185,0.7604099075917929,0.9993741872201041,0.9958682529449686,0.24274494887342538,29.068883707497267,12.125440530275228
ISIC_0024413,kmeans,0.16552962962962964,0.7709708455462824,0.8706759317751106,0.9620888888888889,0.7709708455462824,1.0,1.0,0.22902915445371758,21.213203435596427,12.720453801167018
ISIC_0024413,watershed,0.16552962962962964,0.7705009733067818,0.8703762211073058,0.9620111111111112,0.7705009733067818,1.0,1.0,0.22949902669321817,24.65760594327323,12.39694358068366
ISIC_0024414,otsu,0.2654666666666667,0.5282800379485463,0.6913393158725957,0.874774074074074,0.5282800379485463,1.0,1.0,0.4717199620514538,129.44454185834087,36.248371640473934
ISIC_0024414,adaptive,0.2654666666666667,0.3634131368937999,0.5330932012606934,0.8310074074074074,0.3634131368937999,1.0,1.0,0.6365868631062002,100.97474501091364,40.33214916036082
ISIC_0024414,kmeans,0.2654666666666667,0.40971873430436967,0.5812772779905585,0.8433,0.40971873430436967,1.0,1.0,0.5902812656956303,156.9955410588548,51.54048961637756
ISIC_0024414,watershed,0.2654666666666667,0.4049333110106591,0.5764448857994041,0.8420296296296297,0.4049333110106591,1.0,1.0,0.5950666889893409,155.1714828211353,51.870503664185826
ISIC_0024415,otsu,0.6384555555555556,0.7682776143819287,0.868955879024083,0.8520555555555556,0.7682776143819287,1.0,1.0,0.23172238561807137,56.49328600599736,25.336862289560326
ISIC_0024415,adaptive,0.6384555555555556,0.19249866586231698,0.32284927668764773,0.4844074074074074,0.19251318285445781,0.9998668264748968,0.9996084219404199,0.8075622306143877,159.15667779607824,61.29273085304362
ISIC_0024415,kmeans,0.6384555555555556,0.43175371121282263,0.6031117053603987,0.6372,0.43175371121282263,1.0,1.0,0.5682462887871774,130.39209235865846,56.0731473081503
ISIC_0024415,watershed,0.6384555555555556,0.4695184559962409,0.6390099478919943,0.6613111111111111,0.4695184559962409,1.0,1.0,0.530481544003759,136.021866348945,59.09591012795875
ISIC_0024416,otsu,0.015396296296296297,0.0,0.0,0.9406518518518519,0.0,0.9553608708899614,0.0,3.854702910752947,298.9873743100048,246.79045954557625
ISIC_0024416,adaptive,0.015396296296296297,0.0,0.0,0.9653111111111111,0.0,0.980405728192956,0.0,2.2530671157084434,169.37203709178044,123.2262397049813
ISIC_0024416,kmeans,0.015396296296296297,0.7628667628667629,0.8654843110504775,0.9963481481481481,0.763050276641809,0.9999962383813003,0.9996848408446265,0.23719028145297089,8.06225774829855,3.726213246997613
ISIC_0024416,watershed,0.015396296296296297,0.0,0.0,0.9675370370370371,0.0,0.9826664610315111,0.0,2.1084917007457302,378.7056026081037,327.2668316457563
ISIC_0024417,otsu,0.12552962962962963,0.676806420204762,0.8072564752252253,0.9594296296296296,0.676806420204762,1.0,1.0,0.32319357979523794,44.654227123532216,15.916429975595596
ISIC_0024417,adaptive,0.12552962962962963,0.565281418431361,0.7222744891431152,0.9453333333333334,0.5662821231522733,0.9997458779282274,0.996883602555446,0.43548815389608475,58.112258582579216,19.748842972134103
ISIC_0024417,kmeans,0.12552962962962963,0.5843979582804709,0.7376908752327747,0.9478296296296296,0.5843979582804709,1.0,1.0,0.4156020417195291,50.07139312670977,21.45088481671754
ISIC_0024417,watershed,0.12552962962962963,0.37960640840291504,0.5503111700421309,0.9221222222222222,0.37960640840291504,1.0,1.0,0.620393591597085,61.783789589940156,33.342026103693236
ISIC_0024418,otsu,0.0581,0.7480079046344107,0.8558404142810255,0.9853592592592593,0.7480079046344107,1.0,1.0,0.25199209536558936,14.866068747318506,8.222995449047858
ISIC_0024418,adaptive,0.0581,0.5786319882705425,0.7330802778226457,0.9755185185185186,0.5786319882705425,1.0,1.0,0.42136801172945754,41.0097546470558,13.166683756753063
ISIC_0024418,kmeans,0.0581,0.7169630904570664,0.8351525952327913,0.9835555555555555,0.7169630904570664,1.0,1.0,0.28303690954293365,16.0,9.257524169591736
ISIC_0024418,watershed,0.0581,0.5783132530120482,0.732824427480916,0.9755,0.5783132530120482,1.0,1.0,0.42168674698795183,37.039018790142734,14.2767764428844
ISIC_0024419,otsu,0.09814814814814815,0.6988679245283019,0.8227454464682363,0.9704444444444444,0.6988679245283019,1.0,1.0,0.3011320754716981,23.345235059857504,12.867066563403514
ISIC_0024419,adaptive,0.09814814814814815,0.6318784863560983,0.7744185509388641,0.963825925925926,0.6326415094339622,0.9998685831622176,0.9980948978984342,0.36856603773584906,38.15950626488901,14.878759843796907
ISIC_0024419,kmeans,0.09814814814814815,0.6658113207547169,0.7993838347227257,0.9672,0.6658113207547169,1.0,1.0,0.334188679245283,25.45584412271571,14.494995040068718
ISIC_0024419,watershed,0.09814814814814815,0.5828301886792453,0.7364405769460007,0.9590555555555556,0.5828301886792453,1.0,1.0,0.4171698113207547,35.72253671783274,19.22650439011908
ISIC_0024420,otsu,0.2137962962962963,0.6077925674623094,0.7560584365950025,0.9160777777777778,0.6082979644867909,0.9997738782240019,0.9986348899380012,0.3925335643135556,74.20231455231144,22.35395270290751
ISIC_0024420,adaptive,0.2137962962962963,0.6166819305005962,0.7628982780918993,0.9178407407407407,0.6182416630576006,0.9993122129313391,0.9959256571970754,0.3842875703767865,71.80529228406496,20.702007052427867
ISIC_0024420,kmeans,0.2137962962962963,0.3024399535906627,0.4644205711854491,0.8508074074074075,0.302555218709398,0.9998963608526675,0.9987419225710528,0.6978258986574275,137.95830703453677,41.80151398046479
ISIC_0024420,watershed,0.2137962962962963,0.12828064097011693,0.22739137110394594,0.8136296296296296,0.12828064097011693,1.0,1.0,0.8717193590298831,185.21738511086318,72.11811725394517
ISIC_0024421,otsu,0.35081111111111113,0.580357634617856,0.7344636706338834,0.8306851851851852,0.6674795975464268,0.9188788288519577,0.8163916221171974,0.48263811906798004,119.44035699231719,40.962668690773384
ISIC_0024421,adaptive,0.35081111111111113,0.024758321664164123,0.048320313464657025,0.5718111111111112,0.030986391325921937,0.8640639886810322,0.10967042821911666,1.2205682070123207,230.37055229676227,76.48562338998461
ISIC_0024421,kmeans,0.35081111111111113,0.0014060511515251036,0.0028081538950324374,0.6396333333333334,0.0014463835133394568,0.98449917560945,0.04800280308339173,1.0272384632439109,349.58372383458124,139.82188256952847
ISIC_0024421,watershed,0.35081111111111113,0.2542467720309547,0.4054174628159696,0.7383814814814815,0.2542467720309547,1.0,1.0,0.7457532279690453,141.80726245201947,55.004061910886826
ISIC_0024422,otsu,0.19362222222222222,0.6747198369960704,0.805770400625706,0.9337777777777778,0.7094380045143273,0.9876447947382442,0.9323746794710644,0.3420176747388959,44.734728244666094,12.143743967809753
ISIC_0024422,adaptive,0.19362222222222222,0.17069797069797069,0.29161743672657175,0.831237037037037,0.17940625119553158,0.9877504340397387,0.7785987049643035,0.8716094724358239,162.9269303890387,40.797874029607186
ISIC_0024422,kmeans,0.19362222222222222,0.3944604908280572,0.5657535561926448,0.8827518518518519,0.39446803626764604,0.9999954069868915,0.9999515104494981,0.6055510922376526,93.0043009509531,31.98603389072918
ISIC_0024422,watershed,0.19362222222222222,0.4042793007928169,0.5757818983226087,0.8845074074074074,0.4047974291288879,0.9996922681217332,0.9968439398935418,0.5964841807261181,97.04250515168599,33.31103310912292
ISIC_0024423,otsu,0.12414444444444445,0.8420785729200847,0.9142699831584402,0.9803925925925926,0.8421790626211999,0.9999830853218652,0.9998583218219814,0.1579402726811659,17.88854381999832,7.0044115433540295
ISIC_0024423,adaptive,0.12414444444444445,0.8266328660900686,0.905089228860189,0.9784703703703703,0.8269041439183746,0.9999534846351292,0.9996032890940566,0.17342402816313135,16.08719711471081,7.28248106291295
ISIC_0024423,kmeans,0.12414444444444445,0.7597482025120081,0.8634737645164025,0.9701740740740741,0.7597482025120081,1.0,1.0,0.24025179748799189,23.853720883753127,11.093079297735281
ISIC_0024423,watershed,0.12414444444444445,0.6667263343178496,0.800042959170888,0.9586259259259259,0.6667263343178496,1.0,1.0,0.33327366568215044,52.307492793352004,16.117510693754443
ISIC_0024424,otsu,0.9859740740740741,0.20728138746041702,0.34338537744948566,0.2184,0.20728138746041702,1.0,1.0,0.792718612539583,567.4581298911347,388.0131741001638
ISIC_0024424,adaptive,0.9859740740740741,0.06083474511011859,0.11469221835075494,0.07400740740740741,0.06083474511011859,1.0,1.0,0.9391652548898815,368.79314491276654,197.158355145775
ISIC_0024424,kmeans,0.9859740740740741,0.0337586819576805,0.0653125,0.04731111111111111,0.0337586819576805,1.0,1.0,0.9662413180423195,497.1866832185937,449.06578388179753
ISIC_0024424,watershed,0.9859740740740741,0.036681153812924236,0.07076651037401532,0.050192592592592594,0.036681153812924236,1.0,1.0,0.9633188461870758,501.1621492828782,450.58208520309665
ISIC_0024425,otsu,0.14844074074074073,0.7980007314397172,0.8876534002305241,0.9693148148148149,0.8166371416452506,0.995929036495144,0.9721974692568169,0.2067167344494623,23.399775107201982,9.289734041935626
ISIC_0024425,adaptive,0.14844074074074073,0.4579130971309239,0.6281761211036054,0.9153962962962963,0.48144913795254374,0.9910404008333297,0.9035399887619404,0.5699493500336835,61.63926090898003,23.101225238685437
ISIC_0024425,kmeans,0.14844074074074073,0.6071793848379774,0.7555838390736803,0.9416777777777777,0.6073005813518302,0.9999652054401295,0.9996714309183505,0.39289902442675717,36.849632053149044,18.993080190827587
ISIC_0024425,watershed,0.14844074074074073,0.7029421225843169,0.8255619650978626,0.9555370370370371,0.7088001197634671,0.998547327125404,0.9883793751304711,0.2995334214925522,31.94836174689818,14.088238520551508
ISIC_0024426,otsu,0.5258037037037037,0.596014225888592,0.7468783375746628,0.7867,0.5984911986588433,0.9953918130481985,0.9931039319276264,0.4056646967252953,103.23080912280315,35.37106881713224
ISIC_0024426,adaptive,0.5258037037037037,0.15790140934350372,0.27273722627737224,0.5571777777777778,0.15791698070678398,0.9998906531909743,0.9993759194044488,0.8421816337599582,146.26413083089707,79.4543212030266
ISIC_0024426,kmeans,0.5258037037037037,0.0773348735973853,0.14356701057889712,0.5148592592592592,0.0773348735973853,1.0,1.0,0.9226651264026147,216.15056406160454,124.01967119888236
ISIC_0024426,watershed,0.5258037037037037,0.1074052420632964,0.19397640174283623,0.5306703703703703,0.1074052420632964,1.0,1.0,0.8925947579367036,222.1553503200954,113.22164970129747
ISIC_0024427,otsu,0.3454740740740741,0.6084430011963767,0.7565614706194879,0.864237037037037,0.6106477411608311,0.9980873914962484,0.9941010157422597,0.39297583567400673,73.97972695272672,30.589664558787486
ISIC_0024427,adaptive,0.3454740740740741,0.3848957667220872,0.5558479937202752,0.7862444444444444,0.38716524796843843,0.9968877672276231,0.9849989090115645,0.6187311048693154,114.27160400973068,42.404643866292474
ISIC_0024427,kmeans,0.3454740740740741,0.4165604822734525,0.5881294692125115,0.7981925925925926,0.4170651171766118,0.9993605776304025,0.997103752306746,0.5841463153155085,107.743659667288,51.69689263765774
ISIC_0024427,watershed,0.3454740740740741,0.3055531732418525,0.4680823110147641,0.7600814814814815,0.30555972469392567,0.9999886827899186,0.9999298344092057,0.6944617165891207,185.4073313242119,66.81836526074277
ISIC_0024428,otsu,0.17225185185185185,0.778295505786863,0.8753275293719889,0.9617592592592593,0.7793497892835641,0.9997181107153723,0.9982648930017352,0.22200481637567732,28.821067811865476,11.473811843894286
ISIC_0024428,adaptive,0.17225185185185185,0.19864482374131573,0.3314490161001789,0.8615851851851852,0.19919153693988131,0.9994272725645661,0.9863713798977853,0.8035606777328632,91.83354503059061,46.88072815193649
ISIC_0024428,kmeans,0.17225185185185185,0.7038780687045875,0.8262070879751706,0.9489814814814815,0.704029414294315,0.9999552556691067,0.9996946844563857,0.2961856024769932,32.0,15.801717328117006
ISIC_0024428,watershed,0.17225185185185185,0.5115248989421175,0.6768329113203789,0.9158592592592593,0.5115248989421175,1.0,1.0,0.4884751010578825,67.2383555439347,28.82020226213971
ISIC_0024429,otsu,0.48002222222222224,0.6313133651219851,0.7739939837675237,0.8230222222222222,0.6313133651219851,1.0,1.0,0.3686866348780149,75.43208866258443,32.22350640780546
ISIC_0024429,adaptive,0.48002222222222224,0.25263336207958603,0.403363617363937,0.6405111111111111,0.2531518602533833,0.998105332136701,0.9919579151046076,0.7489005138650988,123.23737550511179,51.832833901598775
ISIC_0024429,kmeans,0.48002222222222224,0.37653349381973056,0.5470749466108392,0.7007222222222222,0.37653349381973056,1.0,1.0,0.6234665061802694,110.48710296390523,57.39291627106117
ISIC_0024429,watershed,0.48002222222222224,0.4318550067126522,0.6032105271666208,0.7272777777777778,0.4318550067126522,1.0,1.0,0.5681449932873478,102.78032817860056,51.47062728868692
ISIC_0024430,otsu,0.16971851851851852,0.6129257162173583,0.7600172903868069,0.9321444444444444,0.6330961941340782,0.9932731425308686,0.9505881581965333,0.3998123254189944,82.68433745197036,27.809388359551196
ISIC_0024430,adaptive,0.16971851851851852,0.24096664283010139,0.388353134586377,0.866337037037037,0.25002182262569833,0.9923185354364428,0.8693375825176417,0.7875567388268156,164.21372345363417,53.07545503854895
ISIC_0024430,kmeans,0.16971851851851852,0.37131197625698326,0.5415426725441207,0.8933,0.37131197625698326,1.0,1.0,0.6286880237430168,72.27581323609142,39.51465072123762
ISIC_0024430,watershed,0.16971851851851852,0.4345321229050279,0.6058172082268468,0.9040296296296296,0.4345321229050279,1.0,1.0,0.565467877094972,65.11720194346405,34.840526890732924
ISIC_0024431,otsu,0.07618148148148148,0.0,0.0,0.8682037037037037,0.0,0.9397989824841338,0.0,1.7300306286158782,354.3754388312007,234.41325991235777
ISIC_0024431,adaptive,0.07618148148148148,0.2850840039531272,0.44368150731961875,0.9249814814814815,0.392678302299577,0.9688771644262341,0.5099116161616162,0.9847343089114687,118.38721203843188,35.38711251614049
ISIC_0024431,kmeans,0.07618148148148148,0.0,0.0,0.8980222222222223,0.0,0.9720764459910757,0.0,1.338616364431912,367.1808816225207,253.96982008782524
ISIC_0024431,watershed,0.07618148148148148,0.0,0.0,0.8987111111111111,0.0,0.9728221431979185,0.0,1.3295736302202343,367.8790313550012,257.57807483715897
ISIC_0024432,otsu,0.05932962962962963,0.0,0.0,0.7370925925925926,0.0,0.7835822364665074,0.0,4.431300330857107,318.0216119041295,218.47996771421077
ISIC_0024432,adaptive,0.05932962962962963,0.0,0.0,0.855025925925926,0.0,0.9089538193801898,0.0,2.4435358012360324,330.9825468123599,229.0515752269699
ISIC_0024432,kmeans,0.05932962962962963,0.0,0.0,0.7936777777777778,0.0,0.8437363424823117,0.0,3.4775578999937573,337.8387184314943,225.12286475400632
ISIC_0024432,watershed,0.05932962962962963,0.0,0.0,0.7942148148148148,0.0,0.8443072513298239,0.0,3.468506148948124,293.393933134276,207.82617135055204
ISIC_0024433,otsu,0.09398888888888889,0.7281790597785396,0.8427125136811383,0.9744518518518519,0.7281790597785396,1.0,1.0,0.27182094022146036,23.709698655546894,11.23169906799199
ISIC_0024433,adaptive,0.09398888888888889,0.5114085792515972,0.676731078904992,0.9524148148148148,0.5299286755723687,0.9962431987180274,0.9360339667293103,0.506285218899003,49.01020301937138,20.721577243234034
ISIC_0024433,kmeans,0.09398888888888889,0.6937778303187926,0.8192075936998349,0.9712185185185185,0.6937778303187926,1.0,1.0,0.3062221696812074,24.795128356990745,12.881022626472813
ISIC_0024433,watershed,0.09398888888888889,0.5604287346810104,0.7183009671961413,0.9586851851851852,0.5604287346810104,1.0,1.0,0.43957126531898966,44.654227123532216,19.819209828750243
ISIC_0024434,otsu,0.13822222222222222,0.8029206859592711,0.8906888608159322,0.9727592592592592,0.8029206859592711,1.0,1.0,0.19707931404072884,17.0,9.802177694236816
ISIC_0024434,adaptive,0.13822222222222222,0.5306363027461487,0.6933538709282177,0.9351148148148148,0.5307073954983923,0.9999785112600997,0.9997476149613851,0.46942658092175776,62.07454008670757,21.945433907265976
ISIC_0024434,kmeans,0.13822222222222222,0.767390139335477,0.8683879379614609,0.9678481481481481,0.767390139335477,1.0,1.0,0.23260986066452305,18.439088914585774,11.629721178188444
ISIC_0024434,watershed,0.13822222222222222,0.6140139335476956,0.7608533244791235,0.9466481481481481,0.6140139335476956,1.0,1.0,0.3859860664523044,35.86640897732676,20.062906406926164
ISIC_0024435,otsu,0.11338888888888889,0.28234525559366325,0.440357625003184,0.918625925925926,0.28234525559366325,1.0,1.0,0.7176547444063368,104.65634237310117,40.274514147859335
ISIC_0024435,adaptive,0.11338888888888889,0.16757444310361697,0.287047124221347,0.9054703703703704,0.16782622897272578,0.9998078409257054,0.9911265432098766,0.8336763024661114,102.34556653535994,43.24831520545284
ISIC_0024435,kmeans,0.11338888888888889,0.11226522946268169,0.20186773170445202,0.8993407407407408,0.11226522946268169,1.0,1.0,0.8877347705373183,108.53311718592096,56.53961356810062
ISIC_0024435,watershed,0.11338888888888889,0.14799934672546136,0.2578387298696865,0.9033925925925926,0.14799934672546136,1.0,1.0,0.8520006532745387,108.23469763460083,50.36001288284959
ISIC_0024436,otsu,0.13327407407407407,0.8772874932322685,0.9346330771338341,0.9832111111111111,0.9005947087594487,0.9959148092438124,0.9713455025027725,0.12597265451311693,12.206555615733702,5.756805939151485
ISIC_0024436,adaptive,0.13327407407407407,0.5228765064212442,0.6866958735216194,0.9329888888888889,0.5510226767452201,0.9917227881854233,0.9110039053526303,0.5028068030235661,64.28841264178172,21.161537994788212
ISIC_0024436,kmeans,0.13327407407407407,0.7954764064088823,0.8860895120308577,0.972437037037037,0.8043852823477101,0.9982778955285109,0.9862682295216029,0.20681413961760783,18.439088914585774,9.784595076500779
ISIC_0024436,watershed,0.13327407407407407,0.7171219297279436,0.8352603473436072,0.9619518518518518,0.7237383281458426,0.9985812935867633,0.9874123222748815,0.28548799466429525,27.80287754891569,13.769463248427975
ISIC_0024437,otsu,0.04625925925925926,0.5130504403522819,0.6781670017991321,0.977474074074074,0.5130504403522819,1.0,1.0,0.4869495596477182,26.832815729997478,16.725783215166153
ISIC_0024437,adaptive,0.04625925925925926,0.5088070456365092,0.6744494560891483,0.9772777777777778,0.5088070456365092,1.0,1.0,0.4911929543634908,29.23247433222457,16.241931951216795
ISIC_0024437,kmeans,0.04625925925925926,0.47526020816653325,0.6443069575599696,0.9757259259259259,0.47526020816653325,1.0,1.0,0.5247397918334668,28.284271247461902,18.402283159621227
ISIC_0024437,watershed,0.04625925925925926,0.4410728582866293,0.6121451191732874,0.9741444444444445,0.4410728582866293,1.0,1.0,0.5589271417133707,30.27043995086985,19.892300032224693
ISIC_0024438,otsu,0.5001,0.4066668147851911,0.5781992018448125,0.703274074074074,0.4066668147851911,1.0,1.0,0.5933331852148089,140.73023839957068,60.74441174646136
ISIC_0024438,adaptive,0.5001,0.08076065787427522,0.14945151322055267,0.5402407407407407,0.08076903137890941,0.9998962755514066,0.9987179487179487,0.9193346515882008,353.83640026850185,111.29830732871878
ISIC_0024438,kmeans,0.5001,0.07328811752162066,0.13656746278129614,0.5364518518518518,0.07330385774696913,0.9997851422136279,0.9970786743225547,0.9269109141134736,367.66047742456726,152.73500201500005
ISIC_0024438,watershed,0.5001,0.1325100504186749,0.23401125733001235,0.5660333333333334,0.13255126752427293,0.9996888266542198,0.9976588628762542,0.8677597813770579,348.8581368531544,130.7415245157088
ISIC_0024439,otsu,0.1355925925925926,0.7204617649337569,0.8375213906151491,0.9599111111111112,0.7620049166894292,0.9909550537726552,0.92965209277526,0.29565692433761265,39.49763532897005,13.416449666259224
ISIC_0024439,adaptive,0.1355925925925926,0.5050086615952399,0.6711039935942348,0.9269777777777778,0.5494400437039061,0.9861990659411286,0.8619729173808708,0.5385413821360284,58.35576244260922,21.94486349148438
ISIC_0024439,kmeans,0.1355925925925926,0.5945643266866977,0.745738904020419,0.9450259259259259,0.5945643266866977,1.0,1.0,0.4054356733133024,35.510561809129406,19.373578235215188
ISIC_0024439,watershed,0.1355925925925926,0.6050232050232051,0.7539120968839298,0.9464148148148148,0.6053537284894838,0.9999143065255581,0.9990983680461636,0.39519257033597377,37.46529269146605,19.030585560422917
ISIC_0024440,otsu,0.27263333333333334,0.3164315307752715,0.48074134260354423,0.8130111111111111,0.3174933094238633,0.9987422920835688,0.9895418748412228,0.6858621673391205,171.10902918942855,47.89992381665614
ISIC_0024440,adaptive,0.27263333333333334,0.15307186397176772,0.2655027301498974,0.7653444444444445,0.15556098952602193,0.993904953943449,0.905360531309298,0.8607001670945919,190.87319319393936,61.94608326896202
ISIC_0024440,kmeans,0.27263333333333334,0.12720924861773375,0.22570653811388972,0.7620481481481481,0.12720924861773375,1.0,1.0,0.8727907513822662,204.88289338058462,86.5432447687392
ISIC_0024440,watershed,0.27263333333333334,0.16537839783733851,0.28381922668935855,0.7724481481481481,0.16538289114398663,0.9999898161302313,0.9998357424441524,0.8346442787083452,207.6162301485689,72.92688392081749
ISIC_0024441,otsu,0.3197888888888889,0.7477270884727193,0.8556565763664317,0.9193259259259259,0.7477270884727193,1.0,1.0,0.2522729115272807,35.0,19.098474488116924
ISIC_0024441,adaptive,0.3197888888888889,0.42676302653370857,0.5982255197214082,0.8166851851851852,0.42676302653370857,1.0,1.0,0.5732369734662914,108.41217516701208,42.48179742262802
ISIC_0024441,kmeans,0.3197888888888889,0.6102984607901046,0.7579942174081906,0.8753777777777778,0.6102984607901046,1.0,1.0,0.3897015392098954,52.04805117450893,30.944398153938778
ISIC_0024441,watershed,0.3197888888888889,0.6085032949978574,0.7566080801825997,0.8748037037037037,0.6085032949978574,1.0,1.0,0.3914967050021426,50.99019513592785,30.955614664488927
ISIC_0024442,otsu,0.20257777777777777,0.7808056655776006,0.876912827345872,0.9555222222222223,0.7821047242942811,0.9995773418050756,0.9978772539597378,0.21955901711276876,36.0,13.341198136722966
ISIC_0024442,adaptive,0.20257777777777777,0.2283723962801551,0.37182925466532574,0.8334370370370371,0.2433450343718005,0.98334448036265,0.7877604166666666,0.8222173467895276,150.52490921147285,56.542413584081736
ISIC_0024442,kmeans,0.20257777777777777,0.705954405016545,0.827635724542941,0.9404296296296296,0.7059931256399006,0.9999860662133542,0.999922316018437,0.2940617229779143,49.0,18.271668515794666
ISIC_0024442,watershed,0.20257777777777777,0.5268575398566623,0.6901201010621101,0.9041518518518519,0.5268575398566623,1.0,1.0,0.4731424601433377,82.80093313688336,32.562896600616625
ISIC_0024443,otsu,0.13427037037037037,0.3427201917315758,0.5104863900044623,0.8781111111111111,0.47334013736794195,0.940889080929381,0.5539593892242631,0.9077869417703363,122.63216647048658,47.978544982386644
ISIC_0024443,adaptive,0.13427037037037037,0.2527667502051498,0.40353361894982825,0.8752148148148148,0.3143739828427992,0.9621984453276405,0.5632876983146345,0.9293575704079662,70.61090564131656,25.897970162655614
ISIC_0024443,kmeans,0.13427037037037037,0.20856174761025867,0.3451404084609774,0.8935925925925926,0.2088378892781287,0.9997946497709062,0.9936999606247539,0.7924861390781452,125.41211965302618,48.46165095376409
ISIC_0024443,watershed,0.13427037037037037,0.2820194384449244,0.4399612517373542,0.9015037037037037,0.2881416710341213,0.9966331118688154,0.9299385738449212,0.7335668772239539,103.39124707741085,36.98305834361988
ISIC_0024444,otsu,0.18254074074074075,0.6533576790424022,0.7903403931577785,0.9367185185185185,0.653410704865479,0.9999818769991935,0.9998758072528564,0.3466704540843242,45.36297707568834,20.38209413827757
ISIC_0024444,adaptive,0.18254074074074075,0.48653791651483863,0.6545920034862185,0.9060592592592592,0.4876435498924644,0.9994925559774187,0.9953615505673817,0.5146289007020249,72.63743835767372,28.59266806596512
ISIC_0024444,kmeans,0.18254074074074075,0.5564866290630199,0.7150548146989428,0.9190407407407407,0.5564866290630199,1.0,1.0,0.44351337093698007,49.09175083453431,25.51956337321585
ISIC_0024444,watershed,0.18254074074074075,0.5336200949559713,0.6958960654089381,0.9148666666666667,0.5336200949559713,1.0,1.0,0.4663799050440287,56.722567831684046,27.821564623343786
ISIC_0024445,otsu,0.13955185185185184,0.6518394737540119,0.7892285952855033,0.9513851851851852,0.6522200695347541,0.9999053034379156,0.9991055819815424,0.34836381007988537,88.89881249118639,19.67120015373966
ISIC_0024445,adaptive,0.13955185185185184,0.3759215062317688,0.5464287090930116,0.912837037037037,0.3762307916876775,0.9998665639352448,0.9978179770535651,0.6245919477693145,101.03217233597562,29.138371215275143
ISIC_0024445,kmeans,0.13955185185185184,0.5249873935083202,0.6885137486947441,0.9337111111111112,0.5249873935083202,1.0,1.0,0.4750126064916797,103.7667496081434,30.420303554835513
ISIC_0024445,watershed,0.13955185185185184,0.5191220573794422,0.683450095214801,0.9328925925925926,0.5191220573794422,1.0,1.0,0.4808779426205579,108.0,32.491900663037455
ISIC_0024446,otsu,0.2126925925925926,0.35619385043654306,0.525284568016421,0.8304,0.4411687882006722,0.9355515517022388,0.6490329191750993,0.7973949535932575,124.27489337390078,43.06233514295148
ISIC_0024446,adaptive,0.2126925925925926,0.19714220327831336,0.32935469610619256,0.7921074074074074,0.24000905497414107,0.9412578267230551,0.5246669204415684,0.9774322182945304,139.25318254191004,53.56993488795871
ISIC_0024446,kmeans,0.2126925925925926,0.0,0.0,0.7330851851851852,0.0,0.9311295413810785,0.0,1.254932348895119,304.7900908549082,142.41857650729648
ISIC_0024446,watershed,0.2126925925925926,0.0,0.0,0.7317592592592592,0.0,0.9294454140459983,0.0,1.2611663503230188,306.5293607305613,147.08765887922473
ISIC_0024447,otsu,0.10627777777777778,0.8639387079923385,0.9270033443566317,0.9855296296296296,0.8645408607771389,0.9999171173411243,0.9991944578701466,0.13615612476041122,11.0,5.344079470262972
ISIC_0024447,adaptive,0.10627777777777778,0.752310974164494,0.8586500743946976,0.9729074074074074,0.7742812336644015,0.9965272165931083,0.9636537126995143,0.25492246035894756,36.0,9.741699607417532
ISIC_0024447,kmeans,0.10627777777777778,0.8201045296167248,0.9011620116009725,0.9808777777777777,0.8202474298658303,0.9999792793352811,0.9997876136267098,0.17992681651855724,13.038404810405298,7.193060451752576
ISIC_0024447,watershed,0.10627777777777778,0.7817725752508361,0.8775222900046926,0.9768,0.7820177731312076,0.999962702803506,0.9995990912735534,0.21829587036069,18.471486179216246,8.72767485469258
ISIC_0024448,otsu,0.3143740740740741,0.6010646993910165,0.7508312432591118,0.8553962962962963,0.6930290642193188,0.9298451266482641,0.8191527878349022,0.45997337448899045,110.47374897369396,31.916851168857328
ISIC_0024448,adaptive,0.3143740740740741,0.2618041919722362,0.4149680174433859,0.7605074074074074,0.27017824954936914,0.9853337582852111,0.8941437928883343,0.7618077072607533,107.76547878575437,32.70361757534025
ISIC_0024448,kmeans,0.3143740740740741,0.19860831263764583,0.33139818995680137,0.7466296296296296,0.1997384573697294,0.9973908674960431,0.9723002810116419,0.8059518620185907,238.2518623384245,75.33618066432308
ISIC_0024448,watershed,0.3143740740740741,0.21043040208004457,0.34769516978164766,0.7480629629629629,0.21358136685477316,0.9931341461438318,0.9344845360824743,0.8013925377881976,236.30488780387088,73.49990202855543
ISIC_0024449,otsu,0.7542444444444445,0.12818007277155527,0.22723335727187657,0.3424185185185185,0.1281832199012011,0.9999246465925189,0.9998084951549274,0.8718413325083724,325.91670586068835,102.96536256270998
ISIC_0024449,adaptive,0.7542444444444445,0.12079294461958497,0.2155490810313479,0.336862962962963,0.12079294461958497,1.0,1.0,0.879207055380415,197.89390994025229,141.76956756791103
ISIC_0024449,kmeans,0.7542444444444445,0.05339658034039461,0.10137982472496737,0.28602962962962963,0.05339658034039461,1.0,1.0,0.9466034196596054,232.88559406196603,182.48590989987235
ISIC_0024449,watershed,0.7542444444444445,0.06386572778252457,0.12006351199158097,0.2939259259259259,0.06386572778252457,1.0,1.0,0.9361342722174755,229.95303852115248,173.41269636781735
ISIC_0024450,otsu,0.5925370370370371,0.13549395255805233,0.23865200206977794,0.48774814814814815,0.13549395255805233,1.0,1.0,0.8645060474419477,295.1434183377459,114.73850823301032
ISIC_0024450,adaptive,0.5925370370370371,0.23910978338312314,0.3859380122563236,0.5490851851851852,0.23914116948463918,0.9998091169385993,0.9994514106583072,0.760990092821202,214.818222408054,68.49213255389024
ISIC_0024450,kmeans,0.5925370370370371,0.01803294058818014,0.035427027690796344,0.41814814814814816,0.01803294058818014,1.0,1.0,0.9819670594118198,378.8804560444017,192.90041935675072
ISIC_0024450,watershed,0.5925370370370371,0.029208988342657123,0.0567600723924741,0.42477037037037035,0.029208988342657123,1.0,1.0,0.9707910116573428,406.8141436137115,202.86828528336846
ISIC_0024451,otsu,0.5484481481481481,0.5781362902735665,0.7326823340122897,0.7686296296296297,0.5781362902735665,1.0,1.0,0.4218637097264335,91.08235649816241,44.03191940419296
ISIC_0024451,adaptive,0.5484481481481481,0.1889844071825555,0.3178921540785842,0.5552,0.1889844071825555,1.0,1.0,0.8110155928174445,163.46528291967087,86.46177403676235
ISIC_0024451,kmeans,0.5484481481481481,0.4292583113296101,0.6006728215983292,0.6869777777777778,0.4292583113296101,1.0,1.0,0.5707416886703899,121.80722474467596,63.37580859331141
ISIC_0024451,watershed,0.5484481481481481,0.4487476448700373,0.6194973244084798,0.6976666666666667,0.4487476448700373,1.0,1.0,0.5512523551299626,109.54285612350483,60.69509242667154
ISIC_0024452,otsu,0.24711111111111111,0.45573357713463525,0.626122230458776,0.8655037037037037,0.4557404076738609,0.9999950806768989,0.9999671139173901,0.5442745803357314,99.73195447946044,35.091306328515984
ISIC_0024452,adaptive,0.24711111111111111,0.10538932921804534,0.19068273310110198,0.7788555555555555,0.10542565947242206,0.9998868555686737,0.9967408247130509,0.8949190647482015,152.4749149035758,76.41517473554977
ISIC_0024452,kmeans,0.24711111111111111,0.34866606714628295,0.5170532211639977,0.8390481481481481,0.34866606714628295,1.0,1.0,0.651333932853717,111.90352526103543,42.183304619674985
ISIC_0024452,watershed,0.24711111111111111,0.32182254196642684,0.4869375907111756,0.8324148148148148,0.32182254196642684,1.0,1.0,0.6781774580335731,123.21516142598632,49.14941240287765
ISIC_0024453,otsu,0.2609962962962963,0.4475492766150402,0.6183544613577406,0.8556037037037038,0.44819707956690175,0.9994888012389053,0.996780912705927,0.5532503654089032,85.04203700704467,27.10397895019039
ISIC_0024453,adaptive,0.2609962962962963,0.35290770004499855,0.5217025522631893,0.8189148148148148,0.3783933360768565,0.9744951912234189,0.8397367260817534,0.6938228157061971,83.46764630794252,30.051044493411585
ISIC_0024453,kmeans,0.2609962962962963,0.24881516587677724,0.3984819734345351,0.8039296296296297,0.24883282010529453,0.9999749412372012,0.999714937286203,0.7512381330797939,201.46265142742106,58.081809177483564
ISIC_0024453,watershed,0.2609962962962963,0.25941903532049554,0.41196619718309857,0.8067111111111112,0.25941903532049554,1.0,1.0,0.7405809646795045,211.0510369864054,60.205015622825435
ISIC_0024454,otsu,0.7304518518518518,0.1854310262959279,0.3128499628955002,0.39640740740740743,0.18810781758627335,0.9608810354777543,0.9287287838582086,0.8263276916368356,294.08484001827907,122.22050633292108
ISIC_0024454,adaptive,0.7304518518518518,0.06725416028637779,0.12603213515388198,0.31867407407407405,0.06725416028637779,1.0,1.0,0.9327458397136222,231.39992975914,139.57937775903955
ISIC_0024454,kmeans,0.7304518518518518,0.034225390676496534,0.06618555488008158,0.29454814814814817,0.034225390676496534,1.0,1.0,0.9657746093235035,313.0158732682513,192.45196668491658
ISIC_0024454,watershed,0.7304518518518518,0.06161912964182583,0.1160851908586372,0.31397407407407407,0.061671618784922576,0.9976916101019538,0.9863758008271836,0.9391802131608036,476.82082410701213,226.24659256164946
ISIC_0024455,otsu,0.07872592592592592,0.6092438944358506,0.7571803087678416,0.969125925925926,0.6114508844561536,0.9996904447946483,0.9941104482178369,0.39217162213022205,34.26728429165533,14.856518883535585
ISIC_0024455,adaptive,0.07872592592592592,0.38692853451111214,0.5579646317501186,0.9516740740740741,0.38742002258185926,0.9998914546682534,0.9967320261437909,0.6138502070003764,49.64876634922564,23.321675467132707
ISIC_0024455,kmeans,0.07872592592592592,0.5675815396183852,0.7241493029530804,0.9659222222222222,0.5681689875799775,0.9999115556556138,0.9981816679064386,0.4328660143018442,35.02565161852067,16.56212110888159
ISIC_0024455,watershed,0.07872592592592592,0.4282555513737298,0.5996903718831319,0.9549888888888889,0.4282555513737298,1.0,1.0,0.5717444486262703,46.03856931514895,23.236054428131972
ISIC_0024456,otsu,0.19196666666666667,0.6043701948089485,0.7534049146069035,0.9239555555555555,0.605139781212016,0.9996974822270809,0.997900162260189,0.3961335880071772,64.07181541631545,22.896906398020885
ISIC_0024456,adaptive,0.19196666666666667,0.4234607140217311,0.5949735174992211,0.8844444444444445,0.4421292276822751,0.9895264680133291,0.9093289948811555,0.6019563581640331,71.10553656850858,25.416255136212477
ISIC_0024456,kmeans,0.19196666666666667,0.5502546492784937,0.7098893714456377,0.9136555555555556,0.5503077308946384,0.9999770819869,0.9998247335950645,0.44978873647045203,67.61286344534213,27.073787955169824
ISIC_0024456,watershed,0.19196666666666667,0.41977237654320987,0.5913234874526161,0.8885962962962963,0.419845266346395,0.9999587475764201,0.9995865870463941,0.5803283749107677,101.1328333902952,39.016329784699906
ISIC_0024457,otsu,0.4859703703703704,0.45804535328725654,0.6283005562955418,0.7188740740740741,0.4889186964606896,0.9362769115485489,0.8788426763110307,0.578483675273603,129.0,49.61839156979034
ISIC_0024457,adaptive,0.4859703703703704,0.5152480314692691,0.6800840796600882,0.7361925925925926,0.5769975307136542,0.8866976972072513,0.8280180239298292,0.5428466908514465,118.55276274557893,40.30621382351203
ISIC_0024457,kmeans,0.4859703703703704,0.1157128022995079,0.20742399309395992,0.5647407407407408,0.11719964637380727,0.9878519756751304,0.9011954992967651,0.8956497881291345,255.09136693177086,79.38978141960546
ISIC_0024457,watershed,0.4859703703703704,0.11234452523686869,0.2019959152726453,0.5673074074074074,0.11268786391488583,0.9971107012133614,0.973595838546125,0.8903682590007012,263.01844038786265,85.87499170156752
ISIC_0024458,otsu,0.624437037037037,0.5181022313431951,0.6825656673790482,0.6990851851851851,0.5181022313431951,1.0,1.0,0.48189776865680495,94.94418870393801,46.266508018821845
ISIC_0024458,adaptive,0.624437037037037,0.15142528381119585,0.26302233577845546,0.4701185185185185,0.15142528381119585,1.0,1.0,0.8485747161888041,170.5244829122484,103.70195555556472
ISIC_0024458,kmeans,0.624437037037037,0.14703614515000177,0.25637578339917677,0.4673777777777778,0.14703614515000177,1.0,1.0,0.8529638548499983,246.1013689418074,110.12517414594149
ISIC_0024458,watershed,0.624437037037037,0.23069668679343763,0.37490421363612264,0.5196185185185185,0.23069668679343763,1.0,1.0,0.7693033132065623,156.42409868294857,90.73466962048887
ISIC_0024459,otsu,0.5565296296296296,0.7780358438205014,0.875163283715046,0.8764703703703703,0.7780358438205014,1.0,1.0,0.2219641561794986,59.23004830042605,23.834279949131783
ISIC_0024459,adaptive,0.5565296296296296,0.5130272251378551,0.678146720183587,0.7288481481481481,0.5132867039790234,0.999365275562274,0.9990155950468887,0.4872190758869449,148.14098010500314,52.7517142457877
ISIC_0024459,kmeans,0.5565296296296296,0.5765624272109567,0.7314171862270419,0.7643444444444445,0.5765624272109567,1.0,1.0,0.4234375727890432,136.03526122804215,45.437489474810086
ISIC_0024459,watershed,0.5565296296296296,0.6520234522137852,0.7893634334791612,0.8063407407407407,0.6520234522137852,1.0,1.0,0.34797654778621484,91.28086378610926,36.142746395794155
ISIC_0024460,otsu,0.14577407407407408,0.7698088298763615,0.8699344436315646,0.9664185185185186,0.7703955893188343,0.9998699277231715,0.9990115972588297,0.23036662516832238,24.0,10.218406399413263
ISIC_0024460,adaptive,0.14577407407407408,0.6116967362659639,0.7590717564933023,0.9432444444444444,0.6133285906654132,0.9995447470311003,0.995669210146422,0.38933916003963515,47.074344520616805,15.675104631847152
ISIC_0024460,kmeans,0.14577407407407408,0.6114230544475215,0.7588609989909183,0.9433555555555555,0.6114230544475215,1.0,1.0,0.38857694555247846,47.78910522620573,17.345557199882208
ISIC_0024460,watershed,0.14577407407407408,0.5676719428847278,0.7242228777025056,0.9369777777777778,0.5676719428847278,1.0,1.0,0.4323280571152722,50.412270554356354,19.616976783636257
ISIC_0024461,otsu,0.3000074074074074,0.2609036975562708,0.4138360416611077,0.7559148148148148,0.2872027851164169,0.9567984846400491,0.7402080880715263,0.8135971951309844,138.00362314084367,61.353366947877966
ISIC_0024461,adaptive,0.3000074074074074,0.0768587417747986,0.14274619092217375,0.7220148148148148,0.0771462433026345,0.9983968084318352,0.9537545787545788,0.9265944050764179,185.79447198395303,84.80936730473455
ISIC_0024461,kmeans,0.3000074074074074,0.07436853411026888,0.13844138533311884,0.7223037037037037,0.07436853411026888,1.0,1.0,0.9256314658897311,221.7381335288407,108.49244827665129
ISIC_0024461,watershed,0.3000074074074074,0.21484654699883954,0.3537015395559169,0.7644481481481481,0.21484654699883954,1.0,1.0,0.7851534530011605,172.43113334773204,70.1868967690768
ISIC_0024462,otsu,0.46525925925925926,0.6905349466645438,0.8169425281943823,0.8560185185185185,0.6905349466645438,1.0,1.0,0.30946505333545615,79.0,27.266913369168304
ISIC_0024462,adaptive,0.46525925925925926,0.17600796019900497,0.29933123950831214,0.6166148148148148,0.17601496576978187,0.9999653691647042,0.9997739193344185,0.8240248368094253,220.36979968345966,60.52496269502309
ISIC_0024462,kmeans,0.46525925925925926,0.5261582550549275,0.6895199148740846,0.7795407407407408,0.5261582550549275,1.0,1.0,0.4738417449450724,99.0,42.25154438327097
ISIC_0024462,watershed,0.46525925925925926,0.543281324629836,0.7040599998968365,0.7875074074074074,0.543281324629836,1.0,1.0,0.456718675370164,99.91894930714932,40.137670497487356
ISIC_0024463,otsu,0.5235333333333333,0.21283437577299552,0.35097022318046733,0.5874814814814815,0.21304667713683376,0.9989039690312952,0.9953397673188789,0.7879508185123874,354.1087403609236,110.73703145490464
ISIC_0024463,adaptive,0.5235333333333333,0.23199018896117168,0.3766104487516877,0.5964222222222222,0.2328551013766855,0.9959034870885998,0.984241373123617,0.7708731270427438,200.4008423957724,64.52420071216771
ISIC_0024463,kmeans,0.5235333333333333,0.06060670373671775,0.11428685774507907,0.5081962962962963,0.06060670373671775,1.0,1.0,0.9393932962632823,400.685606445546,160.04828688805117
ISIC_0024463,watershed,0.5235333333333333,0.05073786380293448,0.09657568371867552,0.5030296296296296,0.05073786380293448,1.0,1.0,0.9492621361970656,254.15633104656305,149.25983617191315
ISIC_0024464,otsu,0.4495777777777778,0.8762167503911719,0.934025080213669,0.9443296296296296,0.8765343614584878,0.9997039309890051,0.9995866332215364,0.12382811856392005,21.016657229140044,10.757089495081889
ISIC_0024464,adaptive,0.4495777777777778,0.5550586413652236,0.7138748682531023,0.7999148148148149,0.5551958215939236,0.9997981347652307,0.9995550479806594,0.4450513238759,107.89624177862243,39.326339881324245
ISIC_0024464,kmeans,0.4495777777777778,0.6374293575865421,0.7785732613540886,0.8369962962962963,0.6374293575865421,1.0,1.0,0.3625706424134579,64.08431672129268,32.421138140758345
ISIC_0024464,watershed,0.4495777777777778,0.7280890360741089,0.8426522255221169,0.8777518518518519,0.7281070304647983,0.9999798134765231,0.9999660575889574,0.2719176840821841,91.21951545584969,27.78710575456625
ISIC_0024465,otsu,0.35751481481481484,0.7708460669850511,0.8705963565737285,0.918074074074074,0.7708460669850511,1.0,1.0,0.22915393301494888,34.99214125298949,18.143189052501654
ISIC_0024465,adaptive,0.35751481481481484,0.3102305788803413,0.4735511197509206,0.7532592592592593,0.3104041272570937,0.9996887087755302,0.9982010194223273,0.6901552901200676,105.68774762471564,42.859400945671894
ISIC_0024465,kmeans,0.35751481481481484,0.715070082565861,0.833866895393648,0.8981333333333333,0.715070082565861,1.0,1.0,0.284929917434139,43.05112763607095,22.89374947096845
ISIC_0024465,watershed,0.35751481481481484,0.6676335608987972,0.8006957602112129,0.8811740740740741,0.6676335608987972,1.0,1.0,0.3323664391012027,49.96393496566487,26.63539735537477
ISIC_0024466,otsu,0.24703333333333333,0.8100506669424051,0.8950585546986575,0.952374074074074,0.8221712469452316,0.9950910226708182,0.9821262268070778,0.19279149612437968,36.07491820800626,11.086090751476828
ISIC_0024466,adaptive,0.24703333333333333,0.07775105920073286,0.14428389290267743,0.7613629629629629,0.08144050135684193,0.9844319506544483,0.6318483191811097,0.9660114844300515,187.65620053902302,68.87848134353743
ISIC_0024466,kmeans,0.24703333333333333,0.22558059341219508,0.3681203743348217,0.8086925925925926,0.22558059341219508,1.0,1.0,0.774419406587805,160.01577983296008,58.535891294461145
ISIC_0024466,watershed,0.24703333333333333,0.3370195549561699,0.5041355658664515,0.8361333333333333,0.33720145729321277,0.9998229226614724,0.9984019176987615,0.6633382809337471,139.6502571163522,47.30176629663897
ISIC_0024467,otsu,0.0836962962962963,0.8047172316134171,0.8917931491062453,0.9836555555555555,0.8047172316134171,1.0,1.0,0.19528276838658287,12.601452018860767,7.685157433024272
ISIC_0024467,adaptive,0.0836962962962963,0.7766616514735817,0.8742932576153827,0.9813074074074074,0.7766616514735817,1.0,1.0,0.22333834852641826,15.747823317504535,8.534730040854301
ISIC_0024467,kmeans,0.0836962962962963,0.7531197451101868,0.8591766160991493,0.979337037037037,0.7531197451101868,1.0,1.0,0.24688025488981324,15.033296378372908,9.836502865725754
ISIC_0024467,watershed,0.0836962962962963,0.6168244977431631,0.7630073623997592,0.9679296296296296,0.6168244977431631,1.0,1.0,0.3831755022568369,23.706539182259394,15.712027690408904
ISIC_0024468,otsu,0.4636037037037037,0.5427068879068087,0.703577448394192,0.7095037037037037,0.74364279836706,0.679997514275653,0.6676086036620789,0.6266047789858835,111.0,40.717215112062455
ISIC_0024468,adaptive,0.4636037037037037,0.45669197975671405,0.6270261470554501,0.6266407407407407,0.6769510996780456,0.5831578365912433,0.5839593125025844,0.805341407492031,118.54218443161304,44.97545697755677
ISIC_0024468,kmeans,0.4636037037037037,0.19439300331471077,0.3255092800698367,0.616537037037037,0.19958777052559257,0.9769034779426489,0.8819189494493082,0.8271352448211675,138.59292911256333,69.03564137067852
ISIC_0024468,watershed,0.4636037037037037,0.08505183457661773,0.15677008575319273,0.5757148148148148,0.08507425722799646,0.9997721419348602,0.9969106908818574,0.9151893779009851,314.8189161960178,136.2088770374284
ISIC_0024469,otsu,0.3545333333333333,0.48142309820338025,0.6499467961411347,0.8160185185185185,0.4817600601729974,0.9996155523422617,0.9985492497239243,0.5189398687894363,102.3730842781603,38.72063434248361
ISIC_0024469,adaptive,0.3545333333333333,0.11501827676240209,0.20630742860354243,0.6861592592592592,0.11504951736241695,0.9998508113566986,0.9976447141951263,0.8852220968618111,243.10077207442214,84.5630206547468
ISIC_0024469,kmeans,0.3545333333333333,0.26036312732439093,0.41315573532702843,0.737774074074074,0.26036312732439093,1.0,1.0,0.7396368726756091,134.17264992818838,65.60730037098928
ISIC_0024469,watershed,0.3545333333333333,0.2660670260331787,0.4203048030826863,0.7397962962962963,0.2660670260331787,1.0,1.0,0.7339329739668212,135.0731283321399,67.57237270367901
ISIC_0024470,otsu,0.6367407407407407,0.341701331316481,0.5093552839829155,0.4971037037037037,0.4099581200558399,0.6498572593800979,0.6723779359294805,0.789797580269893,119.61667809321062,51.028119617548164
ISIC_0024470,adaptive,0.6367407407407407,0.17599236683815242,0.29930868907140384,0.45304814814814814,0.1834632387156817,0.9255913539967373,0.8120960889827236,0.8589867380176827,175.64609198690076,78.78939835742452
ISIC_0024470,kmeans,0.6367407407407407,0.19623662168450443,0.32808997505555365,0.4882111111111111,0.19623662168450443,1.0,1.0,0.8037633783154956,155.86401197345245,95.66246413319345
ISIC_0024470,watershed,0.6367407407407407,0.19852256863657516,0.33127881582140256,0.48966666666666664,0.19852256863657516,1.0,1.0,0.8014774313634249,163.03082340933554,96.1387661659912
ISIC_0024471,otsu,0.5614111111111111,0.5576740443717519,0.7160343287310479,0.7515962962962963,0.5578469597113095,0.9996031042315845,0.9994444838427534,0.44246310553433477,130.04922140776048,41.99484397811893
ISIC_0024471,adaptive,0.5614111111111111,0.14112047255514681,0.24733667644951818,0.5174814814814814,0.1412182265587376,0.999113317964178,0.9951187764399609,0.8594744723942974,180.94377579309784,91.14936343279454
ISIC_0024471,kmeans,0.5614111111111111,0.24024778831119994,0.38741901509590526,0.5734666666666667,0.24024778831119994,1.0,1.0,0.7597522116888,158.6429953379541,73.78006739331808
ISIC_0024471,watershed,0.5614111111111111,0.2078096859105033,0.34410998410539595,0.5552555555555555,0.2078096859105033,1.0,1.0,0.7921903140894967,162.97867952811927,78.82255936525509
ISIC_0024472,otsu,0.2582962962962963,0.0,0.0,0.6658555555555555,0.0,0.8977379406771198,0.0,1.2936478348150273,280.54339401297784,135.43024501321364
ISIC_0024472,adaptive,0.2582962962962963,0.000408050440299588,0.0008157680061051025,0.7187407407407408,0.00044450817321479785,0.9688854489164087,0.0049504950495049506,1.0889016346429596,247.89876914224894,116.02967017963199
ISIC_0024472,kmeans,0.2582962962962963,0.0,0.0,0.7146185185185185,0.0,0.963482472785379,0.0,1.1048609119587038,397.23311349138856,245.12900049733614
ISIC_0024472,watershed,0.2582962962962963,0.0,0.0,0.7028925925925926,0.0,0.9476730250674124,0.0,1.1502581015199311,368.0638531459159,227.33242747500893
ISIC_0024473,otsu,0.16064444444444445,0.614238753132112,0.7610259039318722,0.9378481481481481,0.6160372573431088,0.9994396053409582,0.9952694900733787,0.3868907640521972,60.17474323956452,19.807017388307017
ISIC_0024473,adaptive,0.16064444444444445,0.1680159622044355,0.2876946337057472,0.8656407407407407,0.16890302946465624,0.9989895245911766,0.9696889477167439,0.8363766311615254,199.7068809186047,60.66417324180209
ISIC_0024473,kmeans,0.16064444444444445,0.3602254428341385,0.5296554989937255,0.8969962962962963,0.3610227325125651,0.9995763945884408,0.9939066962868931,0.6411905749988472,64.07807737440318,28.740935842583596
ISIC_0024473,watershed,0.16064444444444445,0.2154516530640476,0.35452114038581917,0.8739666666666667,0.2154516530640476,1.0,1.0,0.7845483469359524,129.64446469643312,45.71128805259041
ISIC_0024474,otsu,0.5077592592592592,0.8231274657798975,0.902984,0.9101703703703704,0.8233195959006528,0.99975922651518,0.9997165758823789,0.17691381888471497,31.400636936215164,15.314743195204423
ISIC_0024474,adaptive,0.5077592592592592,0.08133625937780241,0.15043657081212283,0.5333222222222223,0.08137422954885298,0.99951845303036,0.9942959001782531,0.9190926000218826,297.0269348055829,110.41312863455492
ISIC_0024474,kmeans,0.5077592592592592,0.6576242751376783,0.7934539630014257,0.8261555555555555,0.6576242751376783,1.0,1.0,0.34237572486232176,62.98610648479061,31.656400799121535
ISIC_0024474,watershed,0.5077592592592592,0.6854735767168751,0.8133898818539836,0.8402962962962963,0.6854735767168751,1.0,1.0,0.31452642328312486,54.74486277268398,28.645994488018204
ISIC_0024475,otsu,0.05522592592592593,0.8383215057081148,0.9120510238335012,0.9902962962962963,0.9110723626852659,0.994927260681566,0.9130317897708179,0.1757092079672725,13.95703296631046,5.0455850491829
ISIC_0024475,adaptive,0.05522592592592593,0.5582530765115035,0.7165114382591528,0.9755370370370371,0.5597880759171082,0.9998392717835736,0.9951120648545542,0.44296157199383007,36.87817782917155,13.294972205248124
ISIC_0024475,kmeans,0.05522592592592593,0.853759207518415,0.9211112252937348,0.9914703703703703,0.9016833210381597,0.9967187922646605,0.9413947626382859,0.15444973509489637,13.313356420202252,4.491880567288369
ISIC_0024475,watershed,0.05522592592592593,0.7757510729613734,0.8737160120845922,0.9876148148148148,0.7758030983837435,0.9999960797995994,0.9999135621056271,0.22426396619945008,14.329940999040577,6.494109490081238
ISIC_0024476,otsu,0.267,0.5292332423331162,0.6921550325778651,0.8741814814814814,0.5297544735746983,0.9996412510737204,0.9981443245079846,0.47123040643639896,60.638262773238544,22.99457387984101
ISIC_0024476,adaptive,0.267,0.13365918500159232,0.2358013532989716,0.7682666666666667,0.13390206686086836,0.9993380829670052,0.9866107931316435,0.8679151061173533,313.86262751240724,88.50269732768923
ISIC_0024476,kmeans,0.267,0.35891247052295744,0.5282348617859622,0.8288296296296296,0.35891247052295744,1.0,1.0,0.6410875294770426,79.81951844162509,32.12771705510986
ISIC_0024476,watershed,0.267,0.29228741850464696,0.4523566728566675,0.8110407407407407,0.29228741850464696,1.0,1.0,0.707712581495353,149.74535426698733,46.245820493248324
ISIC_0024477,otsu,0.25777037037037037,0.7139459066168549,0.8331020294871585,0.9242814814814815,0.7331388833012443,0.9906637658306804,0.96462870538415,0.293744073105549,47.08821399653894,14.298788774639013
ISIC_0024477,adaptive,0.25777037037037037,0.3949741459811287,0.5662816721285269,0.8392222222222222,0.40718124084025403,0.9892665741858864,0.9294522794358806,0.6237248196787264,66.12261088617913,23.114725480613995
ISIC_0024477,kmeans,0.25777037037037037,0.5445392272746693,0.7051154385188464,0.8815481481481482,0.5493979712060691,0.9969012285306534,0.9840187348808482,0.45952469898560305,70.0,23.701086100764094
ISIC_0024477,watershed,0.25777037037037037,0.5289281102023246,0.691894022580736,0.8784111111111111,0.5296272881404638,0.999540922745282,0.9975103509863881,0.4716945889249691,72.01803591195953,24.862876941304584
ISIC_0024478,otsu,0.08613703703703704,0.6031766254724593,0.752476821192053,0.9653925925925926,0.6106978544094251,0.9988246880357294,0.9799903401642172,0.4017715096530077,25.632011235952593,15.644646724848704
ISIC_0024478,adaptive,0.08613703703703704,0.36838264561496614,0.5384205167983711,0.9294740740740741,0.477533645784065,0.9720721560490064,0.6171028504750792,0.8187642430236058,138.78903204568658,45.938630973271856
ISIC_0024478,kmeans,0.08613703703703704,0.4872081523842284,0.6551983346825488,0.9558296296296296,0.4872081523842284,1.0,1.0,0.5127918476157716,34.63810467872903,21.988580794969387
ISIC_0024478,watershed,0.08613703703703704,0.4501010448467128,0.6207857672349889,0.9526333333333333,0.4501010448467128,1.0,1.0,0.5498989551532871,35.20794321649937,23.19761525654541
ISIC_0024479,otsu,0.15196666666666667,0.7646413687212108,0.866625233064015,0.9642333333333334,0.7646413687212108,1.0,1.0,0.2353586312787892,41.15883499225507,12.855566804906545
ISIC_0024479,adaptive,0.15196666666666667,0.204235821695791,0.33919572564813505,0.8790703703703704,0.204235821695791,1.0,1.0,0.795764178304209,82.87339742040264,47.27585716559841
ISIC_0024479,kmeans,0.15196666666666667,0.1345080548853306,0.23712137486573576,0.8684740740740741,0.1345080548853306,1.0,1.0,0.8654919451146694,87.8976633551819,65.8706699492448
ISIC_0024479,watershed,0.15196666666666667,0.39599834279726076,0.5673335428232255,0.9082074074074074,0.3960176451950964,0.9999912651931048,0.9998769306504215,0.6040310984377666,71.40552987410656,32.12606599367408
ISIC_0024480,otsu,0.3029296296296296,0.491068917878058,0.6586803761919989,0.845825925925926,0.49108092577422946,0.999989373515613,0.9999502091216889,0.5089435267939015,94.67945413888344,34.93940817758125
ISIC_0024480,adaptive,0.3029296296296296,0.43823105662865375,0.6094028558330645,0.8295925925925925,0.4388257876783509,0.9994102301165194,0.9969169235897009,0.5625313298529178,99.24716620639605,35.37210343085317
ISIC_0024480,kmeans,0.3029296296296296,0.1834309398344561,0.3099985536293572,0.752637037037037,0.1834309398344561,1.0,1.0,0.8165690601655439,146.98894509613513,72.0435264576379
ISIC_0024480,watershed,0.3029296296296296,0.32485236761990927,0.49039783686012495,0.7954777777777777,0.32485236761990927,1.0,1.0,0.6751476323800907,115.44695751729449,50.10933561849347
ISIC_0024481,otsu,0.12314814814814815,0.7051729323308271,0.8270984355433268,0.9636925925925925,0.7051729323308271,1.0,1.0,0.29482706766917294,23.021728866442675,13.321930608098162
ISIC_0024481,adaptive,0.12314814814814815,0.5487885528768112,0.7086681417646831,0.9444074074074074,0.5490526315789473,0.9999324181626188,0.999124343257443,0.4514285714285714,66.935413283896,20.331823673400496
ISIC_0024481,kmeans,0.12314814814814815,0.5038195488721805,0.6700531978720852,0.9388962962962963,0.5038195488721805,1.0,1.0,0.49618045112781956,61.37994431116321,24.85540562864188
ISIC_0024481,watershed,0.12314814814814815,0.5547067669172933,0.7135837814833443,0.945162962962963,0.5547067669172933,1.0,1.0,0.44529323308270674,63.0317380372777,21.962232503862992
ISIC_0024482,otsu,0.491837037037037,0.7332073255218531,0.8460699591159309,0.8687814814814815,0.7332073255218531,1.0,1.0,0.2667926744781469,47.73571132051494,20.68536400207748
ISIC_0024482,adaptive,0.491837037037037,0.4829563411440697,0.6513426292394812,0.7455111111111111,0.4833127503840477,0.9992857351097636,0.9984754200373367,0.5174252236513148,118.00423721205946,40.729228507398005
ISIC_0024482,kmeans,0.491837037037037,0.3662459712641947,0.5361347502094449,0.6882962962962963,0.3662459712641947,1.0,1.0,0.6337540287358053,123.16553893206857,54.48452161115784
ISIC_0024482,watershed,0.491837037037037,0.4387481550649116,0.609902648382707,0.7239555555555556,0.4387481550649116,1.0,1.0,0.5612518449350884,114.58621208504974,46.96617694077872
ISIC_0024483,otsu,0.19593703703703705,0.6553881632421602,0.7918241507279474,0.9324777777777777,0.6553881632421602,1.0,1.0,0.3446118367578398,35.4682957019364,21.05149809302776
ISIC_0024483,adaptive,0.19593703703703705,0.22177091795288384,0.363031914893617,0.8474296296296296,0.22189667882728767,0.9998618129223342,0.9974509304104002,0.7786703967638886,130.21904260298038,47.828428255324404
ISIC_0024483,kmeans,0.19593703703703705,0.6239343704515812,0.7684231355705323,0.9263148148148148,0.6239343704515812,1.0,1.0,0.3760656295484188,37.21558813185679,23.369157935913073
ISIC_0024483,watershed,0.19593703703703705,0.4992911555110296,0.6660362847813205,0.9018925925925926,0.4992911555110296,1.0,1.0,0.5007088444889704,60.6711352312139,32.53524993364377
ISIC_0024484,otsu,0.26664074074074073,0.5498395855613116,0.709543865937808,0.8799555555555556,0.5499006847887989,0.9999595973879711,0.9997979644922595,0.4502104371258317,77.82382934223203,29.471248669001064
ISIC_0024484,adaptive,0.26664074074074073,0.11550198352151358,0.20708521406100397,0.7638259259259259,0.11566402289111441,0.9994899170231355,0.988016136687233,0.8857388912810967,186.27130750601393,77.3139018038799
ISIC_0024484,kmeans,0.26664074074074073,0.30652980150847997,0.46922741625115616,0.8150925925925926,0.30652980150847997,1.0,1.0,0.69347019849152,88.77498790832149,46.71967100833547
ISIC_0024484,watershed,0.26664074074074073,0.3639103801758504,0.5336279941339417,0.8303925925925926,0.3639103801758504,1.0,1.0,0.6360896198241496,91.2929159608926,42.84707390721946
ISIC_0024485,otsu,0.08285925925925926,0.6519260743709642,0.7892920687981884,0.9710518518518518,0.6543447166100482,0.9996648198103607,0.9943621790517593,0.34936527802610406,34.871120740628434,13.034563031421275
ISIC_0024485,adaptive,0.08285925925925926,0.34637046307884856,0.514524750174297,0.9458407407407408,0.34637046307884856,1.0,1.0,0.6536295369211514,48.833389990689824,24.86110032572634
ISIC_0024485,kmeans,0.08285925925925926,0.44403718934382264,0.614994118739553,0.9539333333333333,0.44403718934382264,1.0,1.0,0.5559628106561774,42.941821107167776,23.35724500117512
ISIC_0024485,watershed,0.08285925925925926,0.48051135347756124,0.6491153915826339,0.9569555555555556,0.48051135347756124,1.0,1.0,0.5194886465224388,40.22437072223753,21.75699937077466
ISIC_0024486,otsu,0.042837037037037035,0.7456337541068649,0.854284299157999,0.9891037037037037,0.7456337541068649,1.0,1.0,0.25436624589313506,13.038404810405298,7.18784982829544
ISIC_0024486,adaptive,0.042837037037037035,0.7006743904547813,0.8239959328927301,0.9871777777777778,0.7006743904547813,1.0,1.0,0.29932560954521875,13.95703296631047,8.252836395361562
ISIC_0024486,kmeans,0.042837037037037035,0.6484523603665917,0.7867407951326969,0.9849407407407408,0.6484523603665917,1.0,1.0,0.3515476396334083,17.383620118596596,10.473074558639071
ISIC_0024486,watershed,0.042837037037037035,0.642313678021788,0.782205843643064,0.9846777777777778,0.642313678021788,1.0,1.0,0.357686321978212,18.027756377319946,10.386875823017132
ISIC_0024487,otsu,0.09662592592592592,0.7114109394764077,0.8313736029922283,0.9721148148148148,0.7114109394764077,1.0,1.0,0.28858906052359234,22.847319317591726,12.680179882858237
ISIC_0024487,adaptive,0.09662592592592592,0.5682088236421481,0.7246596436340528,0.9582777777777778,0.5682088236421481,1.0,1.0,0.43179117635785197,58.85999925845782,20.2693359649494
ISIC_0024487,kmeans,0.09662592592592592,0.6614281881252635,0.796216403276041,0.9672851851851851,0.6614281881252635,1.0,1.0,0.3385718118747365,26.320122579275253,15.223767740408675
ISIC_0024487,watershed,0.09662592592592592,0.604622637893365,0.7536010319375105,0.9617962962962963,0.604622637893365,1.0,1.0,0.395377362106635,34.53968695320489,17.91819817671656
ISIC_0024488,otsu,0.17927407407407409,0.7013405257437301,0.824456380285356,0.9450444444444445,0.71985786298653,0.9942327478835358,0.9646198992303859,0.30654491364350056,41.012193308819754,15.900532348420956
ISIC_0024488,adaptive,0.17927407407407409,0.2869597553921164,0.44594985070793336,0.8721703703703704,0.2869597553921164,1.0,1.0,0.7130402446078836,84.9941166289984,42.34500660277379
ISIC_0024488,kmeans,0.17927407407407409,0.44787620857780347,0.6186664383659375,0.9010185185185186,0.44787620857780347,1.0,1.0,0.5521237914221965,67.64449530125161,36.129576451754005
ISIC_0024488,watershed,0.17927407407407409,0.4994835137591935,0.6662074096526639,0.9102703703703704,0.4994835137591935,1.0,1.0,0.5005164862408066,72.37567022529161,32.67794802652206
ISIC_0024489,otsu,0.6743518518518519,0.09471922749842263,0.17304752692591052,0.38888518518518517,0.09481806947686393,0.9978390673869776,0.9891142431534319,0.9062254565426335,369.1365600664491,124.50329413261878
ISIC_0024489,adaptive,0.6743518518518519,0.03674726577941758,0.07088953497608948,0.3502111111111111,0.03675957709734999,0.9993062268979244,0.9909683150725496,0.9635754496773308,378.6868074732871,176.98176247788376
ISIC_0024489,kmeans,0.6743518518518519,0.0,0.0,0.3159666666666667,0.0,0.9702701165766278,0.0,1.014356721131402,550.5661175588585,313.95920760780683
ISIC_0024489,watershed,0.6743518518518519,0.015559522174927915,0.03064226534276505,0.33614074074074074,0.015559522174927915,1.0,1.0,0.984440477825072,381.4790950679626,214.33372356961635
ISIC_0024490,otsu,0.6060185185185185,0.004844371117582576,0.009642032650677422,0.3342703703703704,0.0053475935828877,0.8402162162162162,0.04895926589077887,1.0985301757066464,462.9671693857362,183.66828887300704
ISIC_0024490,adaptive,0.6060185185185185,0.04858983903052196,0.09267653990514708,0.42252222222222224,0.04866615737203973,0.9975840188014101,0.9687347931873479,0.9529045072574485,352.397218363027,126.94103943041044
ISIC_0024490,kmeans,0.6060185185185185,0.003500981505198342,0.006977534790144511,0.34007037037037036,0.0038258212375859436,0.8572784958871915,0.0396002024291498,1.0889595110771582,467.6650963610818,186.7973102357332
ISIC_0024490,watershed,0.6060185185185185,0.002825436890996123,0.005634952579096253,0.35035185185185186,0.003037433155080214,0.884587544065805,0.03890715515891655,1.0719938884644766,483.5193377656361,198.7468263057364
ISIC_0024491,otsu,0.07540740740740741,0.7180104095060394,0.8358626997056218,0.9787296296296296,0.718222003929273,0.9999759653901619,0.9995898557659444,0.2820726915520629,17.383620118596596,9.807585967367052
ISIC_0024491,adaptive,0.07540740740740741,0.5355861533986231,0.6975657500078931,0.9645222222222222,0.5425834970530452,0.9989344656305079,0.9764872270838858,0.47048133595284874,34.438350715445125,15.979234517540242
ISIC_0024491,kmeans,0.07540740740740741,0.48266208251473475,0.6510749660449863,0.9609888888888889,0.48266208251473475,1.0,1.0,0.5173379174852653,32.01562118716424,19.980810719581893
ISIC_0024491,watershed,0.07540740740740741,0.5195972495088409,0.6838617925595527,0.9637740740740741,0.5195972495088409,1.0,1.0,0.48040275049115916,31.29212157037322,17.84347414066048
ISIC_0024492,otsu,0.07412592592592593,0.678125312281403,0.8081938903114393,0.9761407407407408,0.678125312281403,1.0,1.0,0.321874687718597,19.0,12.446503779951446
ISIC_0024492,adaptive,0.07412592592592593,0.6722294393924253,0.8039918728337516,0.9757037037037037,0.6722294393924253,1.0,1.0,0.3277705606075747,19.1049731745428,12.237770753826137
ISIC_0024492,kmeans,0.07412592592592593,0.597781552912961,0.7482644317968603,0.9701851851851852,0.597781552912961,1.0,1.0,0.4022184470870391,22.10881066909617,15.769762637775415
ISIC_0024492,watershed,0.07412592592592593,0.5978315179374438,0.7483035742205822,0.9701888888888889,0.5978315179374438,1.0,1.0,0.40216848206255623,26.18776562464652,15.64980199911863
ISIC_0024493,otsu,0.6716777777777778,0.5185802907453584,0.6829804046657629,0.676074074074074,0.5194896141778741,0.996412738163728,0.9966359529879719,0.4822638721168109,182.42200450381657,71.77024234448993
ISIC_0024493,adaptive,0.6716777777777778,0.221852960854639,0.3631418312387792,0.47447407407407405,0.22306771875844347,0.9887982672848489,0.9760416917991652,0.7824077903315633,188.4489320744482,89.79374983938177
ISIC_0024493,kmeans,0.6716777777777778,0.3046820289711226,0.46705944008655664,0.5329703703703703,0.3046820289711226,1.0,1.0,0.6953179710288774,183.50476833041697,88.8633983115675
ISIC_0024493,watershed,0.6716777777777778,0.18196555888240062,0.3079033183580356,0.45054444444444447,0.18196555888240062,1.0,1.0,0.8180344411175994,244.64361691045673,133.69652068074984
ISIC_0024494,otsu,0.35383333333333333,0.8876118699952897,0.9404601487248591,0.9602333333333334,0.8876118699952897,1.0,1.0,0.11238813000471032,19.924858845171276,9.125119643358955
ISIC_0024494,adaptive,0.35383333333333333,0.5008227452614039,0.6673975948761007,0.8224777777777778,0.5033652588056733,0.9972200727939702,0.990015234487586,0.5017114146647825,112.63547147529307,40.21351208866088
ISIC_0024494,kmeans,0.35383333333333333,0.5442926676087297,0.7049086990117532,0.8387555555555556,0.5442926676087297,1.0,1.0,0.4557073323912702,116.77755880229618,39.67914737340466
ISIC_0024494,watershed,0.35383333333333333,0.5954152928246192,0.7464079045781994,0.8568444444444444,0.5954152928246192,1.0,1.0,0.40458470717538075,116.84605256490268,36.232403178976575
ISIC_0024495,otsu,0.04402592592592593,0.6244636998401615,0.7688244432936302,0.9834666666666667,0.6244636998401615,1.0,1.0,0.37553630015983847,25.0,10.862674151670427
ISIC_0024495,adaptive,0.04402592592592593,0.6037688230840413,0.7529374737725556,0.9825555555555555,0.6037688230840413,1.0,1.0,0.3962311769159586,33.015148038438355,10.975587659143596
ISIC_0024495,kmeans,0.04402592592592593,0.5804660553545891,0.7345504870389099,0.9815296296296296,0.5804660553545891,1.0,1.0,0.41953394464541094,24.237270151599663,11.81570276927985
ISIC_0024495,watershed,0.04402592592592593,0.42306721628669974,0.5945850082761882,0.9746,0.42306721628669974,1.0,1.0,0.5769327837133003,41.0,16.860143084069815
ISIC_0024496,otsu,0.26384074074074076,0.669960834959361,0.8023671225507091,0.9129222222222222,0.669960834959361,1.0,1.0,0.330039165040639,71.07566071088063,21.072081789091975
ISIC_0024496,adaptive,0.26384074074074076,0.6583929969795279,0.7940132383321388,0.9095222222222222,0.6609346266687255,0.9986164426980877,0.9941931669411715,0.34292572679927563,74.25898743836997,20.084759653846934
ISIC_0024496,kmeans,0.26384074074074076,0.40580035655628394,0.577322881821359,0.8432259259259259,0.40580035655628394,1.0,1.0,0.594199643443716,100.85054368942858,43.7274738783582
ISIC_0024496,watershed,0.26384074074074076,0.5954630318514256,0.7464454142324206,0.8932666666666667,0.5954630318514256,1.0,1.0,0.4045369681485745,72.02845824351401,26.162185957488745
ISIC_0024497,otsu,0.21584814814814815,0.7581290001544295,0.8624270461244169,0.9477925925925926,0.7581290001544295,1.0,1.0,0.24187099984557045,29.01377674149944,14.942637752083309
ISIC_0024497,adaptive,0.21584814814814815,0.5332452512912027,0.6955772415954161,0.8992518518518519,0.5332452512912027,1.0,1.0,0.46675474870879735,85.52187593811878,30.90107509341759
ISIC_0024497,kmeans,0.21584814814814815,0.3871205751642959,0.558164275111331,0.8677111111111111,0.3871205751642959,1.0,1.0,0.6128794248357041,89.10552448032541,43.37923283312177
ISIC_0024497,watershed,0.21584814814814815,0.6014859554899706,0.7511598255708056,0.9139814814814815,0.6014859554899706,1.0,1.0,0.39851404451002936,65.73431371817918,27.14501159707719
ISIC_0024498,otsu,0.20879629629629629,0.5776816118047673,0.7323171005890553,0.9118074074074074,0.5777738359201774,0.9999578700994733,0.9997237653847334,0.4223858093126386,71.33719426634266,21.567958041736322
ISIC_0024498,adaptive,0.20879629629629629,0.3181642069669966,0.48273834972210344,0.8566074074074074,0.3204611973392461,0.9980947922761849,0.9779678449629189,0.6867583148558758,99.22899250401879,29.32898901377283
ISIC_0024498,kmeans,0.20879629629629629,0.0,0.0,0.7759185185185186,0.0,0.9806811000585137,0.0,1.0732062084257206,485.2138298223475,331.903367411073
ISIC_0024498,watershed,0.20879629629629629,0.0,0.0,0.7780148148148148,0.0,0.9833306026916325,0.0,1.0631662971175166,493.0181747977219,341.9222889089466
ISIC_0024499,otsu,0.15724074074074074,0.7419111759996232,0.8518358297734278,0.9594074074074074,0.7421034036038158,0.9999516579138192,0.999650982009709,0.25815569426451535,26.33909551706653,12.149983881914379
ISIC_0024499,adaptive,0.15724074074074074,0.40165510127531884,0.5731154560203382,0.9054703703703704,0.40355670710163705,0.9991166582434243,0.9884042921426099,0.6011777175833235,83.20757128263608,29.670069236618858
ISIC_0024499,kmeans,0.15724074074074074,0.6767476917279065,0.807214699106591,0.9491703703703703,0.676763632081027,0.9999956052648926,0.999965196812028,0.3232599222706395,30.22493913772494,15.794789553794425
ISIC_0024499,watershed,0.15724074074074074,0.5843363561417972,0.7376417941513165,0.9346407407407408,0.5843363561417972,1.0,1.0,0.4156636438582028,48.985677411557546,22.25416999449955
ISIC_0024500,otsu,0.0924962962962963,0.673059982381677,0.8045855970131394,0.9697592592592592,0.673059982381677,1.0,1.0,0.32694001761832303,23.853720883753127,14.85112528859411
ISIC_0024500,adaptive,0.0924962962962963,0.6472165526073558,0.7858305595374038,0.9673518518518519,0.6475534555938176,0.9999469444058998,0.9991967871485944,0.3529670857692,33.894601610395206,15.436420432891687
ISIC_0024500,kmeans,0.0924962962962963,0.6259710098502442,0.7699657694486173,0.9654037037037037,0.6259710098502442,1.0,1.0,0.37402899014975577,25.99422649572415,17.345404236972886
ISIC_0024500,watershed,0.0924962962962963,0.528029150316329,0.69112444642436,0.9563444444444444,0.528029150316329,1.0,1.0,0.47197084968367103,32.305515287543614,22.07675056447216
ISIC_0024501,otsu,0.1887185185185185,0.6980806217372532,0.8221996209144283,0.9430222222222222,0.6980806217372532,1.0,1.0,0.3019193782627468,40.38545302219647,17.570850021554058
ISIC_0024501,adaptive,0.1887185185185185,0.5287423974887189,0.6917351129363449,0.9110370370370371,0.528908427208855,0.9999269559818486,0.9994066602388193,0.47140558150488676,72.48308384310992,28.665610208538872
ISIC_0024501,kmeans,0.1887185185185185,0.4041095890410959,0.5756097560975609,0.8875444444444445,0.4041095890410959,1.0,1.0,0.5958904109589042,100.24842218946064,38.63613208322331
ISIC_0024501,watershed,0.1887185185185185,0.3929426541586529,0.5641907123534716,0.885437037037037,0.3929426541586529,1.0,1.0,0.6070573458413471,112.55354058686268,39.42292432523008
ISIC_0024502,otsu,0.11354814814814815,0.8074991848712096,0.8934988094379104,0.9781333333333333,0.8078152521364733,0.9999498625397966,0.9995156994107676,0.19257616282862547,18.35755975068582,8.90453765319811
ISIC_0024502,adaptive,0.11354814814814815,0.5066686828973235,0.6725681480589345,0.9395851851851852,0.5464479091917281,0.9899432611075365,0.8743736951983299,0.532063409224346,66.70832032063167,21.86987886964976
ISIC_0024502,kmeans,0.11354814814814815,0.76423771935547,0.8663659222008578,0.9732296296296297,0.76423771935547,1.0,1.0,0.23576228064452998,22.543263687134406,11.026113717146362
ISIC_0024502,watershed,0.11354814814814815,0.5617457107443408,0.7193817878028405,0.950237037037037,0.5617457107443408,1.0,1.0,0.43825428925565924,57.57168114488596,22.845033591686214
ISIC_0024503,otsu,0.1517814814814815,0.6521092053577964,0.7894262718747692,0.9471888888888889,0.6522046802176619,0.9999738013003288,0.9997755666940974,0.34794172909397036,37.654348719812255,18.558601450494216
ISIC_0024503,adaptive,0.1517814814814815,0.43933154568090405,0.6104660833693736,0.9132666666666667,0.4477684780752056,0.9965636038931268,0.9588754768249987,0.5714355433005539,70.74670996341604,28.180200847097016
ISIC_0024503,kmeans,0.1517814814814815,0.5041116615016715,0.6703114860480207,0.9247333333333333,0.5041116615016715,1.0,1.0,0.4958883384983285,47.81735486441441,27.7713270671828
ISIC_0024503,watershed,0.1517814814814815,0.5044776847807521,0.6706349849971617,0.9247888888888889,0.5044776847807521,1.0,1.0,0.49552231521924794,47.835649660217996,29.256277384902308
ISIC_0024504,otsu,0.5746111111111111,0.3537451044386423,0.5226170026820962,0.530637037037037,0.4471172129298398,0.6434547908232119,0.6287946772541448,0.8168358632247252,130.24592016584097,47.81435609980121
ISIC_0024504,adaptive,0.5746111111111111,0.18721860542140617,0.315390282070171,0.4183074074074074,0.23318186212897613,0.6683731661660355,0.4871273530283037,1.0123239550098295,152.73899305117024,58.60613086928217
ISIC_0024504,kmeans,0.5746111111111111,0.06594476135228335,0.12373016640866873,0.46328148148148146,0.06594476135228335,1.0,1.0,0.9340552386477167,273.815082990569,142.66841452546367
ISIC_0024504,watershed,0.5746111111111111,0.240819427276473,0.38816192264986976,0.5632518518518519,0.24110348383770022,0.9984066866919159,0.9951315544441193,0.7600760578813368,175.0062855090513,80.02619868264972
ISIC_0024505,otsu,0.23256296296296297,0.6129196256930874,0.7600126081046472,0.909762962962963,0.6143935533188941,0.9992712636577739,0.9961012135295636,0.38801121161931457,85.15926217882037,24.593358694417137
ISIC_0024505,adaptive,0.23256296296296297,0.26296526153307553,0.41642516946803415,0.8284592592592592,0.26317046757548734,0.9997635226439133,0.9970435622058647,0.7376098866097592,105.152270541344,39.40747835851853
ISIC_0024505,kmeans,0.23256296296296297,0.27945859872611467,0.4368388301182327,0.8324074074074074,0.27949420308319534,0.9999613914520675,0.9995443672400045,0.7206332016817429,133.54381303278006,52.23883877799178
ISIC_0024505,watershed,0.23256296296296297,0.3147131375825575,0.4787555985958116,0.8405185185185186,0.3149286533316346,0.9997924790548628,0.9978302553234434,0.6857561472799083,138.58823614016615,50.32171650092033
ISIC_0024506,otsu,0.1509111111111111,0.6327001423452608,0.7750353245347683,0.9445703703703704,0.6327001423452608,1.0,1.0,0.3672998576547391,33.50212031854551,21.042000431867272
ISIC_0024506,adaptive,0.1509111111111111,0.3196850007359796,0.4844868291413381,0.8972925925925926,0.31981053354930544,0.9999302084151204,0.9987736644439335,0.6805821430324449,96.36517966914589,35.22744677115768
ISIC_0024506,kmeans,0.1509111111111111,0.5700682275560791,0.7261700065651671,0.9351185185185186,0.5700682275560791,1.0,1.0,0.4299317724439209,38.63538676323618,25.577730499151087
ISIC_0024506,watershed,0.1509111111111111,0.5230697491778334,0.6868625018127911,0.9280259259259259,0.5230697491778334,1.0,1.0,0.4769302508221666,46.67226094252256,28.010541838558876
ISIC_0024507,otsu,0.2316814814814815,0.7977587364517057,0.8875036680686841,0.9531444444444445,0.7977587364517057,1.0,1.0,0.20224126354829428,24.186773244895647,12.536313214924373
ISIC_0024507,adaptive,0.2316814814814815,0.6733860113062342,0.8048185018358,0.9236074074074074,0.6798126418774179,0.9971221426298892,0.9861555586475581,0.3297311123189564,64.40652021085722,21.406638490044017
ISIC_0024507,kmeans,0.2316814814814815,0.46129743901269304,0.6313532436276118,0.8751925925925926,0.46129743901269304,1.0,1.0,0.538702560987307,69.35416353759881,37.907773251088294
ISIC_0024507,watershed,0.2316814814814815,0.643412091952553,0.7830197856072839,0.9173851851851852,0.643412091952553,1.0,1.0,0.356587908047447,54.12116030093505,24.52804943483006
ISIC_0024508,otsu,0.26138518518518516,0.7097694577847474,0.8302516512423329,0.9012925925925926,0.9235129084365347,0.8934291416364968,0.7540987400062479,0.37763198911780543,175.85007685338536,56.80213946811365
ISIC_0024508,adaptive,0.26138518518518516,0.4238412481494135,0.5953490232148927,0.7751444444444444,0.6328251197324793,0.8255092114368237,0.5620634541084081,0.8602459829398929,186.03924291104664,72.80231762298027
ISIC_0024508,kmeans,0.26138518518518516,0.6853798849434636,0.8133239171374764,0.917762962962963,0.6853798849434636,1.0,1.0,0.3146201150565364,41.68923883035005,20.931973581490627
ISIC_0024508,watershed,0.26138518518518516,0.7279309660781591,0.8425463521037828,0.9288851851851851,0.7279309660781591,1.0,1.0,0.2720690339218409,40.01249804748511,17.812814106797283
ISIC_0024509,otsu,0.18408518518518519,0.7515940221654565,0.8581829038629369,0.9542592592592593,0.7518057260125144,0.9999364494296337,0.9996254781841042,0.24847594712592802,27.18822677624743,11.367166209184454
ISIC_0024509,adaptive,0.18408518518518519,0.47842128355470465,0.6472056224791248,0.9031370370370371,0.4826469227209625,0.9980072356863688,0.982028819387588,0.526185542120194,60.29925372672534,22.44267923294712
ISIC_0024509,kmeans,0.18408518518518519,0.4606764179224594,0.6307713498622589,0.9007185185185185,0.4606764179224594,1.0,1.0,0.5393235820775406,56.76486269215106,27.352283171573344
ISIC_0024509,watershed,0.18408518518518519,0.5352192020602378,0.6972544394207457,0.9144407407407408,0.5352192020602378,1.0,1.0,0.4647807979397622,47.0,23.453270991235673
ISIC_0024510,otsu,0.36385925925925927,0.5104260921725515,0.6758703319781374,0.8216518518518519,0.5110339773213086,0.9993188090219961,0.9976749731727674,0.4901569593452902,127.45587471748802,42.73655056771364
ISIC_0024510,adaptive,0.36385925925925927,0.3452572102193045,0.5132954614129449,0.7613777777777778,0.34581950693186214,0.9990684567822168,0.9953125915509463,0.6558091244070764,137.0255447721652,55.25884991804775
ISIC_0024510,kmeans,0.36385925925925927,0.4517379624730351,0.6223409102059985,0.8004407407407408,0.4518943018261029,0.9998020470662211,0.9992347340700893,0.5484517823334215,139.0898989862312,50.66232685334619
ISIC_0024510,watershed,0.36385925925925927,0.43455955701227583,0.6058438701803681,0.7942592592592592,0.43455955701227583,1.0,1.0,0.5654404429877242,139.01708513261917,53.24873316852031
ISIC_0024511,otsu,0.42441111111111113,0.0,0.0,0.5090925925925925,0.0,0.8844725852428109,0.0,1.1566789712979204,503.4246977288577,231.13933822680045
ISIC_0024511,adaptive,0.42441111111111113,0.0,0.0,0.5219148148148148,0.0,0.9067492873643097,0.0,1.1264671745599568,366.77104574925215,116.26879683350744
ISIC_0024511,kmeans,0.42441111111111113,0.0,0.0,0.5319592592592592,0.0,0.9242000141561943,0.0,1.1028003944463352,503.6790605451111,235.19239465479757
ISIC_0024511,watershed,0.42441111111111113,0.03760934427341154,0.07249230065434227,0.5794851851851852,0.03872031834960861,0.9782187646790083,0.5672462285860393,0.990819523348256,376.18585830230876,171.58868761428658
ISIC_0024512,otsu,0.4073259259259259,0.7682354652748732,0.8689289185311647,0.9055962962962963,0.7682354652748732,1.0,1.0,0.23176453472512684,38.0,20.362397463610368
ISIC_0024512,adaptive,0.4073259259259259,0.28502973321937114,0.443615779232266,0.7087740740740741,0.28502973321937114,1.0,1.0,0.7149702667806288,101.20474289468639,40.3092203370203
ISIC_0024512,kmeans,0.4073259259259259,0.56238520431359,0.719905952464092,0.8217481481481481,0.56238520431359,1.0,1.0,0.43761479568641,97.60941879946246,41.89133868068006
ISIC_0024512,watershed,0.4073259259259259,0.6635236138136719,0.797732726249105,0.8629444444444444,0.6635236138136719,1.0,1.0,0.3364763861863282,68.61606453472825,31.28442926203794
ISIC_0024513,otsu,0.2750518518518518,0.6344527631153721,0.776348851962004,0.8994555555555556,0.6344527631153721,1.0,1.0,0.3655472368846278,55.0,27.379008462078644
ISIC_0024513,adaptive,0.2750518518518518,0.3464397285360336,0.5146011680934475,0.820237037037037,0.3464397285360336,1.0,1.0,0.6535602714639663,106.92985874429195,47.5507469870072
ISIC_0024513,kmeans,0.2750518518518518,0.4704567488958311,0.6398783905056684,0.8543481481481482,0.4704567488958311,1.0,1.0,0.5295432511041689,69.69719285372557,42.52409178852448
ISIC_0024513,watershed,0.2750518518518518,0.4758294732306366,0.6448298829390243,0.8558259259259259,0.4758294732306366,1.0,1.0,0.5241705267693634,72.88757956372456,41.4247963775567
ISIC_0024514,otsu,0.16474814814814814,0.7973121783491022,0.887227258518287,0.9665962962962963,0.7975810440178049,0.999933486462278,0.9995773814554982,0.20275617103547502,30.576924715561645,10.568630268046943
ISIC_0024514,adaptive,0.16474814814814814,0.24833209785025945,0.3978622327790974,0.8760666666666667,0.2485274942673441,0.9998448017453152,0.996844003606853,0.7522593408569759,114.18926487461165,35.79227391783929
ISIC_0024514,kmeans,0.16474814814814814,0.7290589451913133,0.8433014354066986,0.955362962962963,0.7290589451913133,1.0,1.0,0.27094105480868663,33.94628036546503,14.285225447189836
ISIC_0024514,watershed,0.16474814814814814,0.6684351325225367,0.8012719457806163,0.945374074074074,0.6684501596151252,0.9999955657641518,0.9999663695981167,0.3315723213884268,45.815382316208556,17.60354755963211
ISIC_0024515,otsu,0.13131851851851853,0.2977449220763066,0.45886509284110205,0.8536370370370371,0.47255753610108303,0.9112447984173545,0.4459437879271798,1.1145645306859207,103.97090606243702,43.29356898806907
ISIC_0024515,adaptive,0.13131851851851853,0.3140938015555032,0.4780386319206557,0.8922111111111111,0.37587432310469315,0.9702657070741524,0.6564701246244027,0.8208201714801444,68.00845518683234,27.21424107684356
ISIC_0024515,kmeans,0.13131851851851853,0.17202993647931908,0.29355894610692757,0.8537222222222223,0.23144178700361012,0.9477923118903063,0.40125177252946065,1.1139158393501805,112.00334774717726,44.155392085862175
ISIC_0024515,watershed,0.13131851851851853,0.18570340376057412,0.31323753169907015,0.8495481481481482,0.2612815884476534,0.9384763626441094,0.3909850595087364,1.1457017148014441,123.06502346320826,51.76415669256126
ISIC_0024516,otsu,0.32335555555555556,0.9077928918200971,0.9516681770986503,0.9701740740740741,0.9081048267014867,0.9998357909947782,0.9996217517935269,0.09223879229377133,13.038404810405298,6.198221970062394
ISIC_0024516,adaptive,0.32335555555555556,0.3760447590774149,0.5465589060192176,0.7976074074074074,0.37722493299429594,0.9985002244189738,0.9917489761503252,0.625913453829061,77.75987049279311,25.049870757305662
ISIC_0024516,kmeans,0.32335555555555556,0.8193251322933132,0.9006912703509236,0.9415777777777777,0.8193251322933132,1.0,1.0,0.18067486770668684,27.65863337187866,12.908438509274164
ISIC_0024516,watershed,0.32335555555555556,0.8587249052325382,0.9239935429015046,0.9543111111111111,0.8588527707144984,0.9999288427644039,0.9998266574217292,0.1412961308501134,22.20360331117452,9.678398232405916
ISIC_0024517,otsu,0.13645925925925925,0.811564030376872,0.8959816123176576,0.9705,0.9310606883074585,0.976732316560586,0.8634498728888218,0.21618173922483985,36.88902235894905,10.404216626568356
ISIC_0024517,adaptive,0.13645925925925925,0.2329471996690283,0.37787051989178533,0.8901296296296296,0.2445174248181522,0.9921511777522346,0.831165236645447,0.8051514493540333,125.06398362438324,36.35628641454283
ISIC_0024517,kmeans,0.13645925925925925,0.540903508303519,0.7020601944102716,0.9363148148148148,0.5498588644012594,0.9973837259174115,0.970770041688629,0.4666974269894691,71.1347249226426,17.776414186754668
ISIC_0024517,watershed,0.13645925925925925,0.7642957132669501,0.8664031857241234,0.9669481481481481,0.7853924655303441,0.9956381135377173,0.9660479401749349,0.24221040060796872,29.966648127543394,10.121630136728694
ISIC_0024518,otsu,0.3600259259259259,0.7335891448146739,0.8463241097337361,0.9040851851851852,0.7335891448146739,1.0,1.0,0.26641085518532615,50.06744833576426,20.430217643172824
ISIC_0024518,adaptive,0.3600259259259259,0.5118184136699822,0.6770897999946017,0.8227629629629629,0.5161253819169401,0.9952660119333537,0.9839573241287336,0.4922896499223307,102.9329872495328,38.47092133062919
ISIC_0024518,kmeans,0.3600259259259259,0.3818655035131215,0.5526811437760093,0.7774555555555556,0.3818655035131215,1.0,1.0,0.6181344964868786,92.0,49.40048554970952
ISIC_0024518,watershed,0.3600259259259259,0.500756118386536,0.6673384332757534,0.8202592592592592,0.500756118386536,1.0,1.0,0.49924388161346406,86.37129152675674,39.755630388620276
ISIC_0024519,otsu,0.07207037037037037,0.7501156158470788,0.8572183563815732,0.9819888888888889,0.7501927128834986,0.9999920172746177,0.9998630136986302,0.24991006732103396,20.808652046684813,8.356923059204625
ISIC_0024519,adaptive,0.07207037037037037,0.6478779501356678,0.7863178824406611,0.9745259259259259,0.650341744180071,0.999704639160856,0.9941865032602718,0.3534611233876355,37.49131616905536,10.95323498636633
ISIC_0024519,kmeans,0.07207037037037037,0.6153450845367182,0.7618744631438298,0.9722777777777778,0.6153450845367182,1.0,1.0,0.3846549154632818,42.2642908285023,14.540042670572667
ISIC_0024519,watershed,0.07207037037037037,0.6883797390321587,0.8154323617111909,0.9775333333333334,0.688627370368467,0.999972060461162,0.9994778846871037,0.3117323603473971,30.24339386227758,11.12575993640913
ISIC_0024520,otsu,0.42603703703703705,0.4614187603233939,0.6314668633667843,0.7705444444444445,0.4614187603233939,1.0,1.0,0.5385812396766061,98.06093810039127,49.29633246268496
ISIC_0024520,adaptive,0.42603703703703705,0.4717425757362032,0.6410666967356373,0.7642074074074074,0.4942449795705468,0.9645931470607214,0.9119826756496632,0.5534556202729722,100.44600344211456,40.617525259635265
ISIC_0024520,kmeans,0.42603703703703705,0.27618012692341126,0.4328231118740591,0.691625925925926,0.27618012692341126,1.0,1.0,0.7238198730765887,149.62866781758703,75.28608487564334
ISIC_0024520,watershed,0.42603703703703705,0.3054942188994175,0.46801313169653264,0.7041148148148149,0.3054942188994175,1.0,1.0,0.6945057811005825,146.11689445001917,69.62997770009126
ISIC_0024521,otsu,0.2293814814814815,0.5265987503834417,0.6898980498329033,0.8914,0.5266497666833514,0.9999711631349517,0.9998160806792754,0.4734471122018956,85.36861085886618,32.44447672716184
ISIC_0024521,adaptive,0.2293814814814815,0.27941315218416835,0.43678330445042585,0.8302777777777778,0.2869068186588733,0.9920169945258018,0.9145136387030366,0.7399124860736602,96.89685237405806,42.1652471707961
ISIC_0024521,kmeans,0.2293814814814815,0.3455831301567823,0.5136555630219833,0.8498888888888889,0.3455831301567823,1.0,1.0,0.6544168698432177,96.40331299001099,49.25189177237769
ISIC_0024521,watershed,0.2293814814814815,0.37417854778551013,0.5445850517583748,0.8564481481481482,0.37417854778551013,1.0,1.0,0.6258214522144898,92.029885608157,44.5882341884939
ISIC_0024522,otsu,0.17482962962962964,0.4429078777442962,0.6139101249300765,0.8849666666666667,0.5231124480976188,0.9616330634302231,0.742847688096026,0.6579739005169053,108.63974701259664,31.84367449342251
ISIC_0024522,adaptive,0.17482962962962964,0.1344027475288993,0.2369577256784198,0.8469111111111111,0.1359630539784764,0.9975403508141978,0.9213321848980763,0.8756461316837556,224.97110925627763,72.52324235747272
ISIC_0024522,kmeans,0.17482962962962964,0.15380052537920516,0.2665981198589894,0.8520592592592593,0.15380052537920516,1.0,1.0,0.8461994746207948,224.29533980087015,74.93653840895563
ISIC_0024522,watershed,0.17482962962962964,0.24895598470738162,0.3986625433653046,0.8581222222222222,0.2690026268960258,0.9829395500816891,0.769622401357658,0.8115202101516821,143.73586571287427,47.58650116072103
ISIC_0024523,otsu,0.7766037037037037,0.31702870748868767,0.48143021588830587,0.4560740740740741,0.3251145777197007,0.9113351128205979,0.9272568995769801,0.7003905896043074,149.39343955553628,69.54011279514445
ISIC_0024523,adaptive,0.7766037037037037,0.09757861004473344,0.1778070548236294,0.2834740740740741,0.0997648831808015,0.9221115108510038,0.8166061599718937,0.9226403666487031,189.44867356441324,97.3578615565742
ISIC_0024523,kmeans,0.7766037037037037,0.19953009473743924,0.33268043146697984,0.37287037037037035,0.2012895656777135,0.9693452923719681,0.958030688214999,0.8075285073181898,223.55625689924105,97.01237873028425
ISIC_0024523,watershed,0.7766037037037037,0.1753220879266835,0.2983387953441067,0.3561037037037037,0.17626607784131285,0.9812822255748794,0.9703588962692641,0.829118240391448,179.3348822733603,102.245361139854
ISIC_0024524,otsu,0.053644444444444446,0.8633947677227859,0.9266901278014447,0.9926703703703704,0.8635735984534659,0.9999882590522707,0.9997602110143075,0.13663352665009665,6.708203932499369,3.3820517369340286
ISIC_0024524,adaptive,0.053644444444444446,0.0,0.0,0.8658370370370371,0.0,0.9149172654550008,0.0,2.5009665838166253,202.46381109394804,131.3364088275797
ISIC_0024524,kmeans,0.053644444444444446,0.830226456779895,0.9072390508883775,0.9908925925925925,0.830226456779895,1.0,1.0,0.16977354322010493,8.0,4.306036605825855
ISIC_0024524,watershed,0.053644444444444446,0.7976675177696502,0.887447216890595,0.9891407407407408,0.798053024026512,0.9999726044552983,0.9993947777969912,0.2024302678818006,11.822819946431736,5.100904264592913
ISIC_0024525,otsu,0.2874481481481482,0.6402905101703954,0.7807037914325081,0.895074074074074,0.6497532566259937,0.9940381206825754,0.9777605428986912,0.3650255762714048,84.69946130101411,20.528681303945966
ISIC_0024525,adaptive,0.2874481481481482,0.3611435763732806,0.5306472919418759,0.8157703703703704,0.36230688948731493,0.9987005494077105,0.9911875638901618,0.6409143033848295,103.29568798433748,35.97586192133057
ISIC_0024525,kmeans,0.2874481481481482,0.11104096068856219,0.1998863491400805,0.7444703703703703,0.11104096068856219,1.0,1.0,0.8889590393114378,184.19880562296382,78.5668657499935
ISIC_0024525,watershed,0.2874481481481482,0.2793805001868292,0.4367434084637541,0.7928592592592593,0.2793805001868292,1.0,1.0,0.7206194998131709,119.46296298935445,46.07889414079511
ISIC_0024526,otsu,0.15456666666666666,0.7707329930750245,0.8705242361092317,0.964562962962963,0.7707329930750245,1.0,1.0,0.22926700692497545,17.88854381999832,11.202578676756245
ISIC_0024526,adaptive,0.15456666666666666,0.7788293360806958,0.8756650458629096,0.9658111111111111,0.7789039848561091,0.999982476661103,0.9998769609350969,0.22119186255481274,20.024984394500787,10.27107182156336
ISIC_0024526,kmeans,0.15456666666666666,0.7167469388733136,0.8350059320259613,0.9562185185185185,0.7167469388733136,1.0,1.0,0.2832530611266863,20.615528128088304,14.254023347447482
ISIC_0024526,watershed,0.15456666666666666,0.6400210864304028,0.7805034846514618,0.9443592592592592,0.6400210864304028,1.0,1.0,0.3599789135695972,29.421079699356785,18.23166083134307
ISIC_0024527,otsu,0.23774444444444445,0.8166982863665109,0.8991017303153284,0.9559851851851852,0.8248664142948389,0.9968806028890865,0.9880203765557649,0.1851349877708713,25.45584412271571,11.480247619216343
ISIC_0024527,adaptive,0.23774444444444445,0.1776129779837775,0.30164915180855667,0.8028555555555555,0.17909052670935177,0.9974053612815766,0.9556109725685785,0.8292283965041828,192.77602139777125,58.36523189090989
ISIC_0024527,kmeans,0.23774444444444445,0.6647677748723696,0.7986312384300379,0.9202296296296296,0.6653580720038634,0.9997230441817413,0.9986671966703299,0.33552990294589585,51.975473964633366,22.03859481291049
ISIC_0024527,watershed,0.23774444444444445,0.5873253259802776,0.7400188434813332,0.9018888888888889,0.5873253259802776,1.0,1.0,0.4126746740197224,53.600373133029585,27.80288219160449
ISIC_0024528,otsu,0.14624074074074075,0.5284769833496572,0.6915079377793442,0.9286777777777778,0.5466126377105229,0.994121857579767,0.9409277181968786,0.48770419146511335,76.97077305761788,24.36558125948744
ISIC_0024528,adaptive,0.14624074074074075,0.32386735876631556,0.4892746340813491,0.9006185185185185,0.32551601874129416,0.9991280393900613,0.9846024207139574,0.6795745219703685,103.12865231629124,30.02310450771889
ISIC_0024528,kmeans,0.14624074074074075,0.4095122934300685,0.5810694881326851,0.9131851851851852,0.41170064581486643,0.9990846582651888,0.9871864942005223,0.5936431556287197,97.12105755740518,30.663096316447803
ISIC_0024528,watershed,0.14624074074074075,0.37241640378548896,0.5427163399654298,0.9078962962962963,0.37373686209953144,0.9993926642517841,0.9906021346579849,0.6298087881473977,105.79060037689038,32.95336672390875
ISIC_0024529,otsu,0.2931185185185185,0.8346362975769877,0.909865676024502,0.9511148148148149,0.8417654342826818,0.9964580997390731,0.9899546771676945,0.16677617447120366,30.0,11.063874838406162
ISIC_0024529,adaptive,0.2931185185185185,0.4453137701186799,0.6162174322633259,0.7978148148148149,0.5537641201890273,0.899013926584162,0.6945483359746434,0.6897728134239721,137.15311354920476,47.44950225054135
ISIC_0024529,kmeans,0.2931185185185185,0.6730433903616284,0.804573741767869,0.904162962962963,0.6730433903616284,1.0,1.0,0.32695660963837153,51.0,24.66921656412541
ISIC_0024529,watershed,0.2931185185185185,0.6809784943519244,0.8102167834270423,0.9064888888888889,0.6809784943519244,1.0,1.0,0.31902150564807563,54.64064188072259,23.67126700394688
ISIC_0024530,otsu,0.09814074074074074,0.7581948574427148,0.8624696565720881,0.9744,0.8179107857196769,0.9914292285073634,0.9121632996632997,0.26084987546229904,158.61052722856166,30.006505725622453
ISIC_0024530,adaptive,0.09814074074074074,0.31609932825118875,0.4803578597235763,0.9328814814814815,0.31609932825118875,1.0,1.0,0.6839006717488112,134.6657476238319,36.65111865973491
ISIC_0024530,kmeans,0.09814074074074074,0.584998325705994,0.7381690140845071,0.9586888888888889,0.5933655370216621,0.9984435446115433,0.9764625512358713,0.42093742923994265,42.57918243413263,17.94248574790286
ISIC_0024530,watershed,0.09814074074074074,0.6357479607872484,0.77731774824439,0.9639444444444445,0.6412182051475583,0.9990636627214561,0.9867588129391951,0.3673862178277606,30.083217912982647,14.855751595330648
ISIC_0024531,otsu,0.13967407407407406,0.6455547071015599,0.7846043699618158,0.9398296296296297,0.7846043699618158,0.9650304794048767,0.7846043699618158,0.43079126007636825,155.67080527837933,52.55724647041572
ISIC_0024531,adaptive,0.13967407407407406,0.4568854789265469,0.627208501334211,0.8825444444444445,0.7074140857021638,0.9109768907563025,0.5633380492852166,0.8409259652100127,213.59681640898563,79.78287323981435
ISIC_0024531,kmeans,0.13967407407407406,0.5647170967522298,0.7218136721639615,0.9289666666666667,0.6597899872719559,0.9726675506268081,0.7967083987064135,0.5085649130250318,156.17629835609364,54.24448684810647
ISIC_0024531,watershed,0.13967407407407406,0.5837134068731439,0.7371452490581833,0.9418555555555556,0.5837134068731439,1.0,1.0,0.4162865931268562,39.31919416858973,22.367996288546358
ISIC_0024532,otsu,0.10115185185185185,0.7975715773969896,0.8873878374867603,0.9791296296296297,0.812932518033027,0.9978326170531009,0.9768567405843013,0.20632712094028047,18.997366596101024,7.392969760539045
ISIC_0024532,adaptive,0.10115185185185185,0.17023655613403682,0.2909438356573408,0.9120481481481482,0.1783896598440189,0.9946103861320456,0.7883495145631068,0.8695031306067152,108.86503819465288,39.37303479899724
ISIC_0024532,kmeans,0.10115185185185185,0.697568834212068,0.8218445345526701,0.9694074074074074,0.6975943758924975,0.9999958795001009,0.9999475148270613,0.3024422393907217,27.34221254109463,11.29868319769733
ISIC_0024532,watershed,0.10115185185185185,0.6489629278606058,0.7871164559200636,0.9643333333333334,0.6518618871516971,0.9994972990123162,0.9931938633193863,0.3526051774010472,29.323749504930408,13.015523866125868
ISIC_0024533,otsu,0.11272222222222222,0.7382290126499096,0.8494036255032796,0.9704925925925926,0.7382290126499096,1.0,1.0,0.26177098735009036,22.0,11.228325818659707
ISIC_0024533,adaptive,0.11272222222222222,0.5160047901090721,0.6807429547395388,0.9446148148148148,0.5238376868736652,0.9980715046020913,0.9718378543127095,0.49134220469853784,54.147945482723536,19.624966272597113
ISIC_0024533,kmeans,0.11272222222222222,0.6431082635124035,0.7827947528395457,0.9597703703703704,0.6431082635124035,1.0,1.0,0.35689173648759653,31.396383795469685,16.27509911147505
ISIC_0024533,watershed,0.11272222222222222,0.501954986035814,0.6684021701085054,0.9438592592592593,0.501954986035814,1.0,1.0,0.498045013964186,41.72529209005013,24.042700243350588
ISIC_0024534,otsu,0.6131703703703704,0.7709986832409186,0.8706936832160653,0.8595814814814815,0.771007997293967,0.9999808509823446,0.9999843317900147,0.22900408321051488,50.774009099144415,25.628584099245643
ISIC_0024534,adaptive,0.6131703703703704,0.1503358380245959,0.26137730053296226,0.4790111111111111,0.1503358380245959,1.0,1.0,0.8496641619754041,172.16794120395858,85.46216539137542
ISIC_0024534,kmeans,0.6131703703703704,0.24687718959143734,0.3959927916755479,0.5382074074074074,0.24687718959143734,1.0,1.0,0.7531228104085627,153.72605452251037,80.36007649498539
ISIC_0024534,watershed,0.6131703703703704,0.36679431733069173,0.5367220402950313,0.6117370370370371,0.36679431733069173,1.0,1.0,0.6332056826693083,139.3104436259573,80.1193960975357
ISIC_0024535,otsu,0.522325925925926,0.7562782717204805,0.8612282961055109,0.8726851851851852,0.7563533482712653,0.9998914493068263,0.9998687676343492,0.24374592279547325,42.04759208325728,19.991490474055595
ISIC_0024535,adaptive,0.522325925925926,0.17727801253509543,0.30116592792445557,0.5702222222222222,0.17729812519499674,0.9998759420649443,0.9993605115907274,0.8228153274527045,198.65799757371965,82.23187169981654
ISIC_0024535,kmeans,0.522325925925926,0.5915562866948407,0.7433683516444349,0.7866592592592593,0.5915562866948407,1.0,1.0,0.4084437133051593,65.19202405202648,36.625434253414745
ISIC_0024535,watershed,0.522325925925926,0.6283007629690558,0.7717256876099566,0.8058518518518518,0.6283007629690558,1.0,1.0,0.3716992370309442,58.36520281218356,33.888135262056984
ISIC_0024536,otsu,0.10764814814814815,0.719228955435039,0.8366878107320418,0.9647185185185185,0.8395664889041803,0.9798161329819246,0.8338288057406458,0.32774815069671426,36.39792422313395,11.290307902663551
ISIC_0024536,adaptive,0.10764814814814815,0.4819309440038166,0.6504094485020422,0.9356481481481481,0.5560984001376226,0.9814348268205118,0.7832428765264586,0.597798038878376,62.96824596572466,19.149650569317338
ISIC_0024536,kmeans,0.10764814814814815,0.5189059005676931,0.6832627358597413,0.9482111111111111,0.5189059005676931,1.0,1.0,0.4810940994323069,47.41887780706808,18.765243255545123
ISIC_0024536,watershed,0.10764814814814815,0.6931934668215677,0.8188000726494864,0.9667444444444444,0.6979872699122656,0.9991657500985743,0.99018937914877,0.3089282642353346,29.886379919228897,10.846489905022127
ISIC_0024537,otsu,0.2368851851851852,0.7955767522326647,0.8861517629290141,0.9514222222222222,0.79808940102253,0.9990196126013755,0.9960583058520499,0.20506887224628279,42.77601498127007,12.422393516672237
ISIC_0024537,adaptive,0.2368851851851852,0.6921031842489062,0.8180389833095412,0.924937037037037,0.7122844322143873,0.9909484034730952,0.9606722618194087,0.3168748729654935,55.226805085936306,16.593787702256787
ISIC_0024537,kmeans,0.2368851851851852,0.4874701017712258,0.6554351595917981,0.8785740740740741,0.4875310745946622,0.9999611727762922,0.9997435075344662,0.5125940055347957,85.07055894961546,31.967479330019316
ISIC_0024537,watershed,0.2368851851851852,0.46885988903649295,0.6383997446401022,0.8741296296296296,0.4690504854672525,0.9998738115229493,0.9991340837940451,0.5313560249534858,84.02733561665731,33.37239654345373
ISIC_0024538,otsu,0.9365370370370371,0.19680461906550925,0.32888345504411326,0.2477777777777778,0.19680461906550925,1.0,1.0,0.8031953809344907,293.3543126545827,187.06704049921703
ISIC_0024538,adaptive,0.9365370370370371,0.11708223755759002,0.2096215186691731,0.1731148148148148,0.11708223755759002,1.0,1.0,0.8829177624424099,256.95622070885815,169.7003132090967
ISIC_0024538,kmeans,0.9365370370370371,0.03796887667332371,0.07315995214618275,0.09902222222222222,0.03796887667332371,1.0,1.0,0.9620311233266763,227.1351412923001,164.08312212856666
ISIC_0024538,watershed,0.9365370370370371,0.05857275621378997,0.11066363812967916,0.11831851851851852,0.05857275621378997,1.0,1.0,0.94142724378621,227.8954942544245,162.39357513205906
ISIC_0024539,otsu,0.4065814814814815,0.7958799625451141,0.8863398213065378,0.9168407407407407,0.7974894558969547,0.9986144311366033,0.9974706043204813,0.2045328256374286,69.46221994724903,19.044030358156
ISIC_0024539,adaptive,0.4065814814814815,0.7838964302780383,0.8788586792069091,0.9095518518518518,0.80695409785292,0.979846838468884,0.9648310715141482,0.22246007815844848,86.35037743045184,20.98414256419589
ISIC_0024539,kmeans,0.4065814814814815,0.5381090756715887,0.699702100693519,0.8122037037037036,0.5381090756715887,1.0,1.0,0.4618909243284112,101.56662410311543,37.35929022455904
ISIC_0024539,watershed,0.4065814814814815,0.5783087531996685,0.732820814719904,0.8285481481481481,0.5783087531996685,1.0,1.0,0.4216912468003316,99.1533306881188,34.06896389773822
ISIC_0024540,otsu,0.09823333333333334,0.8286285003580447,0.9062841361116264,0.9831592592592593,0.8289409192022018,0.9999589283587361,0.9995453718857974,0.17143611205368925,19.18327282785961,6.921340278957533
ISIC_0024540,adaptive,0.09823333333333334,0.674894641782059,0.8058950395398994,0.968,0.6762432605663009,0.9997823203013015,0.9970537550725443,0.32575500508992195,54.358060750965535,13.355047599783365
ISIC_0024540,kmeans,0.09823333333333334,0.7972402352586337,0.8871827144954898,0.9800814814814814,0.7972702937073484,0.9999958928358736,0.9999527119686007,0.20276740941824078,21.02379604162864,8.326660318136911
ISIC_0024540,watershed,0.09823333333333334,0.7423745428496022,0.8521411723973774,0.9746925925925926,0.7423745428496022,1.0,1.0,0.25762545715039775,27.08495163120241,10.74046093718183
ISIC_0024541,otsu,0.0784962962962963,0.6736812305369444,0.8050293188994136,0.9743851851851851,0.6736812305369444,1.0,1.0,0.3263187694630556,25.018992406073927,12.265647473152118
ISIC_0024541,adaptive,0.0784962962962963,0.629585966235971,0.7726943889805249,0.9709074074074074,0.629942436538643,0.9999517696518573,0.9991019980543291,0.3706237614419175,27.967771416131352,13.610292383432908
ISIC_0024541,kmeans,0.0784962962962963,0.6248938378786449,0.7691503571635984,0.9705555555555555,0.6248938378786449,1.0,1.0,0.3751061621213551,26.433776661293543,14.450153490694042
ISIC_0024541,watershed,0.0784962962962963,0.5393035764839106,0.7007111329082883,0.963837037037037,0.5393035764839106,1.0,1.0,0.46069642351608947,32.69556544854363,18.470035945830723
ISIC_0024542,otsu,0.03471851851851852,0.856854195469531,0.92290950744559,0.9950148148148148,0.8595050138681459,0.999888729443724,0.9964135542913678,0.14358864945594196,8.48528137423857,3.380896543757744
ISIC_0024542,adaptive,0.03471851851851852,0.794858174864549,0.8857058301272566,0.9928481481481481,0.7981651376146789,0.9998503602863874,0.9948145193458316,0.20599530616599104,11.313708498984761,4.905437458092053
ISIC_0024542,kmeans,0.03471851851851852,0.7712063086104007,0.8708260634137537,0.9920481481481481,0.772029016428419,0.9999616308426634,0.9986201186697944,0.229037764028163,11.492806589536084,5.7201860621773015
ISIC_0024542,watershed,0.03471851851851852,0.6854495100127823,0.8133729381280415,0.9890629629629629,0.6864732238105398,0.9999462831797288,0.9978291207939215,0.31502026882867507,15.0,8.144821624695856
ISIC_0024543,otsu,0.40213333333333334,0.7546860849121331,0.8601949846201971,0.9006814814814815,0.7598087975243147,0.9954343839825552,0.9911454453708821,0.24697907456528145,50.346779362727126,19.725881052143873
ISIC_0024543,adaptive,0.40213333333333334,0.24238579846842623,0.390194090703921,0.6947740740740741,0.24283451223106395,0.9987548319952424,0.9924342229081191,0.7590167256115532,145.12018518440087,58.078069700984805
ISIC_0024543,kmeans,0.40213333333333334,0.6768101214834344,0.8072591080076216,0.8692481481481481,0.680905540819334,0.9959299732381802,0.9911914944963599,0.32514552018862364,54.3415126767741,25.328025821275656
ISIC_0024543,watershed,0.40213333333333334,0.3927663572060124,0.5640089670085504,0.7558111111111111,0.3927663572060124,1.0,1.0,0.6072336427939876,131.0,49.43299309108681
ISIC_0024544,otsu,0.49987037037037035,0.7784618348039325,0.8754327133365271,0.8892481481481481,0.7785425851146593,0.9998963231754731,0.9998667808545056,0.22156114548216205,75.56947647159193,22.850406900497408
ISIC_0024544,adaptive,0.49987037037037035,0.27952056821544835,0.4369145368335839,0.6393333333333333,0.27992442485088725,0.9985559299440886,0.99486504279131,0.7215203941762679,145.34441853748632,59.919090533379325
ISIC_0024544,kmeans,0.49987037037037035,0.29287593079687324,0.4530611543156459,0.6465296296296297,0.29287593079687324,1.0,1.0,0.7071240692031268,136.82105101189657,71.51916281727698
ISIC_0024544,watershed,0.49987037037037035,0.3417923165265069,0.5094563626825699,0.6709814814814815,0.3417923165265069,1.0,1.0,0.6582076834734931,138.70706532023345,61.08187575253552
ISIC_0024545,otsu,0.36795925925925926,0.7104530702062881,0.8307191615851868,0.8932740740740741,0.7116830566991112,0.9989920949774687,0.9975732607192742,0.2900482138723087,84.96705084083021,23.084613892129145
ISIC_0024545,adaptive,0.36795925925925926,0.6369680317676788,0.7782290422371282,0.8659148148148148,0.6393723137625945,0.9978025326543648,0.9941310880180293,0.3644022587041641,95.0,24.915422115083494
ISIC_0024545,kmeans,0.36795925925925926,0.4977604203363899,0.6646729524667173,0.8151962962962963,0.4977604203363899,1.0,1.0,0.5022395796636101,122.41724515023728,46.55606905067871
ISIC_0024545,watershed,0.36795925925925926,0.555757984478958,0.7144530062175294,0.8365370370370371,0.555757984478958,1.0,1.0,0.444242015521042,104.79812507560088,38.30413541728182
ISIC_0024546,otsu,0.358462962962963,0.6664187737564039,0.7998214905538752,0.8803851851851852,0.666632226068089,0.9998210316658488,0.9995197595699524,0.3336880714986826,45.221676218380054,21.181202749937405
ISIC_0024546,adaptive,0.358462962962963,0.33595667093570053,0.5029454596014665,0.7484333333333333,0.3550550188562277,0.9682360072741968,0.8619876586564993,0.7017926331559643,113.99517525296504,43.181147387939546
ISIC_0024546,kmeans,0.358462962962963,0.27607583819806786,0.4326950325897737,0.7405,0.27607583819806786,1.0,1.0,0.7239241618019321,113.33640536789895,51.559660351805974
ISIC_0024546,watershed,0.358462962962963,0.17763083122384668,0.301674899321793,0.7052111111111111,0.17763083122384668,1.0,1.0,0.8223691687761533,156.4768320847508,78.51248774806997
ISIC_0024547,otsu,0.34208518518518516,0.7934277877367659,0.8848171007075116,0.9291518518518519,0.7954808743761029,0.9986545595793669,0.9967576514000435,0.2071067418771586,43.04648650006177,14.467032289308236
ISIC_0024547,adaptive,0.34208518518518516,0.20622451491379218,0.34193388107110534,0.7253037037037037,0.2086225003518725,0.9939539622938914,0.9472054269281817,0.8030055325184327,124.07799865171606,55.53339066617277
ISIC_0024547,kmeans,0.34208518518518516,0.6768003636442347,0.8072521670657639,0.8893962962962964,0.6770568301159555,0.9998029689760579,0.9994406264983219,0.32332210950272294,56.208524025858075,22.62912264925187
ISIC_0024547,watershed,0.34208518518518516,0.6584935672008396,0.7940863687668409,0.8831074074074075,0.6588785552656367,0.9996960092773465,0.9991134460679691,0.341706094431753,60.08327554319921,24.812134625766483
ISIC_0024548,otsu,0.07084814814814815,0.676668931988081,0.807158669285692,0.9770925925925926,0.676668931988081,1.0,1.0,0.3233310680119191,21.095023109728988,12.006055102292047
ISIC_0024548,adaptive,0.07084814814814815,0.5606084365689196,0.7184485530546624,0.9688666666666667,0.5606670500287522,0.9999920277752311,0.9998135545818961,0.4394375032672905,44.0,17.20715119726246
ISIC_0024548,kmeans,0.07084814814814815,0.63296565424225,0.7752344975509812,0.9739962962962962,0.63296565424225,1.0,1.0,0.36703434575775,23.853720883753127,13.782831315069478
ISIC_0024548,watershed,0.07084814814814815,0.5138271734016415,0.6788452241176877,0.9655555555555555,0.5138271734016415,1.0,1.0,0.48617282659835853,28.792360097775937,18.941417287566225
ISIC_0024549,otsu,0.14387777777777777,0.7815621254494607,0.8773896955766104,0.9676,0.8057250238113626,0.9948043071039528,0.9630472908525891,0.22519113445053673,25.0,9.718412443546551
ISIC_0024549,adaptive,0.14387777777777777,0.43967788804885855,0.610800362634919,0.9157296296296297,0.4595979097485005,0.9923859954229449,0.9102681757928011,0.5857080340824259,59.456704207390686,27.21915905434766
ISIC_0024549,kmeans,0.14387777777777777,0.6610252195798448,0.7959243626018523,0.9511148148148149,0.6625736865137591,0.9996063213542545,0.9964769647696476,0.33976883671840813,32.7566787083184,15.551167079536027
ISIC_0024549,watershed,0.14387777777777777,0.6246977725191625,0.7690018206285126,0.9459592592592593,0.6251962828532448,0.9998658896921087,0.9987252241138251,0.3756017195665045,37.64306044943742,17.86815505238145
ISIC_0024550,otsu,0.4690037037037037,0.16084685527830123,0.2771198535740355,0.5085111111111111,0.2008670862584991,0.7802384057920471,0.44669230634142915,1.047942446952168,181.27603261324978,65.60848592906625
ISIC_0024550,adaptive,0.4690037037037037,0.20415146485731625,0.3390793779942074,0.5968555555555556,0.2204989299618577,0.9292734133599314,0.7335925595081709,0.8595762491017207,94.2597464189235,42.273204851273626
ISIC_0024550,kmeans,0.4690037037037037,0.012090246464135954,0.02389163714673616,0.5366666666666666,0.012090246464135954,1.0,1.0,0.9879097535358641,346.8454922939378,183.79086410210985
ISIC_0024550,watershed,0.4690037037037037,0.0859226549938841,0.15824820414004165,0.5599259259259259,0.08820115137683505,0.9765779213079536,0.7688442211055276,0.9383168418475729,244.59964007548106,107.29912014085252
ISIC_0024551,otsu,0.34242962962962964,0.8189722391343822,0.900477996875991,0.9372296296296296,0.829291771220905,0.9934382462938764,0.9850330172923251,0.1833088171670849,31.21695477891868,11.978931405355896
ISIC_0024551,adaptive,0.34242962962962964,0.08097906030976897,0.1498254004782726,0.6853,0.08097906030976897,1.0,1.0,0.919020939690231,231.1834765686002,104.9173823874691
ISIC_0024551,kmeans,0.34242962962962964,0.26066944702552025,0.4135413095646212,0.746562962962963,0.2609457471662196,0.9994480241517596,0.995954425363276,0.7401142164921692,213.3553357177881,67.86566455437058
ISIC_0024551,watershed,0.34242962962962964,0.32743630779878025,0.49333637459676105,0.7696444444444445,0.3275071385307606,0.999887351867706,0.9993399339933994,0.6727091805831963,153.9228548724553,52.68648585814824
ISIC_0024552,otsu,0.48485555555555554,0.6214742341268932,0.7665545600994828,0.8164444444444444,0.6215596855879185,0.9998705864590298,0.9997788344575915,0.3785778124069024,88.0042612260754,32.156379430704995
ISIC_0024552,adaptive,0.48485555555555554,0.229556244180189,0.37339689870510384,0.6261407407407408,0.2297438717907586,0.999230708395344,0.9964549580889905,0.7710734774006768,142.21462653327893,64.23605001303434
ISIC_0024552,kmeans,0.48485555555555554,0.1007401975387859,0.1830408260987238,0.5639888888888889,0.1007401975387859,1.0,1.0,0.8992598024612141,195.08113558345968,114.71179758724088
ISIC_0024552,watershed,0.48485555555555554,0.40015582153850854,0.5715875553033981,0.7091444444444445,0.4001802751487652,0.9999424828706799,0.9998473165890526,0.5998808350711552,128.03515142334936,56.30241465234547
ISIC_0024553,otsu,0.3733814814814815,0.49535275465715417,0.6625229439868532,0.811374074074074,0.4958785077321377,0.9993675637017029,0.9978641861950577,0.5051828633211987,106.49647754725967,40.1797446287392
ISIC_0024553,adaptive,0.3733814814814815,0.18210625340397088,0.30810471204188483,0.6940925925925926,0.18241695019491533,0.9989833734270364,0.9907337571382394,0.8192891789749338,207.60537615164884,69.66439998912878
ISIC_0024553,kmeans,0.3733814814814815,0.2789124418477776,0.4361712854162304,0.7307592592592592,0.2789124418477776,1.0,1.0,0.7210875581522225,146.5228054114591,56.16547778680675
ISIC_0024553,watershed,0.3733814814814815,0.2964101851943698,0.45727839626611577,0.7372925925925926,0.2964101851943698,1.0,1.0,0.7035898148056302,147.39759029202165,55.80216174472845
ISIC_0024554,otsu,0.48081851851851853,0.35314122404153353,0.5219576756175957,0.6160629629629629,0.4359310127021052,0.782884740224998,0.6502849657581468,0.7985071752644025,109.56048550631247,42.999259193429715
ISIC_0024554,adaptive,0.48081851851851853,0.043452137943784136,0.08328534939687883,0.540074074074074,0.043452137943784136,1.0,1.0,0.9565478620562159,216.20869531704008,132.540459257071
ISIC_0024554,kmeans,0.48081851851851853,0.022261421495751842,0.043553284957539316,0.5298851851851852,0.022261421495751842,1.0,1.0,0.9777385785042482,256.29785462481163,165.31654271985838
ISIC_0024554,watershed,0.48081851851851853,0.0,0.0,0.4922888888888889,0.0,0.9482019418029805,0.0,1.055930858643825,483.8594836243408,257.1605029543788
ISIC_0024555,otsu,0.07537037037037037,0.6828101352340966,0.8115117932054889,0.975937037037037,0.6872727272727273,0.9994672541558182,0.9905800694100149,0.31926289926289925,27.073972741361768,10.987969971676074
ISIC_0024555,adaptive,0.07537037037037037,0.4758328049553724,0.6448329422651112,0.9601962962962963,0.4794103194103194,0.9993871419987983,0.9845594913714805,0.5281081081081082,41.00121933088197,16.838548537722634
ISIC_0024555,kmeans,0.07537037037037037,0.5996366136318995,0.7497160399079048,0.9698037037037037,0.60004914004914,0.9999439214900862,0.9988548057259714,0.4006388206388206,30.505481378593768,14.410211443658445
ISIC_0024555,watershed,0.07537037037037037,0.5057493857493858,0.6717577181646107,0.9627481481481481,0.5057493857493858,1.0,1.0,0.49425061425061423,41.990902475107724,18.712310860423884
ISIC_0024556,otsu,0.08410740740740741,0.7085920288403765,0.8294455515179932,0.9730555555555556,0.7789863049892113,0.990877144740407,0.8868946154617467,0.32035756748425737,35.42518929673826,10.862875451664808
ISIC_0024556,adaptive,0.08410740740740741,0.225754377250714,0.36835173741262284,0.9307222222222222,0.24016909595314634,0.9941364627099247,0.7899768250289687,0.8236822405213792,75.26519424513918,27.653464661704763
ISIC_0024556,kmeans,0.08410740740740741,0.5180362484603203,0.682508403848383,0.9594222222222222,0.5185609229820776,0.999906992167123,0.9980506822612085,0.4824518913206218,49.65782176048142,19.259602617795007
ISIC_0024556,watershed,0.08410740740740741,0.6056786350903998,0.7544207437950995,0.9655888888888889,0.6284292571227267,0.9965506225459074,0.9435995768315261,0.40913294288608043,52.32590180780452,15.112133087771106
ISIC_0024557,otsu,0.36291851851851853,0.6753173858023431,0.8061963560163498,0.8821666666666667,0.6753173858023431,1.0,1.0,0.32468261419765687,62.61868680256993,25.782781204545635
ISIC_0024557,adaptive,0.36291851851851853,0.36968698852257365,0.5398123682569842,0.7703629629629629,0.3711168714536474,0.9977966653489292,0.9896853908121054,0.6327509490958076,97.82534997265749,44.28817602215579
ISIC_0024557,kmeans,0.36291851851851853,0.3896599583622484,0.5607990012484394,0.7784962962962962,0.3896599583622484,1.0,1.0,0.6103400416377516,100.03498039938067,52.16541065962747
ISIC_0024557,watershed,0.36291851851851853,0.33510225741927585,0.501987402923011,0.7586962962962963,0.33510225741927585,1.0,1.0,0.6648977425807242,113.21329386860624,62.3763400072224
ISIC_0024558,otsu,0.42765555555555557,0.6532342574068781,0.790250086435404,0.8517037037037037,0.6532342574068781,1.0,1.0,0.3467657425931218,56.359559802320014,28.816462153213973
ISIC_0024558,adaptive,0.42765555555555557,0.04173486797093542,0.08012570041401326,0.5901925925925926,0.04173486797093542,1.0,1.0,0.9582651320290646,202.5956564193813,119.32710462989562
ISIC_0024558,kmeans,0.42765555555555557,0.42791446906908465,0.5993558834767736,0.7553444444444445,0.42791446906908465,1.0,1.0,0.5720855309309153,82.74055749124062,50.81876655467891
ISIC_0024558,watershed,0.42765555555555557,0.4365576311846675,0.6077829691032404,0.7590407407407408,0.4365576311846675,1.0,1.0,0.5634423688153325,96.7690545313248,53.960748076153685
ISIC_0024559,otsu,0.3867555555555556,0.8652673108044701,0.9277676242889705,0.9478888888888889,0.8653087412855283,0.9999698023868193,0.9999446682307114,0.13473914042748794,23.345235059857504,12.456339055253263
ISIC_0024559,adaptive,0.3867555555555556,0.6437279895881182,0.7832536693001403,0.8621148148148148,0.6441718378916724,0.9995651543701985,0.9989307830529114,0.35651765877576036,99.89394133185083,33.695245015647636
ISIC_0024559,kmeans,0.3867555555555556,0.5223703363211523,0.6862592154593262,0.815274074074074,0.5223703363211523,1.0,1.0,0.4776296636788478,91.28691021008106,42.19960574140502
ISIC_0024559,watershed,0.3867555555555556,0.7523462039377921,0.8586730204877943,0.9042185185185185,0.7523462039377921,1.0,1.0,0.24765379606220791,64.00781202322104,22.671062491747644
ISIC_0024560,otsu,0.15172962962962963,0.7077403764005175,0.8288617944283243,0.9556555555555556,0.7077403764005175,1.0,1.0,0.2922596235994825,45.296788841986505,13.079012858806944
ISIC_0024560,adaptive,0.15172962962962963,0.5340293796285055,0.6962440051282863,0.9289222222222222,0.5368711401860033,0.9990481720974707,0.9901854853232487,0.46845021602753434,45.81264517840399,17.064348689251393
ISIC_0024560,kmeans,0.15172962962962963,0.5689457368125564,0.7252586542201478,0.9345962962962963,0.5689457368125564,1.0,1.0,0.43105426318744355,46.73640523230684,18.020038089842004
ISIC_0024560,watershed,0.15172962962962963,0.5721434325188567,0.7278514424121976,0.9350814814814815,0.5721434325188567,1.0,1.0,0.42785656748114337,46.09772228646444,17.817516071417145
ISIC_0024561,otsu,0.08407407407407408,0.8129955947136563,0.8968533592516098,0.9842777777777778,0.8129955947136563,1.0,1.0,0.1870044052863436,15.524174696260024,7.429078596022251
ISIC_0024561,adaptive,0.08407407407407408,0.7604432327851552,0.8639224697772006,0.9798222222222223,0.7618502202643171,0.9998301657905379,0.997577295800646,0.24,23.32595032742883,9.156429622020154
ISIC_0024561,kmeans,0.08407407407407408,0.6258590308370044,0.7698810523748882,0.9685444444444444,0.6258590308370044,1.0,1.0,0.3741409691629956,26.92582403567252,15.552275145334967
ISIC_0024561,watershed,0.08407407407407408,0.6626872246696035,0.7971279442545638,0.9716407407407407,0.6626872246696035,1.0,1.0,0.3373127753303965,27.787479987707595,13.829260939689402
ISIC_0024562,otsu,0.1864851851851852,0.7325855405787539,0.8456558402698439,0.947462962962963,0.7717820897300948,0.9877349771681182,0.9351686961544015,0.28172230938809556,66.90585992096418,15.090585692493292
ISIC_0024562,adaptive,0.1864851851851852,0.26020631333381933,0.41295827608648494,0.849662962962963,0.2835494826319239,0.9794353718887862,0.7596573374481217,0.8061607515242994,119.0548124256064,37.98950122013509
ISIC_0024562,kmeans,0.1864851851851852,0.45436507936507936,0.6248294679399727,0.8981481481481481,0.45480725308335485,0.9997769168081804,0.9978648307115778,0.5461659152747711,79.39457913553849,29.365645734673777
ISIC_0024562,watershed,0.1864851851851852,0.5829859533358358,0.7365649102663305,0.9218222222222222,0.5860658179579353,0.9987889769586932,0.9910663308144416,0.419217095986177,74.30746872057261,21.230055930041793
ISIC_0024563,otsu,0.29407037037037037,0.8211002241757135,0.9017628061051598,0.9473888888888888,0.8211312485043892,0.9999842603134296,0.9999539877300614,0.1789065353467928,32.3650852898244,13.271395017867912
ISIC_0024563,adaptive,0.29407037037037037,0.5194561591238119,0.6837395814346551,0.8586222222222222,0.5196916837743548,0.9998111237611556,0.9991283081914817,0.48076172243982923,96.90510681825083,30.536452548834085
ISIC_0024563,kmeans,0.29407037037037037,0.30768649479212584,0.4705814367854838,0.7964111111111111,0.30768649479212584,1.0,1.0,0.6923135052078742,116.11199445857743,47.67986988248808
ISIC_0024563,watershed,0.29407037037037037,0.3644756231186791,0.5342354483191494,0.8131111111111111,0.3644756231186791,1.0,1.0,0.6355243768813209,113.7147733070012,43.00408631343223
ISIC_0024564,otsu,0.12866666666666668,0.6835342779195634,0.8120230005227391,0.946725925925926,0.894300518134715,0.9544673977726771,0.7436093824796554,0.41404720782959126,66.58978733053058,18.289183493797946
ISIC_0024564,adaptive,0.12866666666666668,0.2657979052798794,0.41996894475996,0.8990037037037037,0.28416810592976394,0.9897942701691745,0.8043673103560661,0.7849453080023028,88.5861096886339,34.71661771007014
ISIC_0024564,kmeans,0.12866666666666668,0.6013728013728014,0.751071581654522,0.9483777777777778,0.6052677029360967,0.999043611323642,0.9894127611518916,0.40120898100172714,39.494273865430245,16.974491988894506
ISIC_0024564,watershed,0.12866666666666668,0.6673942623880259,0.8005236403203047,0.9565444444444444,0.6776914219919401,0.9977216696420981,0.9777399393662527,0.33773747841105356,56.229881246749166,14.528876666338105
ISIC_0024565,otsu,0.15422592592592593,0.6872304429670932,0.814625466049034,0.9513851851851852,0.6926106481592661,0.9985724232458542,0.9888229848801728,0.3152181743954276,31.580053787092876,16.486781568776333
ISIC_0024565,adaptive,0.15422592592592593,0.2690897911887814,0.4240673797190027,0.8855259259259259,0.2732643308277899,0.9971711209104962,0.9462785862785863,0.7422492255229222,90.89416445166331,38.24042330991793
ISIC_0024565,kmeans,0.15422592592592593,0.5287096851660623,0.691707117834645,0.9273148148148148,0.5287096851660623,1.0,1.0,0.4712903148339377,41.593268686170845,26.943548872976045
ISIC_0024565,watershed,0.15422592592592593,0.4973463653610624,0.6643037000208497,0.9224777777777777,0.4973463653610624,1.0,1.0,0.5026536346389376,46.53385685575263,28.910514841972542
ISIC_0024566,otsu,0.07732222222222222,0.6458154540542259,0.7847969253944649,0.9587296296296296,0.9732241222397854,0.9575149624884094,0.6574978965762733,0.5337452699142597,68.0,17.218849051508453
ISIC_0024566,adaptive,0.07732222222222222,0.3874362555624127,0.558492332904132,0.9301518518518519,0.5713464578244001,0.960220453350353,0.5462038648227859,0.903338602289601,134.15811513936143,32.16707493053984
ISIC_0024566,kmeans,0.07732222222222222,0.6757890895821931,0.8065323897659227,0.973674074074074,0.7096805096517699,0.9957972567767729,0.9339973523293198,0.340470374095895,20.591260281974,7.828031814971824
ISIC_0024566,watershed,0.07732222222222222,0.7379053694843168,0.8491893545426736,0.9780888888888889,0.7978157781290415,0.9931961320311653,0.9076344613372568,0.2833740479954016,31.76476034853718,7.7801352425491235
ISIC_0024567,otsu,0.12894814814814815,0.5514705882352942,0.7109004739336493,0.942162962962963,0.5514705882352942,1.0,1.0,0.4485294117647059,37.12142238654117,21.174158342776185
ISIC_0024567,adaptive,0.12894814814814815,0.4331669284271932,0.6044891489403339,0.9251444444444444,0.4436178768382353,0.9964283284577182,0.9484187902978201,0.5805089613970589,46.16871089112726,24.77869509026691
ISIC_0024567,kmeans,0.12894814814814815,0.4837431066176471,0.6520577645282435,0.9334296296296296,0.4837431066176471,1.0,1.0,0.5162568933823529,41.14608122288197,25.483236833228922
ISIC_0024567,watershed,0.12894814814814815,0.4284811580882353,0.5999115293360678,0.9263037037037037,0.4284811580882353,1.0,1.0,0.5715188419117647,46.54674593342844,28.187794921742874
ISIC_0024568,otsu,0.11432222222222223,0.8577769138562219,0.9234444754464286,0.9837407407407407,0.8577769138562219,1.0,1.0,0.14222308614377815,12.0,6.406819574556652
ISIC_0024568,adaptive,0.11432222222222223,0.6062775330396476,0.7548851559821734,0.9549814814814814,0.6063757410827096,0.999979091133386,0.9997329345155432,0.3937862442090258,55.731499172371095,16.175246155750344
ISIC_0024568,kmeans,0.11432222222222223,0.8501636051446528,0.9190145161007898,0.9828703703703704,0.8501636051446528,1.0,1.0,0.14983639485534714,12.36931687685298,6.7891928842923654
ISIC_0024568,watershed,0.11432222222222223,0.6452846081575793,0.7844048439499852,0.9594481481481482,0.6452846081575793,1.0,1.0,0.35471539184242074,33.99117073853986,17.405732386066365
ISIC_0024569,otsu,0.14944444444444444,0.6401239157372987,0.7805799422777618,0.9462185185185186,0.6401239157372987,1.0,1.0,0.35987608426270135,89.04487889932066,21.786051415965392
ISIC_0024569,adaptive,0.14944444444444444,0.5982134019598139,0.7486026599780141,0.939862962962963,0.5991325898389095,0.9997300239494884,0.9974419276313075,0.40240396530359357,74.07259669750547,20.369487326604357
ISIC_0024569,kmeans,0.14944444444444444,0.5936802973977695,0.7450431537205505,0.9392777777777778,0.5936802973977695,1.0,1.0,0.4063197026022305,91.21403400793103,24.25402575871711
ISIC_0024569,watershed,0.14944444444444444,0.47350681536555145,0.6426937567276642,0.9213185185185185,0.47350681536555145,1.0,1.0,0.5264931846344486,103.06534010852818,31.945669049170654
ISIC_0024570,otsu,0.4122037037037037,0.6051336840782173,0.7539978633315249,0.8371074074074074,0.6056067208769487,0.9994518131123783,0.9987108819345661,0.3951749853991644,76.54639054169716,27.41630577634906
ISIC_0024570,adaptive,0.4122037037037037,0.18622744874105535,0.31398270026325686,0.6622,0.18753762523024395,0.9950663180114048,0.9638420688062803,0.8194977312547733,122.97967291551342,54.510115425994535
ISIC_0024570,kmeans,0.4122037037037037,0.3255312457882205,0.491170987968141,0.7219814814814814,0.3255312457882205,1.0,1.0,0.6744687542117795,107.04485026653555,52.40496038881621
ISIC_0024570,watershed,0.4122037037037037,0.24622849184599488,0.395157859825954,0.6892925925925926,0.24622849184599488,1.0,1.0,0.7537715081540052,135.07312414630218,65.14447205439922
ISIC_0024571,otsu,0.5511111111111111,0.1659034055563644,0.2845920249751667,0.5331962962962963,0.1684744623655914,0.980973597359736,0.9157625570776255,0.8470228494623656,218.3423887044133,88.92016502914846
ISIC_0024571,adaptive,0.5511111111111111,0.08047977422389464,0.1489704409908145,0.4931740740740741,0.08049059139784946,0.9998349834983499,0.9983329165624739,0.9196438172043011,253.9298641353796,122.55531789303663
ISIC_0024571,kmeans,0.5511111111111111,0.07147849462365591,0.13342030658069695,0.4882814814814815,0.07147849462365591,1.0,1.0,0.928521505376344,285.2887127519933,132.60830045074795
ISIC_0024571,watershed,0.5511111111111111,0.07592069892473119,0.14112694179153887,0.4907296296296296,0.07592069892473119,1.0,1.0,0.9240793010752688,287.3506565906215,131.9637487399454
ISIC_0024572,otsu,0.05795555555555556,0.5316131710016602,0.6941872544148864,0.9498444444444445,0.9822341513292433,0.9478517959363402,0.5367744639240064,0.8654141104294478,133.4078329307405,34.857899573801966
ISIC_0024572,adaptive,0.05795555555555556,0.25418897309323507,0.4053439769388547,0.9205407407407408,0.467280163599182,0.9484258036107441,0.35790504160548214,1.3710378323108385,135.1147610152457,36.79282056435111
ISIC_0024572,kmeans,0.05795555555555556,0.7230250481695568,0.839250768800671,0.9829629629629629,0.7673824130879345,0.9962257029628232,0.9259716224552745,0.2939672801635992,35.356028524023685,8.538898286853774
ISIC_0024572,watershed,0.05795555555555556,0.7911319827444985,0.8833877015944636,0.9858333333333333,0.9258691206543967,0.9895223941624206,0.8446335917915233,0.24444018404907975,21.85860617416551,7.279229924615169
ISIC_0024573,otsu,0.10675925925925926,0.15842138535175654,0.27351253586129476,0.8274296296296296,0.30428447528187336,0.8899554265574791,0.24839285208575232,1.6164440589765827,225.1876988213906,96.4209535808344
ISIC_0024573,adaptive,0.10675925925925926,0.0,0.0,0.867862962962963,0.0,0.9715890950554577,0.0,1.2377103209019948,224.15664087608556,126.73747959802498
ISIC_0024573,kmeans,0.10675925925925926,0.22807500430070532,0.3714349750658374,0.9169037037037037,0.22997398091934085,0.9990048719809267,0.9650604163633717,0.7783521248915871,144.2552090128803,41.588639901096535
ISIC_0024573,watershed,0.10675925925925926,0.07961838681699913,0.1474935732647815,0.9017407407407407,0.07961838681699913,1.0,1.0,0.9203816131830008,156.55158887468892,68.11173707164694
ISIC_0024574,otsu,0.13182222222222223,0.691765432792226,0.8178030114381526,0.9593518518518519,0.6920375365250618,0.999940275075936,0.9994319334550619,0.3083558102944482,32.758966719588145,15.319216568370967
ISIC_0024574,adaptive,0.13182222222222223,0.4351766125185871,0.6064432888923642,0.9254370370370371,0.4358001798156889,0.9997824306337668,0.9967227862742578,0.5656327264553832,67.42403132415029,23.86708559341425
ISIC_0024574,kmeans,0.13182222222222223,0.6278096201393571,0.7713550926005834,0.950937037037037,0.6278096201393571,1.0,1.0,0.37219037986064285,37.555283983309245,18.954151902645766
ISIC_0024574,watershed,0.13182222222222223,0.5607158912115082,0.7185367873409062,0.9420925925925926,0.5607158912115082,1.0,1.0,0.4392841087884918,42.534690163794615,22.590476760792463
ISIC_0024575,otsu,0.1681814814814815,0.465997334517992,0.6357410392853247,0.8887,0.5775066616749983,0.9516187202514793,0.7070369371798328,0.6617851086788963,90.56213122225718,33.596362567169116
ISIC_0024575,adaptive,0.1681814814814815,0.3720642112528982,0.5423422726158689,0.8685962962962963,0.46294787376951707,0.9506124466251987,0.6546054680201782,0.7813208835252924,90.78546139112804,35.37866613012605
ISIC_0024575,kmeans,0.1681814814814815,0.24023587915593989,0.3874035305597445,0.8721148148148148,0.2404369177916272,0.9998308035495634,0.9965315808689302,0.760399920720562,92.96881182542812,44.776130507552644
ISIC_0024575,watershed,0.1681814814814815,0.239600079279438,0.3865764181278758,0.8721148148148148,0.239600079279438,1.0,1.0,0.760399920720562,92.78630717700938,44.015421477329085
ISIC_0024576,otsu,0.0831888888888889,0.813988691509728,0.8974572943255449,0.9845259259259259,0.813988691509728,1.0,1.0,0.18601130849027203,13.038404810405298,6.474670558905612
ISIC_0024576,adaptive,0.0831888888888889,0.7874727329386102,0.8811018131101813,0.9823185185185185,0.7875428520546726,0.999991920465058,0.999886948165734,0.21254619117581586,14.0,7.09267324277214
ISIC_0024576,kmeans,0.0831888888888889,0.7891456302034637,0.8821480117453839,0.9824592592592593,0.7891456302034637,1.0,1.0,0.2108543697965362,14.126165607314029,7.40061712062004
ISIC_0024576,watershed,0.0831888888888889,0.7138150572102756,0.8330129370811036,0.9761925925925926,0.7138150572102756,1.0,1.0,0.2861849427897244,19.6468827043885,9.982559874538564
ISIC_0024577,otsu,0.07965555555555555,0.8177296392711045,0.8997263637061095,0.9854777777777778,0.8179197470590971,0.999979878708857,0.999715844510116,0.18231273538847817,11.180339887498949,6.372512315903247
ISIC_0024577,adaptive,0.07965555555555555,0.8210458240946046,0.9017299984780072,0.9856518518518519,0.8264286046403496,0.9994325795897672,0.9921295004186436,0.1801274003812712,14.028535078094558,5.736739609299821
ISIC_0024577,kmeans,0.07965555555555555,0.8031338633933138,0.8908200103145951,0.9843185185185185,0.8031338633933138,1.0,1.0,0.1968661366066862,12.083045973594572,6.95883088472569
ISIC_0024577,watershed,0.07965555555555555,0.720695587483145,0.837679357959305,0.9777518518518519,0.720695587483145,1.0,1.0,0.279304412516855,19.014463674742245,9.99480140271257
ISIC_0024578,otsu,0.12253333333333333,0.8916971843669328,0.942748333862266,0.9866370370370371,0.8978962640551323,0.9990291917810532,0.9923169428113309,0.10905573691210253,13.416407864998739,4.887374529568799
ISIC_0024578,adaptive,0.12253333333333333,0.46520630157539383,0.6350045056115343,0.9339925925925926,0.4685950912827953,0.9989827618227557,0.984692581300813,0.5386893966872204,56.822508410284506,19.256601048974503
ISIC_0024578,kmeans,0.12253333333333333,0.7905523694536674,0.8830262470288768,0.9743,0.7916515536210857,0.9998058383562106,0.9982467507718108,0.20973884657236128,26.68332812825267,10.415076283365748
ISIC_0024578,watershed,0.12253333333333333,0.6584753959617943,0.7940731560626219,0.9581518518518518,0.6584753959617943,1.0,1.0,0.3415246040382058,36.40054944640259,17.184831479117115
ISIC_0024579,otsu,0.3176222222222222,0.27574221411332694,0.43228516084650337,0.7677037037037037,0.27844632570722266,0.995435351331401,0.9659789644012945,0.7313603395601577,148.07599166470942,58.53854809450999
ISIC_0024579,adaptive,0.3176222222222222,0.13231000057706735,0.23369925287180585,0.7215518518518519,0.13367849063644208,0.9951856797038677,0.9281839527163792,0.8766645677371208,248.72233346098326,67.7881844801524
ISIC_0024579,kmeans,0.3176222222222222,0.14428962863639014,0.2521907479111473,0.7281851851851852,0.14430140628279578,0.9999620064914623,0.9994346632208044,0.8557802187551016,163.85011423597012,85.72198121616933
ISIC_0024579,watershed,0.3176222222222222,0.12450155073105892,0.2214342001576044,0.7218962962962963,0.12451316495254088,0.9999565788473855,0.9992513569155905,0.8755801208050561,211.87270063451214,92.74262745947756
ISIC_0024580,otsu,0.12238148148148148,0.6730926368671125,0.8046089284422256,0.9599925925925926,0.6730926368671125,1.0,1.0,0.32690736313288743,25.495097567963924,15.189674594490482
ISIC_0024580,adaptive,0.12238148148148148,0.5663047751534763,0.7231093004846215,0.9468851851851852,0.56671609720667,0.9998987158007571,0.99872,0.43401022909542114,39.96248240537617,18.877855768667718
ISIC_0024580,kmeans,0.12238148148148148,0.6178615743122597,0.7638002955536018,0.9532333333333334,0.6178615743122597,1.0,1.0,0.3821384256877402,29.115283972159585,17.840419661994233
ISIC_0024580,watershed,0.12238148148148148,0.5431407559846261,0.7039419494018435,0.9440888888888889,0.5431407559846261,1.0,1.0,0.4568592440153739,35.11409973215888,21.25276624705316
ISIC_0024581,otsu,0.7754111111111112,0.05115565936349177,0.09733222460024264,0.2642555555555556,0.05115565936349177,1.0,1.0,0.9488443406365082,224.88418742985695,172.2025382309443
ISIC_0024581,adaptive,0.7754111111111112,0.04732495545970835,0.09037301214489965,0.2612851851851852,0.04732495545970835,1.0,1.0,0.9526750445402916,294.3105194679056,157.17715043781376
ISIC_0024581,kmeans,0.7754111111111112,0.002496142952541046,0.004979855473936153,0.1978037037037037,0.0025888298202626087,0.8717986774188229,0.06517556517556518,1.0345432052770096,460.4073317044913,144.27731816282287
ISIC_0024581,watershed,0.7754111111111112,0.020906472552194535,0.04095668528759509,0.2408,0.020906472552194535,1.0,1.0,0.9790935274478054,302.40436477015237,214.56802497798415
ISIC_0024582,otsu,0.1444037037037037,0.5300316643578072,0.692837510105093,0.929637037037037,0.5495396137372079,0.9937881745890889,0.9372293425484449,0.4872656390263921,68.8534405396941,21.274143592509564
ISIC_0024582,adaptive,0.1444037037037037,0.0,0.0,0.8317592592592593,0.0,0.9721398548121085,0.0,1.16507219985124,236.4355781983351,104.11978467260289
ISIC_0024582,kmeans,0.1444037037037037,0.1872756180121038,0.31547117648329337,0.8826185185185185,0.18730924106799354,0.9999696984126297,0.9990424076607387,0.8128702967503655,117.63651626837223,41.747581171446235
ISIC_0024582,watershed,0.1444037037037037,0.21392289327982933,0.35244889846643096,0.8853666666666666,0.21603529200543742,0.9983334126946336,0.9562897366030881,0.7938392880043089,123.40501999436977,39.26189025863901
ISIC_0024583,otsu,0.29765925925925923,0.75306766953545,0.8591427274852514,0.9241259259259259,0.7773740792355166,0.9863208741140735,0.9601352389734132,0.25490244873581525,39.395431207184416,14.901931648959435
ISIC_0024583,adaptive,0.29765925925925923,0.3889600558984512,0.5600737821748973,0.8056666666666666,0.4155882938482978,0.9709859095511306,0.8585676828954809,0.6528717897670715,88.32326986700618,34.72796777626114
ISIC_0024583,kmeans,0.29765925925925923,0.54144684451523,0.7025176981506744,0.8635074074074074,0.54144684451523,1.0,1.0,0.45855315548477005,68.00110288155157,32.75672093194261
ISIC_0024583,watershed,0.29765925925925923,0.5549223571570775,0.7137621433029784,0.8675185185185185,0.5549223571570775,1.0,1.0,0.44507764284292256,64.96921619010844,32.506136209786305
ISIC_0024584,otsu,0.13211851851851852,0.7105499187174169,0.8307853643349883,0.9617518518518519,0.7106694326082081,0.999974394865317,0.9997633789486138,0.28949876653958284,26.214472318719512,13.858395722326387
ISIC_0024584,adaptive,0.13211851851851852,0.6384669184501329,0.7793467310943023,0.952137037037037,0.6397734918143081,0.9996884708613567,0.9968115309019436,0.36227293115048215,45.254833995939045,16.48057371359289
ISIC_0024584,kmeans,0.13211851851851852,0.5156144875532631,0.6804032183482844,0.9360037037037037,0.5156144875532631,1.0,1.0,0.48438551244673694,42.0,24.308873306956865
ISIC_0024584,watershed,0.13211851851851852,0.5890334155640278,0.7413732270129137,0.9457037037037037,0.5890334155640278,1.0,1.0,0.41096658443597217,34.713109915419565,20.264452977751695
ISIC_0024585,otsu,0.2258037037037037,0.833519168333716,0.9092014773875639,0.9623962962962963,0.8337789295848573,0.9999091052608918,0.9996263667112405,0.166532714419276,18.131397873467822,9.097702820366466
ISIC_0024585,adaptive,0.2258037037037037,0.5848086435824004,0.7380179884184156,0.9054962962962962,0.5894992372923057,0.9976606564513737,0.9865766285102529,0.4185214952351272,66.68432451710162,21.433175229504027
ISIC_0024585,kmeans,0.2258037037037037,0.6546000295241688,0.7912486617233039,0.9220074074074074,0.6546000295241688,1.0,1.0,0.3453999704758312,37.64306044943742,20.71311403494599
ISIC_0024585,watershed,0.2258037037037037,0.6112341123411235,0.7587154562573158,0.9122037037037037,0.6113143175816426,0.9999617285309018,0.9997853962122432,0.38881690094641363,56.32450352368984,22.791601737976478
ISIC_0024586,otsu,0.04730740740740741,0.5802082517811008,0.7343440348791122,0.9801407407407408,0.5802082517811008,1.0,1.0,0.41979174821889925,25.80697580112788,13.36578348927937
ISIC_0024586,adaptive,0.04730740740740741,0.6403352215410879,0.7807370263494016,0.9828333333333333,0.6460502622719799,0.999556811687731,0.9863734162084629,0.3628748140609097,25.259635751832608,10.73742446743717
ISIC_0024586,kmeans,0.04730740740740741,0.517576137164331,0.682108955839868,0.9771777777777778,0.517576137164331,1.0,1.0,0.482423862835669,27.327606554294977,15.792267255173233
ISIC_0024586,watershed,0.04730740740740741,0.4919752603147264,0.6594951986146823,0.9759666666666666,0.4919752603147264,1.0,1.0,0.5080247396852736,26.92582403567252,16.933713066258342
ISIC_0024587,otsu,0.787737037037037,0.6852139163140574,0.8132070471062506,0.7520185185185185,0.685249354691592,0.999808064769416,0.9999245314086556,0.31480236401506423,129.4279701922712,47.70240986574666
ISIC_0024587,adaptive,0.787737037037037,0.7833993872445681,0.8785462110704829,0.8287555555555556,0.7862465853899355,0.9865121878871421,0.995398782135608,0.2173878291778136,115.79615471174012,38.14279277842419
ISIC_0024587,kmeans,0.787737037037037,0.4148921664966218,0.586464716281419,0.5390888888888888,0.4148921664966218,1.0,1.0,0.5851078335033781,186.15383315484877,83.23610013471036
ISIC_0024587,watershed,0.787737037037037,0.48378618546328206,0.652096899409034,0.5933592592592593,0.48378618546328206,1.0,1.0,0.5162138145367179,159.0125781188394,79.12207276958999
ISIC_0024588,otsu,0.19894074074074075,0.679252074072741,0.808993580606788,0.9339888888888889,0.7026845887478125,0.9914326401154028,0.9532035255196101,0.3318129351751871,67.07309306458383,19.520442466131552
ISIC_0024588,adaptive,0.19894074074074075,0.12080712104205278,0.21557165148939145,0.7505111111111111,0.17232006553226348,0.8941031781992362,0.2878109452736318,1.254086457906691,159.48698929515163,73.85963575317852
ISIC_0024588,kmeans,0.19894074074074075,0.4950106117585732,0.6622168536667372,0.899537037037037,0.4950106117585732,1.0,1.0,0.5049893882414268,77.65017409971881,31.234506359689686
ISIC_0024588,watershed,0.19894074074074075,0.5665534079726694,0.7233119599871997,0.913537037037037,0.5680828089511114,0.9993295913743839,0.9952705567696272,0.43461667349294414,76.69159008521417,27.19651162805307
ISIC_0024589,otsu,0.20434814814814814,0.6639904898092793,0.7980700537361648,0.9277666666666666,0.6985174176242434,0.9866450057255639,0.9307155449298462,0.3534817124007685,39.57524043240164,17.977878777627406
ISIC_0024589,adaptive,0.20434814814814814,0.3164841479077942,0.4808020642113506,0.8502037037037037,0.3394171167578932,0.9813895897144665,0.8240704070407041,0.7330445499691883,80.60397012554654,34.89295706258843
ISIC_0024589,kmeans,0.20434814814814814,0.40353482307775884,0.575026449565195,0.8780074074074075,0.4038858882807119,0.9997765633582527,0.9978506179473401,0.5969840867075071,72.28540466746698,37.1402222910784
ISIC_0024589,watershed,0.20434814814814814,0.38062540763823466,0.5513811429696214,0.8733814814814815,0.3807771776561424,0.9998975915391992,0.9989539251581,0.6196215608801247,85.03175152732695,43.52383595768535
ISIC_0024590,otsu,0.21797037037037037,0.5587606175212351,0.7169293491771491,0.8945666666666666,0.6125365323183579,0.9731752135942562,0.8642149929278642,0.483704886834772,76.00983038867027,25.207823845753822
ISIC_0024590,adaptive,0.21797037037037037,0.06306611223930632,0.1186494640610076,0.7846925925925926,0.06648881941140489,0.9848731695303768,0.5505839313353033,0.987782913070074,173.0023121194151,67.0196211301513
ISIC_0024590,kmeans,0.21797037037037037,0.3447164630637444,0.5126976169806937,0.8523888888888889,0.35624957520560047,0.9906747873529468,0.9141486810551559,0.6772072316998573,102.07153669275787,39.44021206067482
ISIC_0024590,watershed,0.21797037037037037,0.3256511392900218,0.4913074482996041,0.8467629629629629,0.33949568408890096,0.9881504915983101,0.88871096877502,0.7030177394141236,105.56513767474064,44.21142000737977
ISIC_0024591,otsu,0.2127148148148148,0.8353559800114917,0.9102931410682098,0.9649777777777778,0.8353559800114917,1.0,1.0,0.16464401998850836,17.632120914428626,10.593146058501235
ISIC_0024591,adaptive,0.2127148148148148,0.8090296519422632,0.8944349265625903,0.9593777777777778,0.8090296519422632,1.0,1.0,0.19097034805773686,25.45584412271571,12.128355159770276
ISIC_0024591,kmeans,0.2127148148148148,0.6695976180941271,0.8021065804567734,0.9297185185185185,0.6695976180941271,1.0,1.0,0.33040238190587295,33.28663395418648,22.143710332682737
ISIC_0024591,watershed,0.2127148148148148,0.74183831595076,0.8517878027569248,0.9450851851851851,0.74183831595076,1.0,1.0,0.25816168404924,30.124547477634607,16.74957596393613
ISIC_0024592,otsu,0.7419703703703704,0.9522353100591372,0.9755333336638523,0.9634444444444444,0.9822095321765869,0.9094849859332835,0.9689472803017619,0.0492682147634926,23.769728648009426,6.430271344563881
ISIC_0024592,adaptive,0.7419703703703704,0.9138263199826175,0.9549730928467087,0.9339,0.944721761875287,0.9027817649422978,0.9654493421958772,0.08908711538845517,83.18052396166179,14.166660015458536
ISIC_0024592,kmeans,0.7419703703703704,0.3579397814496541,0.5271806398771812,0.5232037037037037,0.3582453127807839,0.997545501521502,0.9976229861410362,0.6426082702713496,161.164660240957,45.330040460667874
ISIC_0024592,watershed,0.7419703703703704,0.49580838323353293,0.6629303442754203,0.6211,0.5021763871972525,0.9630676924843544,0.9750617882238914,0.5106672922947907,130.58713363916945,36.42952833085158
ISIC_0024593,otsu,0.41192962962962965,0.7807166545336892,0.8768566886213945,0.9096333333333333,0.7810395518831875,0.9997102891440304,0.9994707411924431,0.21937403907535447,32.7566787083184,16.884048513538833
ISIC_0024593,adaptive,0.41192962962962965,0.45567895590753044,0.6260706786455414,0.7750925925925926,0.4570719558356785,0.9978586588906594,0.9933562607472253,0.5459850208144146,111.12245321331211,42.35401527147279
ISIC_0024593,kmeans,0.41192962962962965,0.5370029041278176,0.6987662842869428,0.8092777777777778,0.5370029041278176,1.0,1.0,0.4629970958721824,70.83325482190321,38.85713205302379
ISIC_0024593,watershed,0.41192962962962965,0.58889058720925,0.7412600866917914,0.8306518518518519,0.58889058720925,1.0,1.0,0.41110941279075,70.79371275838089,34.18885253985726
ISIC_0024594,otsu,0.06948518518518519,0.7182985981557486,0.8360579458386326,0.9804259259259259,0.7182985981557486,1.0,1.0,0.28170140184425135,17.00587727318528,9.32295671301465
ISIC_0024594,adaptive,0.06948518518518519,0.5658738366080662,0.7227578919561485,0.9689037037037037,0.5833377751718991,0.9976954214910901,0.9497526685758917,0.4475241191834124,43.08130907472747,14.430977862808925
ISIC_0024594,kmeans,0.06948518518518519,0.6286445285432546,0.7719849451808215,0.9741962962962963,0.6286445285432546,1.0,1.0,0.37135547145674536,22.20360331117452,12.854775800173716
ISIC_0024594,watershed,0.06948518518518519,0.5452268002771707,0.7056916177992412,0.9684,0.5452268002771707,1.0,1.0,0.45477319972282926,29.097239424790907,16.434583112036922
ISIC_0024595,otsu,0.1480037037037037,0.0,0.0,0.7230481481481481,0.0,0.8486517503553745,0.0,1.8712494682315257,263.4108008197745,158.15600310676808
ISIC_0024595,adaptive,0.1480037037037037,0.015075688642567623,0.02970357543037588,0.8236037037037037,0.018242786717049122,0.9635061880811514,0.0798991670320035,1.1918370411150871,200.8337619852302,77.67998055275669
ISIC_0024595,kmeans,0.1480037037037037,0.07594144876767171,0.14116279069767443,0.8632222222222222,0.07594905032406596,0.9999826116441125,0.9986837775584074,0.9241510472710893,152.0,72.70219911230909
ISIC_0024595,watershed,0.1480037037037037,0.0010761305094447624,0.0021499473949041672,0.8384148148148148,0.0011761467430744976,0.9838549115584748,0.01249667641584685,1.0917644703585996,221.95494366407826,98.1572415234674
ISIC_0024596,otsu,0.1950074074074074,0.6665463800045582,0.7999133873522741,0.9349740740740741,0.6665463800045582,1.0,1.0,0.33345361999544176,43.630244480595465,18.755537059558108
ISIC_0024596,adaptive,0.1950074074074074,0.5170207514571585,0.6816264720974181,0.9057814814814815,0.5172073235584593,0.9999125825864512,0.9993027778797109,0.483153536427866,79.1523835192667,28.01532517243956
ISIC_0024596,kmeans,0.1950074074074074,0.45031527767226315,0.6209894973939918,0.8928074074074074,0.45031527767226315,1.0,1.0,0.5496847223277368,58.780937981200445,33.448037815698335
ISIC_0024596,watershed,0.1950074074074074,0.43075286788725975,0.6021345510540009,0.8889925925925926,0.43075286788725975,1.0,1.0,0.5692471321127403,67.5466482174588,36.318890357588955
ISIC_0024597,otsu,0.10204074074074074,0.8676484560570071,0.929134659408862,0.9845222222222222,0.9943740699067184,0.9834026949997732,0.871928707829408,0.15168233457950708,14.142135623730951,6.148084939948092
ISIC_0024597,adaptive,0.10204074074074074,0.9130777671101358,0.9545641926406538,0.9906111111111111,0.9665347900257704,0.9933470544320662,0.9428864811273989,0.0920111792675402,11.180339887498949,3.5455119914792697
ISIC_0024597,kmeans,0.10204074074074074,0.14358825450981816,0.25111879899704825,0.9126111111111112,0.14358825450981816,1.0,1.0,0.8564117454901818,91.25102217647643,30.458200848938223
ISIC_0024597,watershed,0.10204074074074074,0.9176054303870596,0.9570325739032197,0.9915481481481482,0.9224347573590795,0.9994019360772781,0.9943268515982628,0.0828282095023774,7.211102550927978,3.3388692789608716
ISIC_0024598,otsu,0.07483333333333334,0.8540503138437207,0.9212806227174579,0.9890629629629629,0.8552338530066815,0.9998879080846294,0.9983822509822048,0.1461519425884682,14.142135623730951,5.544801531837641
ISIC_0024598,adaptive,0.07483333333333334,0.7496910070697582,0.8569410302054195,0.9812481481481482,0.7505073001732244,0.9999119277807802,0.9985512972474647,0.2505815392229646,21.37755832643195,9.202372599686887
ISIC_0024598,kmeans,0.07483333333333334,0.6060381093788666,0.7546995377503852,0.9705185185185186,0.6060381093788666,1.0,1.0,0.3939618906211334,27.0,16.35580554973158
ISIC_0024598,watershed,0.07483333333333334,0.7324424647364514,0.8455605073705862,0.9799777777777777,0.7324424647364514,1.0,1.0,0.26755753526354864,16.55294535724685,10.463612308413222
ISIC_0024599,otsu,0.06477407407407407,0.8709023318688747,0.9309971098265896,0.9915111111111111,0.8840985762479273,0.998950540768521,0.9831499968207541,0.13105380524901367,11.0,3.935717419444248
ISIC_0024599,adaptive,0.06477407407407407,0.5772330233868695,0.7319565528083465,0.9722148148148149,0.5856824289553434,0.9989861827801562,0.9756167254024193,0.42895534335868263,36.886311226504674,12.88663529478356
ISIC_0024599,kmeans,0.06477407407407407,0.6450912001829722,0.784261930416044,0.9770111111111112,0.6450912001829722,1.0,1.0,0.35490879981702783,26.92582403567252,12.074367016376987
ISIC_0024599,watershed,0.06477407407407407,0.6478929612899537,0.7863289382373352,0.9771925925925926,0.6478929612899537,1.0,1.0,0.35210703871004634,22.079329583361947,11.889189547302093
ISIC_0024600,otsu,0.19718518518518519,0.7944263134318807,0.8854376549043382,0.9524074074074074,0.9327197595792637,0.9572430337700683,0.8427179852696602,0.24135987978963186,34.132096331752024,11.406194952755719
ISIC_0024600,adaptive,0.19718518518518519,0.11913974455296769,0.2129130792340097,0.8263074074074074,0.11913974455296769,1.0,1.0,0.8808602554470323,144.10672885067504,59.26432202577889
ISIC_0024600,kmeans,0.19718518518518519,0.5280219576425207,0.6911182853120373,0.9057407407407407,0.534785875281743,0.9968536630374608,0.9766069836043082,0.47802404207362886,72.0,24.814521099500052
ISIC_0024600,watershed,0.19718518518518519,0.48198412408091595,0.6504578777182632,0.8951037037037037,0.49496619083395943,0.9933843882635173,0.94839127618225,0.5319684447783621,96.14780268448007,29.123257776709224
ISIC_0024601,otsu,0.15194814814814814,0.7864785162438157,0.8804791203394223,0.9675518518518519,0.7865743674742846,0.9999781634596068,0.9998450813323005,0.21354750645931847,29.614185789921695,10.354662002666279
ISIC_0024601,adaptive,0.15194814814814814,0.3499001659890784,0.5184089532024094,0.8999111111111111,0.35453127285136254,0.997628551713295,0.9640111346765642,0.6587042363379321,63.13751272628449,23.586270797136912
ISIC_0024601,kmeans,0.15194814814814814,0.7453628098569235,0.8541064421076152,0.9613074074074074,0.7453809779164432,0.9999956326919214,0.9999672999574899,0.25464339687027737,33.24830432873889,12.783159927437232
ISIC_0024601,watershed,0.15194814814814814,0.6746940964266562,0.8057520449451285,0.9505703703703704,0.6746940964266562,1.0,1.0,0.3253059035733437,39.362240829240676,16.390263045106057
ISIC_0024602,otsu,0.02838148148148148,0.0,0.0,0.8961222222222223,0.0,0.9222984176841239,0.0,3.6600548088216103,280.28222420345867,188.62004435728053
ISIC_0024602,adaptive,0.02838148148148148,0.5365302237029985,0.6983659877642686,0.985574074074074,0.5884118491452434,0.9971753889081602,0.8588571428571429,0.5082865718387055,23.204513962947335,7.983774644807697
ISIC_0024602,kmeans,0.02838148148148148,0.0,0.0,0.9513666666666667,0.0,0.9791565810388927,0.0,1.7135586584888425,295.14738640892955,205.78501561128607
ISIC_0024602,watershed,0.02838148148148148,0.0,0.0,0.9540740740740741,0.0,0.9819430732226107,0.0,1.6181652094479968,296.45673626436,218.70439342927315
ISIC_0024603,otsu,0.18347777777777777,0.8581677149689528,0.9236708915516719,0.9738592592592593,0.8620480833282868,0.9989839472741211,0.9947820820424421,0.14247360665334383,17.671910980112326,6.947025557756296
ISIC_0024603,adaptive,0.18347777777777777,0.6632337384986927,0.7975231900927604,0.9375074074074075,0.6707846343285089,0.9974417243866263,0.9833106468603894,0.3406003350895254,52.44948088440482,15.661719939368922
ISIC_0024603,kmeans,0.18347777777777777,0.617230868608571,0.7633181886264916,0.9297703703703704,0.617230868608571,1.0,1.0,0.382769131391429,52.30905266788475,23.306103150220405
ISIC_0024603,watershed,0.18347777777777777,0.7362464443502996,0.8480897936419409,0.9515777777777777,0.7366923030339733,0.999863921509927,0.9991786447638604,0.26391328044570944,28.34399093755639,13.764520412363545
ISIC_0024604,otsu,0.009137037037037037,0.028411330049261083,0.055252853054234975,0.7078037037037037,0.9351438994730442,0.7057073333009386,0.02846742349457058,31.979327117957034,300.0326641234845,160.5475597072911
ISIC_0024604,adaptive,0.009137037037037037,0.0,0.0,0.9622333333333334,0.0,0.9711063681863545,0.0,4.133360356708553,266.01452098824046,177.51794487136925
ISIC_0024604,kmeans,0.009137037037037037,0.0,0.0,0.9633592592592592,0.0,0.9722426766043815,0.0,4.010133765707337,267.9296204552013,190.0274760491752
ISIC_0024604,watershed,0.009137037037037037,0.0,0.0,0.9471444444444445,0.0,0.9558783402421384,0.0,5.784758816376165,267.9757428064689,178.88525627382225
ISIC_0024605,otsu,0.12103703703703704,0.8730618972042485,0.9322296273362772,0.9845962962962963,0.8753059975520195,0.9996460475307601,0.9970720485203388,0.12726438188494493,12.619324002040555,5.788359939340933
ISIC_0024605,adaptive,0.12103703703703704,0.594607813168674,0.7457731089215197,0.9508814814814814,0.5952264381884945,0.9998567335243553,0.9982551575490095,0.40581395348837207,60.0,19.102269082004995
ISIC_0024605,kmeans,0.12103703703703704,0.8187882496940024,0.9003667687338066,0.9780666666666666,0.8187882496940024,1.0,1.0,0.18121175030599757,16.0312195418814,8.49718214501997
ISIC_0024605,watershed,0.12103703703703704,0.7126433267084543,0.8322145254588302,0.9651925925925926,0.713188494492044,0.9998946570032025,0.9989285102005829,0.2875764993880049,27.71638716777841,14.188608703870049
ISIC_0024606,otsu,0.3544481481481481,0.7121527956050726,0.8318799553790978,0.8961777777777777,0.7246841725791789,0.9903384414138923,0.976294043948928,0.2929122997669826,71.78122806914732,21.56245721927806
ISIC_0024606,adaptive,0.3544481481481481,0.07059210255988824,0.13187488006140857,0.6649037037037037,0.07180698216319578,0.9905507203139433,0.8066674492311304,0.9454028693535073,208.11377633666905,89.10329219720089
ISIC_0024606,kmeans,0.3544481481481481,0.5186988641706983,0.6830832318478612,0.8294037037037038,0.5186988641706983,1.0,1.0,0.4813011358293017,85.07937059025751,37.953488026298366
ISIC_0024606,watershed,0.3544481481481481,0.42200185995966605,0.5935320787437448,0.7951296296296296,0.42200185995966605,1.0,1.0,0.577998140040334,94.57060303055542,51.939021391395855
ISIC_0024607,otsu,0.20073333333333335,0.7770023324578964,0.8745090743726487,0.9550296296296297,0.7806007601756523,0.9988368967850159,0.9941021664551906,0.22403040702608953,27.018512172212592,12.913192749412122
ISIC_0024607,adaptive,0.20073333333333335,0.5485459273055858,0.7084658163933646,0.9093296296296296,0.5488394405697627,0.9998656175568345,0.9990260285474392,0.45169563452525924,76.47875521999558,27.409964197385655
ISIC_0024607,kmeans,0.20073333333333335,0.6949865348433983,0.8200496234710312,0.9387555555555556,0.6951917044909406,0.9999258579623914,0.9995755292619515,0.30510350935458874,32.449961479175904,18.398727325812406
ISIC_0024607,watershed,0.20073333333333335,0.6234362891619617,0.7680452794162774,0.9244111111111111,0.6234362891619617,1.0,1.0,0.3765637108380383,36.396426294301904,22.86460401456316
ISIC_0024608,otsu,0.512637037037037,0.5381758807039853,0.6997585743675494,0.7632518518518518,0.5381758807039853,1.0,1.0,0.4618241192960148,166.4496831308259,41.22859300110448
ISIC_0024608,adaptive,0.512637037037037,0.17404560298240038,0.2964886586011249,0.5765851851851852,0.17404560298240038,1.0,1.0,0.8259543970175997,270.75154660239053,86.43133633412681
ISIC_0024608,kmeans,0.512637037037037,0.3401583677715805,0.5076390611017068,0.6617407407407407,0.3401583677715805,1.0,1.0,0.6598416322284195,232.27134852448006,70.66447177373722
ISIC_0024608,watershed,0.512637037037037,0.3174218998352744,0.4818834420089171,0.6500851851851852,0.3174218998352744,1.0,1.0,0.6825781001647256,238.8158286211364,74.3684672313516
ISIC_0024609,otsu,0.26976666666666665,0.25177764682773524,0.40227215666582977,0.7883777777777777,0.26397298076527037,0.9821061761080933,0.8449571522742254,0.784463940030479,156.13556887436172,43.739130063691945
ISIC_0024609,adaptive,0.26976666666666665,0.1548066699515054,0.26810837515859914,0.7585814814814815,0.1639139448357291,0.9782667133285657,0.7358851084812623,0.8949160454164778,168.4694389472859,39.45601894604543
ISIC_0024609,kmeans,0.26976666666666665,0.1090654475060752,0.19667991235562818,0.7596555555555555,0.1090654475060752,1.0,1.0,0.8909345524939248,224.12674324121977,97.94836343096968
ISIC_0024609,watershed,0.26976666666666665,0.1598638054834768,0.2756596157715936,0.7733592592592593,0.1598638054834768,1.0,1.0,0.8401361945165232,217.23730920008074,75.90376244378692
ISIC_0024610,otsu,0.07315185185185186,0.7595529376227156,0.8633476394849785,0.9823111111111111,0.7638600577185966,0.999552445764019,0.992631094150931,0.2418105412384183,17.88434131973665,8.246417869425024
ISIC_0024610,adaptive,0.07315185185185186,0.697548503534366,0.8218304243820325,0.9776555555555556,0.7044706597134323,0.9992167800870333,0.9861091424521616,0.3054528884613437,23.0,9.733814449231438
ISIC_0024610,kmeans,0.07315185185185186,0.7368846659254018,0.8485130652388989,0.9807185185185185,0.7381904713685383,0.999860139301256,0.9976052001368457,0.26358159080552884,19.026297590440446,9.132888817036044
ISIC_0024610,watershed,0.07315185185185186,0.6231267719724585,0.7678103555832814,0.9724296296296296,0.6231583210976659,0.9999960039800359,0.9999187586318954,0.37689230925016454,25.491172223439097,13.757048177556506
ISIC_0024611,otsu,0.5687444444444445,0.8391645248397697,0.9125497077678559,0.9084518518518518,0.8398421474202434,0.9989350647119951,0.999039437296171,0.160965349274881,48.20350931785574,17.025040771915027
ISIC_0024611,adaptive,0.5687444444444445,0.22378391750429666,0.36572456019959254,0.5583962962962963,0.22385241044275564,0.999596355173095,0.998634594154901,0.776453656852977,142.13110016040696,62.986064128490526
ISIC_0024611,kmeans,0.5687444444444445,0.6331774788033497,0.7753933507181192,0.7913703703703704,0.6331816020994914,0.9999914118121935,0.9999897154258328,0.36682490997063055,104.20748509715581,40.57586441284873
ISIC_0024611,watershed,0.5687444444444445,0.634171436758031,0.7761381976130228,0.791937037037037,0.634171436758031,1.0,1.0,0.365828563241969,113.69397708122119,41.99732083418775
ISIC_0024612,otsu,0.06485925925925926,0.5468250342622202,0.707028942705257,0.9706074074074074,0.5468250342622202,1.0,1.0,0.4531749657377798,28.635642126552707,15.708722114401631
ISIC_0024612,adaptive,0.06485925925925926,0.3871536667235592,0.558198671150849,0.9601037037037037,0.3885906806761078,0.9997425620227496,0.9905385735080058,0.6151210598446779,45.05268930285722,20.80373145478525
ISIC_0024612,kmeans,0.06485925925925926,0.4465509365006852,0.6174009158376756,0.9641037037037037,0.4465509365006852,1.0,1.0,0.5534490634993148,39.81205847478876,19.976995562868392
ISIC_0024612,watershed,0.06485925925925926,0.3833942439470078,0.5542805250557252,0.9600074074074074,0.3833942439470078,1.0,1.0,0.6166057560529923,39.128621001707295,23.95193760830992
ISIC_0024613,otsu,0.028785185185185184,0.45963274198568316,0.6297923152373236,0.9678481481481481,0.9500772002058672,0.9683748493677258,0.47100848376602666,1.1169583118888318,57.978444109919934,21.877815986292784
ISIC_0024613,adaptive,0.028785185185185184,0.6485446852160534,0.7868087423193592,0.9898481481481481,0.6507977354606279,0.9998970361669998,0.9946902654867257,0.35267627380339683,16.235656434956034,6.632757882788924
ISIC_0024613,kmeans,0.028785185185185184,0.6665382639958911,0.7999075429540026,0.9903814814814815,0.667910447761194,0.9999389843952591,0.9969272133666218,0.33414822439526504,16.278820596099706,7.13356826844839
ISIC_0024613,watershed,0.028785185185185184,0.6099485044373836,0.757724241186879,0.9868148148148148,0.7162892434379825,0.9948327409735039,0.8042473273620341,0.4580545548121462,29.82783126606681,9.391628432597026
ISIC_0024614,otsu,0.2696925925925926,0.6057376711482209,0.754466538379303,0.8936703703703703,0.6057376711482209,1.0,1.0,0.39426232885177914,50.55343491878306,28.21494639520645
ISIC_0024614,adaptive,0.2696925925925926,0.2435085888475428,0.39164761873212534,0.7959518518518518,0.24354203002046226,0.9999492856889286,0.9994364292155095,0.756595300547949,115.97413504743201,48.84730753559035
ISIC_0024614,kmeans,0.2696925925925926,0.3463476935331035,0.5144996276915859,0.8237148148148148,0.3463476935331035,1.0,1.0,0.6536523064668964,80.7511607003673,53.895282636967245
ISIC_0024614,watershed,0.2696925925925926,0.41696307181015424,0.5885306118493104,0.8427592592592592,0.41696307181015424,1.0,1.0,0.5830369281898458,65.24030311978066,45.40587192863946
ISIC_0024615,otsu,0.022625925925925924,0.8030402092186989,0.8907623968815157,0.995537037037037,0.8042232771321002,0.999965895009682,0.9981714750101585,0.19724995907677198,7.280109889280518,3.4576682549263418
ISIC_0024615,adaptive,0.022625925925925924,0.8095704719908542,0.8947653429602888,0.9956814814814815,0.811425765264364,0.9999469477928387,0.9971836652584993,0.19086593550499265,7.0,3.258396387236859
ISIC_0024615,kmeans,0.022625925925925924,0.7650523560209425,0.8668891360771227,0.9946814814814815,0.7654280569651334,0.999988631669894,0.9993588373584099,0.23506302177115732,8.424268259138973,4.217445947138621
ISIC_0024615,watershed,0.022625925925925924,0.6972176759410802,0.8216007714561234,0.9931481481481481,0.6973318055328205,0.9999962105566313,0.9997653133067355,0.30283188737927647,11.40175425099138,5.541790268971383
ISIC_0024616,otsu,0.17402222222222222,0.24078319598488135,0.3881148564294632,0.8638555555555556,0.24811646022219386,0.9935833624794856,0.8906715562686225,0.7823394202528413,124.84210002346218,54.80497053406609
ISIC_0024616,adaptive,0.17402222222222222,0.13987145107053164,0.2454161843235371,0.8503185185185185,0.13987145107053164,1.0,1.0,0.8601285489294683,152.19066127127465,54.61967706906476
ISIC_0024616,kmeans,0.17402222222222222,0.0,0.0,0.8081037037037037,0.0,0.9783601029531779,0.0,1.1027114459626273,255.6188568944005,100.09040931794223
ISIC_0024616,watershed,0.17402222222222222,0.18024517941514492,0.30543684068163374,0.8573444444444445,0.18024517941514492,1.0,1.0,0.819754820584855,87.0,54.264004099026735
ISIC_0024617,otsu,0.4520962962962963,0.760098962045434,0.863700255992553,0.8915407407407407,0.7601051889961169,0.9999932402287507,0.9999892222797034,0.23990300329330033,35.77708763999664,17.70328975417098
ISIC_0024617,adaptive,0.4520962962962963,0.49917414839163354,0.6659321719590283,0.7731481481481481,0.500122884341258,0.9984317330701529,0.9962140992167102,0.5017777268035325,118.10588469674151,36.31070841620302
ISIC_0024617,kmeans,0.4520962962962963,0.6401373027706323,0.7805898953572588,0.8373074074074074,0.6401373027706323,1.0,1.0,0.3598626972293677,50.695167422546305,28.388956691215487
ISIC_0024617,watershed,0.4520962962962963,0.6033785001556535,0.7526338916195751,0.8206888888888889,0.6033785001556535,1.0,1.0,0.3966214998443465,59.92828964466955,32.04227837544125
ISIC_0024618,otsu,0.009992592592592593,0.0,0.0,0.9289111111111111,0.0,0.9382870311482892,0.0,7.114158636026686,298.4659563823824,205.20807240476458
ISIC_0024618,adaptive,0.009992592592592593,0.13058839516238618,0.2310096153846154,0.9526074074074075,0.7123795404002965,0.9550321359361321,0.1378568354611964,4.742772424017791,186.88953472406385,78.3400267485668
ISIC_0024618,kmeans,0.009992592592592593,0.0,0.0,0.9435814814814815,0.0,0.9531054762029465,0.0,5.646034099332839,304.5849533307731,219.82905681007762
ISIC_0024618,watershed,0.009992592592592593,0.0,0.0,0.9477666666666666,0.0,0.9573329043553733,0.0,5.227205337286879,310.67983959575105,232.8763323605213
ISIC_0024619,otsu,0.45856296296296295,0.6771542973608403,0.8075038753755766,0.8509851851851852,0.6815898297418667,0.9944523490300161,0.990481220657277,0.3249604238684457,74.43117626371358,23.139826504406454
ISIC_0024619,adaptive,0.45856296296296295,0.0649143575000604,0.12191470054446461,0.5699333333333333,0.06510677478758117,0.9974895340246805,0.9564546748932131,0.9378573966982199,348.1094909818,123.48050807320769
ISIC_0024619,kmeans,0.45856296296296295,0.2499757697153749,0.399968984634471,0.6560666666666667,0.2499757697153749,1.0,1.0,0.7500242302846251,203.46889858864867,70.96751586143976
ISIC_0024619,watershed,0.45856296296296295,0.2189933124414435,0.35930190954507507,0.6418592592592592,0.2189933124414435,1.0,1.0,0.7810066875585565,206.7604199854939,73.20513654326702
ISIC_0024620,otsu,0.19118148148148148,0.7575117689222961,0.8620275349698526,0.9536407407407408,0.7575117689222961,1.0,1.0,0.24248823107770395,24.413111231467404,11.125671597305752
ISIC_0024620,adaptive,0.19118148148148148,0.5390440407483441,0.7004920281374659,0.9118481481481482,0.5392006819194483,0.9999313127057757,0.9994613616776789,0.4610899087545284,94.1330538782937,24.95235710181401
ISIC_0024620,kmeans,0.19118148148148148,0.29206300005811814,0.4520878626583702,0.8646555555555555,0.29206300005811814,1.0,1.0,0.7079369999418819,69.9238571464789,33.80961887382893
ISIC_0024620,watershed,0.19118148148148148,0.4873399329704179,0.6553174861608596,0.9019888888888888,0.4873399329704179,1.0,1.0,0.5126600670295821,62.68014000955172,25.18146104002587
ISIC_0024621,otsu,0.22106296296296296,0.8091996320147194,0.8945387979253534,0.9577518518518519,0.8105282557340795,0.9995340278537228,0.9979783810545425,0.19111364283679863,22.660530322624332,11.142887329991098
ISIC_0024621,adaptive,0.22106296296296296,0.10396934301683457,0.18835548953327977,0.8016851851851852,0.10409301858026036,0.99966240793484,0.9887014640356461,0.8970965201802737,154.3695235131524,62.74440841823323
ISIC_0024621,kmeans,0.22106296296296296,0.6018687519884793,0.7514582592879095,0.9119407407407407,0.6021914319701107,0.999847845829787,0.9991104933981932,0.3983446981754821,48.93872442590503,25.398524924435186
ISIC_0024621,watershed,0.22106296296296296,0.6269036808685309,0.7706709232274342,0.9175222222222222,0.6269036808685309,1.0,1.0,0.3730963191314692,48.01822380193772,23.925797832375775
ISIC_0024622,otsu,0.18176296296296296,0.6757070665905942,0.8064739715699746,0.9410555555555555,0.6757070665905942,1.0,1.0,0.3242929334094058,49.952930319745505,18.14547038706573
ISIC_0024622,adaptive,0.18176296296296296,0.48123318933898446,0.649773705858886,0.9057074074074074,0.48123318933898446,1.0,1.0,0.5187668106610156,69.61536556106161,25.67788803843379
ISIC_0024622,kmeans,0.18176296296296296,0.3278792077593936,0.4938389061948532,0.8778333333333334,0.3278792077593936,1.0,1.0,0.6721207922406064,98.67927838998335,40.67864124532086
ISIC_0024622,watershed,0.18176296296296296,0.4655024859401744,0.6352803770804076,0.9028481481481482,0.4655024859401744,1.0,1.0,0.5344975140598256,73.55915448800421,29.40788792133639
ISIC_0024623,otsu,0.5630740740740741,0.4418140769911618,0.6128585981254365,0.6776703703703704,0.45310136157337366,0.9670763753496652,0.946625623548489,0.5724462277182135,185.68844762434645,62.29653215773647
ISIC_0024623,adaptive,0.5630740740740741,0.19945866756012798,0.3325811434017242,0.5486814814814814,0.19970400578833125,0.9984148512333644,0.9938784863166165,0.8015260146023812,196.07676512968519,88.15507369547117
ISIC_0024623,kmeans,0.5630740740740741,0.030103722022349236,0.058447943403695614,0.45383703703703704,0.03010590015128593,0.9999067559549037,0.9976024411508283,0.9699664539893442,323.50138068746696,127.24638951835298
ISIC_0024623,watershed,0.5630740740740741,0.03426297441294481,0.06625582711668225,0.4562185185185185,0.03426297441294481,1.0,1.0,0.9657370255870552,322.60043379398934,128.55123182401218
ISIC_0024624,otsu,0.07684444444444445,0.5597165991902834,0.7177157689811811,0.9661666666666666,0.5597165991902834,1.0,1.0,0.4402834008097166,42.941821107167776,16.591797707091885
ISIC_0024624,adaptive,0.07684444444444445,0.6441949289034099,0.7835992163448083,0.971362962962963,0.674715635241951,0.9960562001508514,0.934387932185289,0.37266242529400423,36.16348646284599,12.202868601495215
ISIC_0024624,kmeans,0.07684444444444445,0.0,0.0,0.9028074074074074,0.0,0.9779580504870573,0.0,1.2647966069018701,370.52638232566443,261.0305241503789
ISIC_0024624,watershed,0.07684444444444445,0.0,0.0,0.9061888888888889,0.0,0.9816210100621058,0.0,1.2207923655292077,386.80809195204574,270.2391752364729
ISIC_0024625,otsu,0.28346296296296297,0.8071862546547331,0.893307209011445,0.9453444444444444,0.8071862546547331,1.0,1.0,0.19281374534526688,30.610455730027933,13.766743114374748
ISIC_0024625,adaptive,0.28346296296296297,0.29700709738023173,0.4579883918602195,0.8004333333333333,0.29744561311818124,0.9994159150233892,0.9950607570591835,0.7040308355654276,131.17907491480466,46.840154397060054
ISIC_0024625,kmeans,0.28346296296296297,0.2618671196184752,0.41504706089441584,0.7907666666666666,0.2618671196184752,1.0,1.0,0.7381328803815248,132.2724411959105,66.9993901799575
ISIC_0024625,watershed,0.28346296296296297,0.6580910694453518,0.793793636034105,0.9030814814814815,0.6580910694453518,1.0,1.0,0.3419089305546482,63.017456819767155,24.769201951963606
ISIC_0024626,otsu,0.142,0.7593593902878624,0.863222596224206,0.9653851851851852,0.7692227438706312,0.9978502978502979,0.9833944648216072,0.2437663015127804,43.30240814866252,10.820294632320769
ISIC_0024626,adaptive,0.142,0.4734214904982923,0.6426151560178306,0.8886481481481482,0.7050078247261345,0.9190408357075024,0.5903680244621601,0.7841679707876891,170.4728459262881,58.893211866864
ISIC_0024626,kmeans,0.142,0.6060992760039585,0.7547469637268732,0.9439814814814815,0.6070161711006782,0.9997496330829664,0.9975140371179975,0.3944966092853417,68.94332307857863,20.939840409775396
ISIC_0024626,watershed,0.142,0.6844826690225017,0.8126918508692098,0.955025925925926,0.6870892018779343,0.9993697660364327,0.9944882781531956,0.3167188315075639,52.988671173439535,15.434394493426074
ISIC_0024627,otsu,0.2591851851851852,0.7488789237668162,0.8564102564102564,0.9348740740740741,0.7493283795370106,0.9997900209979003,0.9991996951219512,0.25127179194055443,40.01249023497842,13.47473878427953
ISIC_0024627,adaptive,0.2591851851851852,0.2302588396449873,0.37432584465141094,0.8002037037037038,0.23059445555873107,0.9994900509949005,0.9937188250508037,0.7708631037439269,122.30617213894473,48.64853200355052
ISIC_0024627,kmeans,0.2591851851851852,0.6141183195198628,0.7609334608166012,0.8999851851851852,0.6141183195198628,1.0,1.0,0.38588168048013716,50.99607805437114,21.920987554786976
ISIC_0024627,watershed,0.2591851851851852,0.5860960274364104,0.7390422992026668,0.8927222222222222,0.5860960274364104,1.0,1.0,0.4139039725635896,56.43580423808985,25.081491828457903
ISIC_0024628,otsu,0.03669259259259259,0.0,0.0,0.8763111111111112,0.0,0.909689995501609,0.0,3.3709498334510952,263.6308330651976,213.2217348050123
ISIC_0024628,adaptive,0.03669259259259259,0.4700931770363691,0.6395420159476589,0.9804111111111111,0.47360452205511255,0.9997154863837165,0.9844733529164919,0.5338649439790047,30.0,11.947133378308651
ISIC_0024628,kmeans,0.03669259259259259,0.0,0.0,0.9192370370370371,0.0,0.9542509794573479,0.0,2.201069950540022,299.1689321127696,242.89760106507464
ISIC_0024628,watershed,0.03669259259259259,0.0,0.0,0.9210888888888888,0.0,0.9561733687565601,0.0,2.1506005854446353,301.87182542233916,243.7950104352602
ISIC_0024629,otsu,0.2974222222222222,0.7690472344074263,0.8694479372282361,0.9311666666666667,0.7706465431360829,0.9991196440620783,0.9973087521957037,0.23143305439330544,33.99779268463496,14.31144722600771
ISIC_0024629,adaptive,0.2974222222222222,0.13020522016337915,0.23040987219039225,0.7413037037037037,0.13020522016337915,1.0,1.0,0.8697947798366208,171.44211222584107,67.17119716989096
ISIC_0024629,kmeans,0.2974222222222222,0.4014993026499303,0.5729568354272919,0.8219925925925926,0.4014993026499303,1.0,1.0,0.5985006973500697,93.14316698305852,46.156091986931706
ISIC_0024629,watershed,0.2974222222222222,0.4201036062960749,0.59165205191161,0.8275259259259259,0.4201036062960749,1.0,1.0,0.5798963937039251,93.02150289046077,43.30842715190582
ISIC_0024630,otsu,0.3701740740740741,0.851122758949312,0.9195746255449909,0.9444555555555556,0.8578246470629434,0.9953720310726656,0.9909042577781887,0.15004952624891194,76.59241073638998,14.516842427691884
ISIC_0024630,adaptive,0.3701740740740741,0.8662504431401898,0.9283324714796796,0.9496962962962963,0.8801264670275246,0.990585288116058,0.9821251130438666,0.1358920227720692,25.0,8.280049314750398
ISIC_0024630,kmeans,0.3701740740740741,0.2810689665522727,0.4388038019665883,0.7338703703703704,0.2810689665522727,1.0,1.0,0.7189310334477272,151.43115575562172,47.748737879649816
ISIC_0024630,watershed,0.3701740740740741,0.5267154190134152,0.6899981652818913,0.8247777777777778,0.5267891982750857,0.999917672725562,0.9997341688028102,0.47335087596426106,108.73131666015041,34.41508405261946
ISIC_0024631,otsu,0.12247037037037037,0.706083225046085,0.8277242454300694,0.9639777777777778,0.7065956996401246,0.999898705541229,0.9989738766086622,0.29413009949496477,34.609914037654924,13.720027943835351
ISIC_0024631,adaptive,0.12247037037037037,0.6601752385524815,0.7953078966869702,0.9580555555555555,0.6653461154625457,0.9989068639657624,0.9883647798742138,0.34248646687029366,54.495800394467615,15.73115849574472
ISIC_0024631,kmeans,0.12247037037037037,0.6377355066985212,0.7788015880343458,0.9556333333333333,0.6377355066985212,1.0,1.0,0.3622644933014788,40.52159917870962,17.484027810777807
ISIC_0024631,watershed,0.12247037037037037,0.5698430459370369,0.7259872856867655,0.9473185185185186,0.5698430459370369,1.0,1.0,0.43015695406296306,44.384682042344295,21.453146512598902
ISIC_0024632,otsu,0.1327,0.5546028067464915,0.7134977556192338,0.935937037037037,0.6011331602891512,0.98716322687267,0.877526075619296,0.48276535767116024,58.008620049092706,17.59456433560291
ISIC_0024632,adaptive,0.1327,0.29301680423857923,0.4532296924186202,0.8848481481481482,0.35965279522174776,0.9652049143574567,0.6126271750499191,0.8677607524630886,199.84856758060388,52.45599882025068
ISIC_0024632,kmeans,0.1327,0.35741023152641066,0.5266060667960372,0.9141666666666667,0.3597644366295459,0.99899218946838,0.9820204174920006,0.6468224064305451,99.34535565239365,27.248905782310676
ISIC_0024632,watershed,0.1327,0.3849397756401422,0.5558938842119927,0.9173518518518519,0.38979597532724886,0.9980697866089311,0.9686502982383132,0.6228195037539423,119.49964883801678,31.515548252242002
ISIC_0024633,otsu,0.09332222222222222,0.806624355414518,0.8929630036227907,0.9819444444444444,0.8070405206969083,0.99994689607562,0.9993611165716533,0.19347541373973093,13.601470508735444,7.8054548208221615
ISIC_0024633,adaptive,0.09332222222222222,0.6363458528951487,0.7777644949193067,0.965574074074074,0.645513354764456,0.9985171750346197,0.9781693528987251,0.368893122197087,40.543727338021675,14.427389614338175
ISIC_0024633,kmeans,0.09332222222222222,0.7000833432551494,0.8235870859303873,0.9720111111111112,0.7000833432551494,1.0,1.0,0.2999166567448506,20.248456731316587,12.67642507038789
ISIC_0024633,watershed,0.09332222222222222,0.597174266777791,0.7477884902097207,0.9624074074074074,0.597174266777791,1.0,1.0,0.402825733222209,39.81205847478876,17.247915195015413
ISIC_0024634,otsu,0.06971851851851851,0.8358881408596582,0.9106090096189106,0.988262962962963,0.8574691882702933,0.9980651017613148,0.9707704336320443,0.16834891627709309,13.416407864998739,5.201702424312543
ISIC_0024634,adaptive,0.06971851851851851,0.28493150684931506,0.44349680170575695,0.9497333333333333,0.287292817679558,0.9993789215530147,0.9719626168224299,0.7209944751381215,53.22217330543447,20.45032636733955
ISIC_0024634,kmeans,0.06971851851851851,0.31805142371440714,0.48260852041433233,0.9524555555555556,0.31805142371440714,1.0,1.0,0.6819485762855929,52.403234730109716,22.290472019268947
ISIC_0024634,watershed,0.06971851851851851,0.33260730981725456,0.4991827785529201,0.9534703703703704,0.33260730981725456,1.0,1.0,0.6673926901827454,54.95875451038114,22.01694415454837
ISIC_0024635,otsu,0.192,0.46943231441048033,0.6389301634472511,0.8542,0.671875,0.8975247524752475,0.6090651558073654,0.759375,209.06063666311263,64.9432228512472
ISIC_0024635,adaptive,0.192,0.2884112823285573,0.44770064696625284,0.8245222222222223,0.37042824074074077,0.9324257425742575,0.5657092355280601,0.9139467592592593,132.75692138402542,33.46931269549215
ISIC_0024635,kmeans,0.192,0.2681055330290743,0.4228441971839064,0.8509185185185185,0.28443287037037035,0.985528969563623,0.8236509887163446,0.776466049382716,95.08124679233197,43.806024893810566
ISIC_0024635,watershed,0.192,0.16317934160523787,0.2805746900216493,0.7969222222222222,0.20625,0.9372799779977998,0.43864615384615385,1.0576967592592592,154.61563536998403,71.34147633491735
ISIC_0024636,otsu,0.7584222222222222,0.5908509370757766,0.742811187780861,0.6896740740740741,0.590885561643568,0.9998160242847944,0.9999008346417652,0.4091730395460361,185.77688230685735,71.06860065843067
ISIC_0024636,adaptive,0.7584222222222222,0.11933643919638236,0.21322711388196902,0.3320851851851852,0.11933643919638236,1.0,1.0,0.8806635608036176,226.38407628233713,148.8517654324351
ISIC_0024636,kmeans,0.7584222222222222,0.16328733139949408,0.28073430697994634,0.36541851851851853,0.16328733139949408,1.0,1.0,0.836712668600506,329.3695492900278,112.67287373807937
ISIC_0024636,watershed,0.7584222222222222,0.15883364098957875,0.27412673462593606,0.3620407407407407,0.15883364098957875,1.0,1.0,0.8411663590104212,336.36599394666996,114.41746353719341
ISIC_0024637,otsu,0.5374444444444444,0.6187788574185101,0.7645007896943818,0.7951148148148148,0.6187788574185101,1.0,1.0,0.3812211425814899,73.53910524340094,39.88403104851042
ISIC_0024637,adaptive,0.5374444444444444,0.2716936667516521,0.42729420434349125,0.6085407407407407,0.2717180070291503,0.9998959083993915,0.9996704021094265,0.7283715801805527,161.7714437099453,70.6798880264971
ISIC_0024637,kmeans,0.5374444444444444,0.49060023430501,0.6582586303345801,0.7262259259259259,0.49060023430501,1.0,1.0,0.50939976569499,91.8008708350877,54.35345525120628
ISIC_0024637,watershed,0.5374444444444444,0.4799462476741782,0.648599566948383,0.7205,0.4799462476741782,1.0,1.0,0.5200537523258217,98.75651520022478,56.79417798399521
ISIC_0024638,otsu,0.18874814814814814,0.7767356069228052,0.8743401144169815,0.9578592592592593,0.7767356069228052,1.0,1.0,0.22326439307719478,25.001999200639357,12.286403159754586
ISIC_0024638,adaptive,0.18874814814814814,0.7139044778462383,0.8330738230445136,0.946,0.7139044778462383,1.0,1.0,0.2860955221537616,47.53419734253086,16.54157358640083
ISIC_0024638,kmeans,0.18874814814814814,0.6205015501746399,0.7658142012980723,0.9283703703703704,0.6205015501746399,1.0,1.0,0.3794984498253601,38.8619219277414,22.08469409045621
ISIC_0024638,watershed,0.18874814814814814,0.7006004473921745,0.8239447995753814,0.9434888888888889,0.7006004473921745,1.0,1.0,0.2993995526078254,30.0,17.085181842616766
ISIC_0024639,otsu,0.16695185185185185,0.8197387903029767,0.9009411621834963,0.9697888888888889,0.8229030325886816,0.9992264019242141,0.995331115165826,0.18095702908356812,18.439088914585774,9.631984040880969
ISIC_0024639,adaptive,0.16695185185185185,0.5183283159199575,0.6827618381152321,0.9194074074074075,0.51946669032988,0.9995598493706735,0.9957899213268127,0.4827295516560552,70.22811160726305,24.741494618258958
ISIC_0024639,kmeans,0.16695185185185185,0.7732674145346518,0.8721385259736201,0.9621222222222222,0.7737648911861925,0.999871066987369,0.9991692448722356,0.22687845242584911,22.360679774997898,12.509263303483634
ISIC_0024639,watershed,0.16695185185185185,0.7200770064835919,0.8372613595430454,0.9531481481481482,0.7218980854981476,0.9994931598813817,0.9965089572806615,0.28063092042505045,32.56224731948099,15.649313517348357
ISIC_0024640,otsu,0.580237037037037,0.890884744141559,0.942294073609453,0.9366222222222222,0.8918002859623142,0.9985794451895249,0.9988489640676609,0.10922739110452943,25.0,10.069068933720645
ISIC_0024640,adaptive,0.580237037037037,0.33271155364282257,0.4993001714938114,0.6117962962962963,0.33358652913241077,0.9963647914166726,0.9921781557913921,0.6690433028647296,260.61216326021247,60.7650185664568
ISIC_0024640,kmeans,0.580237037037037,0.2979944339478119,0.4591613433063354,0.5926703703703704,0.2979944339478119,1.0,1.0,0.7020055660521881,267.92945814672174,69.23421706039431
ISIC_0024640,watershed,0.580237037037037,0.23367844559056325,0.3788320148184175,0.5553518518518519,0.23367844559056325,1.0,1.0,0.7663215544094367,321.6923985349891,90.43483672123035
ISIC_0024641,otsu,0.08804444444444444,0.7606427730102642,0.8640512256893009,0.978925925925926,0.7606427730102642,1.0,1.0,0.23935722698973583,14.317821063276353,9.013961080637184
ISIC_0024641,adaptive,0.08804444444444444,0.6323873121869783,0.7748005727142565,0.9673777777777778,0.6373885243143194,0.9992364800103969,0.9877444589308996,0.37051993942453304,32.84794522696752,12.903611121555254
ISIC_0024641,kmeans,0.08804444444444444,0.5594817432273262,0.7175226586102719,0.9612148148148149,0.5594817432273262,1.0,1.0,0.44051825677267376,42.01130792144001,18.613279015274568
ISIC_0024641,watershed,0.08804444444444444,0.5297829379101464,0.6926249793763405,0.9586,0.5297829379101464,1.0,1.0,0.4702170620898536,43.0,19.788650665817293
ISIC_0024642,otsu,0.02482222222222222,0.8006565204416592,0.8892940006629102,0.9950518518518519,0.8006565204416592,1.0,1.0,0.19934347955834078,9.0,4.164428814313464
ISIC_0024642,adaptive,0.02482222222222222,0.8636838180462342,0.9268565941101152,0.9966148148148148,0.864070426738287,0.9999886060661304,0.9994822229892992,0.13637720083557148,6.0,2.736034979119415
ISIC_0024642,kmeans,0.02482222222222222,0.6101163831692032,0.7578537670280789,0.9903222222222222,0.6101163831692032,1.0,1.0,0.38988361683079675,19.019723192830334,9.003123585076386
ISIC_0024642,watershed,0.02482222222222222,0.7321109123434705,0.8453395300800413,0.9933444444444445,0.7327663384064458,0.9999772121322608,0.9987797437461867,0.26812891674127126,11.0,5.658025239837135
ISIC_0024643,otsu,0.21265925925925927,0.738425333810815,0.8495335628733705,0.9431888888888889,0.7541537496952175,0.9942469258921264,0.9725322852330152,0.2671461910899021,46.149212365793176,12.760783571692873
ISIC_0024643,adaptive,0.21265925925925927,0.0,0.0,0.7557222222222222,0.0,0.959841378856159,0.0,1.148681598105124,452.513256128639,258.53508835358747
ISIC_0024643,kmeans,0.21265925925925927,0.4981904861328601,0.6650562672024342,0.8931814814814815,0.4986763732627399,0.9997365722403591,0.9980480323468925,0.5022989306489254,67.60843066247165,28.149405679836345
ISIC_0024643,watershed,0.21265925925925927,0.48553144129104064,0.6536804645064619,0.8904296296296297,0.48625866453028666,0.9995954502262656,0.996929229450832,0.5152391236197708,68.54338996493993,27.88333841195072
ISIC_0024644,otsu,0.7086370370370371,0.0794038219307661,0.14712533033046668,0.30432592592592594,0.08467480609620973,0.8385493466212437,0.5605494429451249,0.9817071895971401,351.09471473026815,94.34330832854255
ISIC_0024644,adaptive,0.7086370370370371,0.05102638070153435,0.09709819208814813,0.3274518518518518,0.0510317145067213,0.9997457670208979,0.9979558462796402,0.9490728158384379,249.88057005861592,155.53913380727968
ISIC_0024644,kmeans,0.7086370370370371,0.002111329143793934,0.00421376164981162,0.25603703703703706,0.002221269834632994,0.8733538414603143,0.04091259145167501,1.0498505216064224,461.71310029984375,135.7149931451771
ISIC_0024644,watershed,0.7086370370370371,0.0035562624731779783,0.0070873205741626795,0.26215555555555553,0.00371605377040955,0.8907179539329841,0.0763859045981951,1.0412163150962725,480.41929592771896,143.65487909001737
ISIC_0024645,otsu,0.2836111111111111,0.8226444662095984,0.9026932914902306,0.9497,0.8226444662095984,1.0,1.0,0.17735553379040156,23.32916444950028,11.942579086381398
ISIC_0024645,adaptive,0.2836111111111111,0.6043372109722821,0.7533792856503446,0.8877592592592592,0.604479268690826,0.9999069406746801,0.9996112814754028,0.39575579497224944,86.97700845625813,27.118723591557448
ISIC_0024645,kmeans,0.2836111111111111,0.5299510284035259,0.6927686162040356,0.8666888888888888,0.5299510284035259,1.0,1.0,0.470048971596474,74.24284477308234,34.25926661579683
ISIC_0024645,watershed,0.2836111111111111,0.7046947437153118,0.8267694216965304,0.9162481481481481,0.7046947437153118,1.0,1.0,0.29530525628468823,36.22154055254967,21.06682083963476
ISIC_0024646,otsu,0.2639074074074074,0.8292990607513989,0.9066850560900171,0.9493814814814815,0.9318223282576661,0.9556768723741478,0.8828683881605192,0.19180408392393516,46.18433174575077,10.741156746625903
ISIC_0024646,adaptive,0.2639074074074074,0.12851883477749626,0.2277655114242477,0.7694222222222222,0.12884709844923165,0.9990842536919168,0.9805617857524298,0.8737071082731036,143.00278567205808,67.83869358547798
ISIC_0024646,kmeans,0.2639074074074074,0.6522001374647571,0.7894928981975939,0.9081666666666667,0.6525296470423129,0.9998188633676319,0.9992263388635777,0.34797558066100626,76.6033614214339,24.318850322542815
ISIC_0024646,watershed,0.2639074074074074,0.4631791364789305,0.6331133692810145,0.8581222222222222,0.4638551680583819,0.999476716395381,0.9968633128242249,0.5376043786400955,100.82162027561654,36.174859776099844
ISIC_0024647,otsu,0.6925074074074075,0.03552693480911165,0.06861614819446615,0.29385925925925926,0.03756076950640988,0.8710718716500246,0.3961753257742427,1.0196869133636757,372.201550603552,99.74218861438602
ISIC_0024647,adaptive,0.6925074074074075,0.06716932702334162,0.1258831664712426,0.3539111111111111,0.06717938569984544,0.9996627440588752,0.9977758360473429,0.9329703653390524,226.27416269885208,102.80192612918121
ISIC_0024647,kmeans,0.6925074074074075,0.012357458333974546,0.024413231180834244,0.2869111111111111,0.012883937596602791,0.904050684750009,0.23219277108433736,1.0297202329698305,437.99274955404604,148.91467883447436
ISIC_0024647,watershed,0.6925074074074075,0.024431478795119036,0.04769763386000989,0.3225074074074074,0.024500339613963213,0.9936523613938306,0.8968285043069695,0.9783181888681496,469.0848529620058,184.8393990110937
ISIC_0024648,otsu,0.6755962962962963,0.1590912828721952,0.2745103603539689,0.4318851851851852,0.1590912828721952,1.0,1.0,0.8409087171278048,238.04567822242413,86.7806131772624
ISIC_0024648,adaptive,0.6755962962962963,0.04740393945540565,0.0905170157753143,0.35642962962962965,0.04740393945540565,1.0,1.0,0.9525960605445943,259.9477828905804,161.09209184671656
ISIC_0024648,kmeans,0.6755962962962963,0.08728092055851895,0.1605489784805276,0.38337037037037036,0.08728092055851895,1.0,1.0,0.912719079441481,262.16683504362436,103.20652909945782
ISIC_0024648,watershed,0.6755962962962963,0.06170680496242003,0.11624076378526027,0.3660925925925926,0.06170680496242003,1.0,1.0,0.93829319503758,287.840580663001,170.62363552668566
ISIC_0024649,otsu,0.07235185185185185,0.7063219861786537,0.8278882788827888,0.9787518518518519,0.7063219861786537,1.0,1.0,0.2936780138213463,23.853720883753127,10.825037272197257
ISIC_0024649,adaptive,0.07235185185185185,0.5625799846429486,0.72006552006552,0.9683518518518518,0.5625799846429486,1.0,1.0,0.43742001535705144,44.666078186828614,16.617057277463314
ISIC_0024649,kmeans,0.07235185185185185,0.637778346557461,0.7788335312871163,0.9737925925925925,0.637778346557461,1.0,1.0,0.36222165344253904,26.56216536385862,13.57977169273529
ISIC_0024649,watershed,0.07235185185185185,0.5327361146659841,0.6951439449602564,0.9661925925925926,0.5327361146659841,1.0,1.0,0.46726388533401586,37.62045222738934,18.151365661056087
ISIC_0024650,otsu,0.20996296296296296,0.8562174925811289,0.9225400536340508,0.9666222222222223,0.9466572587757982,0.9719281796446486,0.8996211486237302,0.158969835949903,46.07555766004565,8.428631502105688
ISIC_0024650,adaptive,0.20996296296296296,0.3083480305702528,0.47135475174118174,0.8518481481481481,0.3145704709825366,0.9946369134124045,0.939716498919745,0.7056094549303228,98.00484681261229,35.88092181664613
ISIC_0024650,kmeans,0.20996296296296296,0.46205668130434013,0.6320639783843769,0.8870259259259259,0.4621626389133886,0.9999390558342318,0.9995040628695685,0.5380666784265302,65.92419889539804,26.462421133634507
ISIC_0024650,watershed,0.20996296296296296,0.7576908999006501,0.8621435087858474,0.9485111111111111,0.7668195448932792,0.9967980872907974,0.9845314127825339,0.24522843535014993,36.235341863986875,12.312232544076998
ISIC_0024651,otsu,0.22436296296296296,0.8415926761569302,0.91398351769424,0.9638555555555556,0.8558882762719139,0.9950864761104373,0.980539743177563,0.1610980884149361,20.518284528683193,8.94346811736686
ISIC_0024651,adaptive,0.22436296296296296,0.48325507076240787,0.6516142506952766,0.8826185185185185,0.4892700320248275,0.9963996141761611,0.975191655973415,0.5231767308263726,70.00714249274856,24.969874766089006
ISIC_0024651,kmeans,0.22436296296296296,0.8168684171730904,0.8992048179736382,0.9585925925925926,0.8232196506982733,0.9977509526219785,0.9906436233611442,0.1845554491729671,23.259406699226016,10.455088372355384
ISIC_0024651,watershed,0.22436296296296296,0.7621076086244184,0.8649955370425468,0.9462222222222222,0.767869523589422,0.997813028239631,0.990249925490697,0.23969097692231503,27.294688127912362,13.664417541458638
ISIC_0024652,otsu,0.4264703703703704,0.2737514145286875,0.4298349134787509,0.6814888888888889,0.281518406905955,0.9789025721167818,0.908443796765967,0.7468540213813647,208.993889074661,58.38107061820728
ISIC_0024652,adaptive,0.4264703703703704,0.16815990712464982,0.2879056302121592,0.6337777777777778,0.17359549098109373,0.9759643016279956,0.8430264434228839,0.8587284080349467,207.50588934377558,49.7604097276648
ISIC_0024652,kmeans,0.4264703703703704,0.08255534230157972,0.15251939383729232,0.6087370370370371,0.08255534230157972,1.0,1.0,0.9174446576984203,335.6169796338379,131.27990325624276
ISIC_0024652,watershed,0.4264703703703704,0.0,0.0,0.526074074074074,0.0,0.9172570114883147,0.0,1.1112751526309848,364.280061319027,183.47199730981256
ISIC_0024653,otsu,0.1596,0.8306724834083631,0.9075052921119012,0.9729740740740741,0.8307110368513877,0.9999911858550602,0.9999441325176681,0.16933537547572636,18.384776310850235,9.09370754629
ISIC_0024653,adaptive,0.1596,0.0,0.0,0.8105666666666667,0.0,0.964501031254958,0.0,1.1869256474519632,356.534710792652,233.87635239641358
ISIC_0024653,kmeans,0.1596,0.7643646152418082,0.8664474549519926,0.9623925925925926,0.7643646152418082,1.0,1.0,0.23563538475819176,24.515301344262525,12.808302174690233
ISIC_0024653,watershed,0.1596,0.281885268727374,0.4397979688263727,0.8853888888888889,0.281885268727374,1.0,1.0,0.718114731272626,82.70420393145803,26.92787788019355
ISIC_0024654,otsu,0.030422222222222222,0.0,0.0,0.9023555555555556,0.0,0.9306685613439986,0.0,3.2096420745069394,317.49803148996057,256.0802954366145
ISIC_0024654,adaptive,0.030422222222222222,0.0,0.0,0.9284333333333333,0.0,0.9575645756457565,0.0,2.3524470416362306,186.1759918768179,134.3007020924814
ISIC_0024654,kmeans,0.030422222222222222,0.0,0.0,0.9102333333333333,0.0,0.9387935183699663,0.0,2.9506939371804237,304.5923210752562,242.86888745331396
ISIC_0024654,watershed,0.030422222222222222,0.0,0.0,0.9391074074074074,0.0,0.9685735677232549,0.0,2.0015826637448257,353.012003492517,276.68445072729963
ISIC_0024655,otsu,0.32184074074074076,0.4327116443157399,0.6040456864191985,0.817162962962963,0.4333291137783813,0.9993227855360098,0.9967177532491596,0.5680978629872148,89.46144382034679,40.08856283855362
ISIC_0024655,adaptive,0.32184074074074076,0.30859825681680586,0.4716470547155976,0.7758296296296296,0.3108853009885266,0.996482853912825,0.9767164394952819,0.6965257718908593,117.92370414806346,48.48452167899154
ISIC_0024655,kmeans,0.32184074074074076,0.25226417482766955,0.4028929037475418,0.7593481481481481,0.25226417482766955,1.0,1.0,0.7477358251723305,108.51990631239254,70.22504814644088
ISIC_0024655,watershed,0.32184074074074076,0.24468048379115503,0.39316191902661823,0.7569074074074074,0.24468048379115503,1.0,1.0,0.755319516208845,112.93005636110342,70.90626300443544
ISIC_0024656,otsu,0.24888518518518518,0.7349237531268991,0.8472115870248782,0.9305333333333333,0.7738359201773836,0.9824557078120917,0.9359599704818301,0.27911129629905207,45.66615925078082,15.480938180233451
ISIC_0024656,adaptive,0.24888518518518518,0.121738747855163,0.21705365547536867,0.7782,0.12352862393785621,0.9951282291507438,0.893637635913446,0.8911739758032113,225.3918807493397,68.84231051393124
ISIC_0024656,kmeans,0.24888518518518518,0.5422475988137919,0.703191367236827,0.8850888888888889,0.5469277816634176,0.9971400535500318,0.9844641470013125,0.4617032991562374,85.39553283989211,29.58017399533837
ISIC_0024656,watershed,0.24888518518518518,0.46596547523546367,0.635711390352655,0.8668592592592592,0.46676289825741457,0.9994329416521615,0.9963470029541628,0.5349484367326894,99.03227063666709,36.39789576318057
ISIC_0024657,otsu,0.12704444444444443,0.8646248173509441,0.9273981653631628,0.9825,0.8797737741239577,0.9974501268572495,0.9804736996003769,0.1377470701416827,12.529964086141668,6.636085116345474
ISIC_0024657,adaptive,0.12704444444444443,0.5444273957316222,0.705021676300578,0.9395185185185185,0.5689172642994578,0.9934534870894111,0.9267261848228702,0.4760655355372865,68.88976237731916,22.378134908811997
ISIC_0024657,kmeans,0.12704444444444443,0.7822930938984929,0.8778501095881448,0.9723407407407407,0.7823158999475249,0.9999957572826244,0.9999627366224475,0.2177132528715527,21.0,10.631428710739815
ISIC_0024657,watershed,0.12704444444444443,0.7105708121975395,0.8307996455109414,0.9632296296296297,0.7105708121975395,1.0,1.0,0.2894291878024605,52.32590180780452,14.622177303944715
ISIC_0024658,otsu,0.36362222222222224,0.7550978834362077,0.8604624170110033,0.9109481481481482,0.7550978834362077,1.0,1.0,0.2449021165637923,38.01315561749642,19.13254091181503
ISIC_0024658,adaptive,0.36362222222222224,0.6114233353695785,0.7588612153607036,0.8586444444444444,0.6116848988571778,0.9997555609875336,0.9993011182108626,0.38874289555704944,72.10270380591756,28.226951941434248
ISIC_0024658,kmeans,0.36362222222222224,0.44175884617735134,0.6128054595934976,0.7970111111111111,0.44175884617735134,1.0,1.0,0.5582411538226486,110.48313707213634,51.84330507681872
ISIC_0024658,watershed,0.36362222222222224,0.503524211126729,0.6697919559930359,0.8194703703703704,0.503524211126729,1.0,1.0,0.496475788873271,114.25407736281309,45.917114711967805
ISIC_0024659,otsu,0.25614444444444445,0.5454000419676849,0.7058367117335558,0.8315,0.789224829740164,0.8460573289318416,0.6383859649122807,0.6578319524573808,154.99758051927125,57.27430424016682
ISIC_0024659,adaptive,0.25614444444444445,0.16019651576345773,0.27615410594134,0.6904111111111111,0.23055567605083938,0.8487609601625166,0.3442357512953368,1.2086496334533465,158.61205076797742,66.88267629598211
ISIC_0024659,kmeans,0.25614444444444445,0.1474057709044654,0.25693747520246457,0.7641629629629629,0.15918390954178052,0.9724856976414178,0.6657998185666767,0.9207189230613514,140.11638006058314,56.45712369449791
ISIC_0024659,watershed,0.25614444444444445,0.4823647634953435,0.6508044111328591,0.8645444444444444,0.49279197212221115,0.9925563007553239,0.9579772880593659,0.5288248817941266,80.13020643522333,31.257311269876453
ISIC_0024660,otsu,0.0955,0.7052802977436613,0.8271722820897558,0.9718444444444444,0.7055264688772542,0.9999631472268288,0.9995055216746332,0.29482257126236183,25.169408202422385,11.24818366612486
ISIC_0024660,adaptive,0.0955,0.46759778697721205,0.6372287981440962,0.9490333333333333,0.4687221252666279,0.9997461253403763,0.9948962792229173,0.5336823734729493,48.769353896057986,19.009963097943103
ISIC_0024660,kmeans,0.0955,0.631413612565445,0.7740693196405648,0.9648,0.631413612565445,1.0,1.0,0.36858638743455496,30.371856863894916,14.177305039958842
ISIC_0024660,watershed,0.0955,0.4992049641264301,0.6659595933466125,0.9521740740740741,0.4992049641264301,1.0,1.0,0.5007950358735699,41.13878689474336,20.259288611083807
ISIC_0024661,otsu,0.2640777777777778,0.8861025792064627,0.9396122872376024,0.9699222222222222,0.8861025792064627,1.0,1.0,0.11389742079353726,14.035668847618199,6.703968416318134
ISIC_0024661,adaptive,0.2640777777777778,0.4687575880210441,0.6383049072823961,0.8541444444444445,0.4873564185635545,0.9857623843099361,0.9247165894938528,0.552320444313544,78.64477096412705,25.81920905105108
ISIC_0024661,kmeans,0.2640777777777778,0.8032425912680047,0.8908868891602436,0.9480407407407407,0.8032425912680047,1.0,1.0,0.19675740873199535,26.504681366175046,12.185515011831392
ISIC_0024661,watershed,0.2640777777777778,0.7865367085057149,0.8805155861181106,0.943625925925926,0.7865808333683959,0.9999798690481583,0.9999286834973613,0.2134752668265522,30.384148501361462,12.780298047210689
ISIC_0024662,otsu,0.4479,0.8803555188094254,0.9363713510590118,0.9464037037037037,0.8804792736473915,0.9998859573212046,0.9998403695913461,0.1196613000587102,23.016296649832007,10.741416672177882
ISIC_0024662,adaptive,0.4479,0.24103976644839928,0.388448094839387,0.6591481481481481,0.24168754599654355,0.997819772317146,0.9890028085135181,0.76099989250246,206.87470930189468,65.84681762468878
ISIC_0024662,kmeans,0.4479,0.8139548344951336,0.8974367156409122,0.9166703703703704,0.8139548344951336,1.0,1.0,0.18604516550486633,40.89737750214165,17.180800003543524
ISIC_0024662,watershed,0.4479,0.69401238702422,0.8193710888305298,0.8629481481481481,0.69401238702422,1.0,1.0,0.30598761297578,66.0,29.014126848628873
ISIC_0024663,otsu,0.048603703703703705,0.7638412916000304,0.8661111350977937,0.9885148148148148,0.7643069420102111,0.9999688566901669,0.9992030284917314,0.23630267469328659,19.235384061671343,7.057762121207439
ISIC_0024663,adaptive,0.048603703703703705,0.6684931506849315,0.8013136288998358,0.9838666666666667,0.6693591404404481,0.9999338204666046,0.9980684013180321,0.3319362950544845,20.532871068593945,9.647952062658122
ISIC_0024663,kmeans,0.048603703703703705,0.7133714285714285,0.8327107790821772,0.9860666666666666,0.7134801493560924,0.9999922141725417,0.999786438868126,0.28667225481978204,20.615528128088304,8.781330622082097
ISIC_0024663,watershed,0.048603703703703705,0.5792882724986664,0.7336067551266586,0.9795518518518519,0.5792882724986664,1.0,1.0,0.4207117275013335,30.909512338368796,13.499057628304307
ISIC_0024664,otsu,0.007925925925925927,0.0,0.0,0.923274074074074,0.0,0.9306503397297096,0.0,9.6803738317757,302.6151846536192,243.9460258286183
ISIC_0024664,adaptive,0.007925925925925927,0.6454097350585336,0.7844972851525931,0.9957370370370371,0.9789719626168224,0.9958709773762413,0.654482974070603,0.5378504672897196,28.242653952712658,5.4459065880974915
ISIC_0024664,kmeans,0.007925925925925927,0.7051236116087424,0.827064509350704,0.9969518518518519,0.9196261682242991,0.9975696259239901,0.7514318442153494,0.38457943925233645,23.769728648009426,4.396224108785328
ISIC_0024664,watershed,0.007925925925925927,0.0,0.0,0.9714962962962963,0.0,0.9792578212499067,0.0,3.5962616822429907,306.95184616785394,285.77914680433565
ISIC_0024665,otsu,0.13415185185185186,0.6023026583756483,0.7517963665943601,0.9457555555555556,0.6123795588194694,0.9974078082291394,0.9734058893228595,0.40435106706054497,62.0,18.001741261704687
ISIC_0024665,adaptive,0.13415185185185186,0.3785391256680828,0.5491888022904405,0.9160222222222222,0.38129814196184536,0.998870728337447,0.9812433392539964,0.6259904475304382,92.40991962700618,30.01016251879374
ISIC_0024665,kmeans,0.13415185185185186,0.2962369895916733,0.4570722668313774,0.9055888888888889,0.2962369895916733,1.0,1.0,0.7037630104083267,132.6090117372228,43.61983678480745
ISIC_0024665,watershed,0.13415185185185186,0.29716746728507537,0.45817903205210064,0.9057111111111111,0.29717567157174013,0.9999957224558237,0.9999071063632141,0.7028519367217912,132.38013444786029,43.693137553035804
ISIC_0024666,otsu,0.13163333333333332,0.7147053886184321,0.8336188751284938,0.9622333333333334,0.7187473622014012,0.9991427072537202,0.9921929620135167,0.28690807799442897,47.4146600306686,11.10730172897458
ISIC_0024666,adaptive,0.13163333333333332,0.49407225000634664,0.6613766502982006,0.9261888888888888,0.5475929208519738,0.9835792185414081,0.8348490048043926,0.5607326749388031,69.58262603337084,21.322254784763118
ISIC_0024666,kmeans,0.13163333333333332,0.5201214882308276,0.6843156843156843,0.9368,0.5203849075715371,0.9999232275152585,0.9990277102576568,0.4801215497594328,54.0,18.11254470575881
ISIC_0024666,watershed,0.13163333333333332,0.47246841675811035,0.6417365715705196,0.9305592592592593,0.47246841675811035,1.0,1.0,0.5275315832418896,55.0,19.55998764458155
ISIC_0024667,otsu,0.13374814814814814,0.7939585335713305,0.8851470295589878,0.9722111111111111,0.8006202924235711,0.9987045081406485,0.9896286154372754,0.20777027027027026,25.75462557309862,9.79477501322693
ISIC_0024667,adaptive,0.13374814814814814,0.3183777212951707,0.4829840737636211,0.9086222222222222,0.3191182986264953,0.999640853741962,0.99276361130255,0.6832077979618963,74.81310045707235,31.49231349827104
ISIC_0024667,kmeans,0.13374814814814814,0.5012578442484726,0.6677838136451524,0.9331814814814815,0.5021045635799735,0.9997391914078533,0.9966470620568351,0.4995846256092158,75.45197147855052,26.97429973506747
ISIC_0024667,watershed,0.13374814814814814,0.44085188770571154,0.6119322762698199,0.9251259259259259,0.44137682764731945,0.99981615132029,0.997309473157302,0.5598139122729286,81.0,29.206885947025203
ISIC_0024668,otsu,0.062,0.840245867398699,0.9131887018841003,0.9900851851851852,0.8410991636798089,0.9999328753060096,0.9987940696602114,0.1599163679808841,11.045361017187261,4.80900293892563
ISIC_0024668,adaptive,0.062,0.7566521264994548,0.8614706521401745,0.9834703703703703,0.8289725209080048,0.9936823817420832,0.8966207921431802,0.2666069295101553,37.02427125281859,8.662665605637695
ISIC_0024668,kmeans,0.062,0.7668737307370684,0.868057198877658,0.9855444444444444,0.7669653524492234,0.9999921029771776,0.9998442488902733,0.23315412186379927,14.0,7.183441929535024
ISIC_0024668,watershed,0.062,0.7404511816662688,0.8508726811370573,0.9838925925925925,0.7411589008363202,0.9999368238174209,0.9987120663285841,0.2597968936678614,16.0,8.084677577746238
ISIC_0024669,otsu,0.02517037037037037,0.6741516463598832,0.8053650908216047,0.9880148148148148,0.985138316656857,0.988089086791994,0.6810783316378434,0.47616244849911715,43.705728580750744,10.176878630627149
ISIC_0024669,adaptive,0.02517037037037037,0.0,0.0,0.9535111111111111,0.0,0.9781310314432912,0.0,1.8469688051795174,160.61133210331082,73.64588080588001
ISIC_0024669,kmeans,0.02517037037037037,0.8244688435762156,0.9037905431809301,0.9954407407407407,0.8507945850500295,0.9991755444446133,0.9638273045507585,0.1811359623307828,8.94427190999916,3.6348427376602825
ISIC_0024669,watershed,0.02517037037037037,0.7042415528396837,0.8264574369357969,0.9923814814814815,0.7207180694526192,0.9993959058372973,0.9685584338540637,0.30267804590935843,13.45362404707371,6.681601652618878
ISIC_0024670,otsu,0.08715185185185186,0.7085634185710645,0.8294259503269273,0.9745888888888888,0.7088946496111512,0.9999553696408068,0.9993410016774503,0.29157281883472863,25.553864678361276,11.136855849472862
ISIC_0024670,adaptive,0.08715185185185186,0.5157288249642527,0.6805027607447074,0.9573518518518519,0.5211423228932047,0.9989978455708426,0.980255795363709,0.4893544685733713,39.56008088970496,18.018647152115413
ISIC_0024670,kmeans,0.08715185185185186,0.6416369199388068,0.7817038129999223,0.9687666666666667,0.6416641876673325,0.9999959426946188,0.9999337748344371,0.3583783094641112,29.649571301336284,14.156938205835367
ISIC_0024670,watershed,0.08715185185185186,0.5144678138942002,0.6794040905647672,0.9576777777777777,0.5145552675194425,0.9999837707784752,0.999669749009247,0.4856147210063321,40.39551671869446,20.73518787359462
ISIC_0024671,otsu,0.09656666666666666,0.7322517546887585,0.8454334108269678,0.9741444444444445,0.7322517546887585,1.0,1.0,0.26774824531124153,20.0,11.889978201007601
ISIC_0024671,adaptive,0.09656666666666666,0.6488868452312526,0.7870604912737329,0.966062962962963,0.6494841406819315,0.9999016099078822,0.998584738766364,0.3514363517815365,43.668124451747,16.24398559541296
ISIC_0024671,kmeans,0.09656666666666666,0.4715606182641046,0.6408986655546288,0.9489703703703704,0.4715606182641046,1.0,1.0,0.5284393817358953,39.15301074830488,26.3287729174571
ISIC_0024671,watershed,0.09656666666666666,0.5749626049936716,0.7301285797779077,0.9589555555555556,0.5749626049936716,1.0,1.0,0.42503739500632837,33.1058907144937,19.496637635120912
ISIC_0024672,otsu,0.24835555555555555,0.7402361218770497,0.8507306710524062,0.9354592592592592,0.7405452159389168,0.9998620309050773,0.9994364609749226,0.2598723455022668,40.22561336587546,14.95684971612434
ISIC_0024672,adaptive,0.24835555555555555,0.35947062621045833,0.5288391220522172,0.816262962962963,0.4151902887139108,0.9487839009776096,0.7281548319602459,0.7398144834168456,96.0,33.99747564500447
ISIC_0024672,kmeans,0.24835555555555555,0.5503526850291544,0.7099709509243762,0.888325925925926,0.5503608923884514,0.9999950725323242,0.999972904134829,0.44965402052016223,77.87004796982781,27.331086764993792
ISIC_0024672,watershed,0.24835555555555555,0.44359937962300167,0.6145740790479536,0.8618148148148148,0.44359937962300167,1.0,1.0,0.5564006203769983,79.40403012442127,32.889499344354164
ISIC_0024673,otsu,0.20392222222222223,0.6093427107753755,0.7572566199797138,0.9166814814814814,0.6372981710528706,0.9882479378061887,0.9328459391200319,0.4085798870302766,65.5133574166368,16.325601968865872
ISIC_0024673,adaptive,0.20392222222222223,0.22522814406825423,0.3676509475539885,0.8405777777777778,0.22726529722661146,0.9976830851256856,0.9617246944892783,0.7817795455783796,123.9078167925737,42.663615213586034
ISIC_0024673,kmeans,0.20392222222222223,0.16607230137035897,0.28484048746409996,0.8293814814814815,0.1666212608292922,0.9991532560097888,0.9805472424112869,0.8366842841315679,205.2857072717845,64.81961265842871
ISIC_0024673,watershed,0.20392222222222223,0.2488231460023175,0.3984922073214933,0.846337037037037,0.24960496921484226,0.9991951279653486,0.987568266743317,0.7535371147314699,124.99879902044778,45.581615666606154
ISIC_0024674,otsu,0.6038888888888889,0.5188776448942042,0.6832382406027789,0.7094555555555555,0.5188776448942042,1.0,1.0,0.48112235510579576,86.8819806442189,52.895807239517225
ISIC_0024674,adaptive,0.6038888888888889,0.34027990539099745,0.5077743895469778,0.6012407407407407,0.34058877644894203,0.9986161757830762,0.9973420017600259,0.6603189205765103,153.4802887098034,68.46724487717569
ISIC_0024674,kmeans,0.6038888888888889,0.38348359398957377,0.5543738945016558,0.6276925925925926,0.38348359398957377,1.0,1.0,0.6165164060104262,112.69648141948772,73.19771017605414
ISIC_0024674,watershed,0.6038888888888889,0.4262496166819994,0.5977209202322081,0.6535185185185185,0.4262496166819994,1.0,1.0,0.5737503833180007,107.50209210643142,66.71686001404487
ISIC_0024675,otsu,0.008103703703703703,0.0,0.0,0.9426888888888889,0.0,0.9503905724911506,0.0,7.072212065813528,295.23695395440035,270.0844745622165
ISIC_0024675,adaptive,0.008103703703703703,0.0,0.0,0.9599888888888889,0.0,0.9678319119382254,0.0,4.937385740402194,309.59037447278223,278.3392905681483
ISIC_0024675,kmeans,0.008103703703703703,0.0,0.0,0.9657888888888889,0.0,0.9736792974175914,0.0,4.221663619744058,304.94138184047415,274.79704947788883
ISIC_0024675,watershed,0.008103703703703703,0.0,0.0,0.9715518518518519,0.0,0.9794893432706525,0.0,3.5105118829981716,306.8116579696754,279.4623788819752
ISIC_0024676,otsu,0.27698518518518517,0.36898675777450807,0.5390654886601695,0.8125703703703704,0.39568903270665634,0.9722765785240812,0.8453890983887555,0.6766774529992244,97.0494717233505,38.5968007854204
ISIC_0024676,adaptive,0.27698518518518517,0.054604955586722764,0.10355527972337973,0.7378629629629629,0.054662637392025246,0.9995953159097196,0.9810415166786657,0.9463937100526837,183.40337405804766,94.84590147002876
ISIC_0024676,kmeans,0.27698518518518517,0.18320273848046426,0.309672607275645,0.7737592592592593,0.18320273848046426,1.0,1.0,0.8167972615195357,147.35025762675662,56.722380930303096
ISIC_0024676,watershed,0.27698518518518517,0.0,0.0,0.6682111111111111,0.0,0.9242011331154528,0.0,1.19785788783997,353.342888920256,199.30036315696992
ISIC_0024677,otsu,0.22176296296296297,0.7866364967389857,0.8805781121954853,0.9525037037037037,0.7896319059389405,0.998914926424397,0.9952008082849204,0.214175963658227,22.80350850198276,10.054079774553433
ISIC_0024677,adaptive,0.22176296296296297,0.2044326102278957,0.3394670793398962,0.8118777777777778,0.21798383325539447,0.9811111534141745,0.7668174607837377,0.8483031598637184,156.48129973582624,48.40176935099689
ISIC_0024677,kmeans,0.22176296296296297,0.6213143219688115,0.7664329039101198,0.9159962962962963,0.6215011022780413,0.9999143362966629,0.9995165319223228,0.3787995190059456,36.67833094595563,19.211612514211982
ISIC_0024677,watershed,0.22176296296296297,0.4921170418865656,0.6596225739293949,0.8873703703703704,0.4921170418865656,1.0,1.0,0.5078829581134344,55.08992507112297,27.840038711476723
ISIC_0024678,otsu,0.11405185185185185,0.7783983892966162,0.8753925936746768,0.9747259259259259,0.7783983892966162,1.0,1.0,0.22160161070338377,22.0,10.120028704971967
ISIC_0024678,adaptive,0.11405185185185185,0.7266619059984419,0.8416956480872262,0.9688111111111111,0.7269922712216665,0.9999414730399739,0.9993750279005401,0.27346236279794767,34.48187929913333,12.346709619073348
ISIC_0024678,kmeans,0.11405185185185185,0.7377086445411444,0.8490590719665115,0.9700851851851852,0.7377086445411444,1.0,1.0,0.2622913554588556,24.0,12.12164519582051
ISIC_0024678,watershed,0.11405185185185185,0.4987984672338767,0.6655977813407289,0.942837037037037,0.4987984672338767,1.0,1.0,0.5012015327661232,50.40331799257116,25.279631333397013
ISIC_0024679,otsu,0.34652962962962963,0.7486604348149013,0.8562673689064718,0.9122666666666667,0.7541335784444706,0.9961232621275583,0.9903990567494351,0.253177003730107,41.601675014388654,13.651565270775235
ISIC_0024679,adaptive,0.34652962962962963,0.6247776946326009,0.7690623728975764,0.857,0.6871199085108429,0.947085928688427,0.873195246179966,0.4126631253807595,89.06233589875175,26.46168433760132
ISIC_0024679,kmeans,0.34652962962962963,0.1785153286387485,0.30294952352455823,0.7152703703703703,0.17855348802411208,0.9998866450914491,0.9988042568456296,0.8216602716885949,161.8871409615263,54.936181943222685
ISIC_0024679,watershed,0.34652962962962963,0.3882854304847961,0.5593740623629607,0.7878777777777778,0.38855102978741596,0.999637264292637,0.998242627272228,0.6121330012932462,95.0865389719417,34.55312199812553
ISIC_0024680,otsu,0.11105555555555556,0.8804853723404256,0.936444798019977,0.9866851851851852,0.8832749708187427,0.9996041914047039,0.996425884123401,0.11989327997332,25.495097567963924,4.877360200521281
ISIC_0024680,adaptive,0.11105555555555556,0.543947982660887,0.7046195710861067,0.9493444444444444,0.5440386860096715,0.9999791679686686,0.9996935899007231,0.456128064032016,65.0,18.93886668195548
ISIC_0024680,kmeans,0.11105555555555556,0.6851425712856428,0.8131568010449445,0.9650333333333333,0.6851425712856428,1.0,1.0,0.3148574287143572,44.58025927312968,13.996181958075107
ISIC_0024680,watershed,0.11105555555555556,0.7594561269037224,0.8632850973558603,0.9732666666666666,0.760013340003335,0.9999083390621419,0.9990355530226646,0.24072036018009005,35.50280067163928,9.882017576399512
ISIC_0024681,otsu,0.36094074074074073,0.8821421991115115,0.9373810326636719,0.9573555555555555,0.8843146510148377,0.9986090665677558,0.9972228650775283,0.11814804933609703,24.263062835137998,8.801582216815715
ISIC_0024681,adaptive,0.36094074074074073,0.30968407505387985,0.4729141644959523,0.7496888888888888,0.3111108830833008,0.9973977953705099,0.9854069162766511,0.6934964188232396,114.65709061446371,37.26734173617906
ISIC_0024681,kmeans,0.36094074074074073,0.7592402569417366,0.8631456152118755,0.9131,0.7592402569417366,1.0,1.0,0.2407597430582634,51.62363799656123,19.5326283361598
ISIC_0024681,watershed,0.36094074074074073,0.7236850206251154,0.8396952018097392,0.9002666666666667,0.7236850206251154,1.0,1.0,0.2763149793748846,61.12433584014525,21.987465196348083
ISIC_0024682,otsu,0.48792592592592593,0.31342796417185365,0.4772670793094879,0.6650037037037037,0.31342796417185365,1.0,1.0,0.6865720358281463,120.33287165193059,71.09457367949818
ISIC_0024682,adaptive,0.48792592592592593,0.2592196402424684,0.41171473499659594,0.6383592592592593,0.2593593441627448,0.9994864747577029,0.997926341306697,0.7411795961742826,129.6919426949878,73.3375839226827
ISIC_0024682,kmeans,0.48792592592592593,0.18623045392439655,0.31398697160116207,0.6029407407407408,0.18623045392439655,1.0,1.0,0.8137695460756035,152.86922515666782,92.7892078508184
ISIC_0024682,watershed,0.48792592592592593,0.16858964627296188,0.28853523871386816,0.5943333333333334,0.16858964627296188,1.0,1.0,0.8314103537270381,173.6531010869927,104.4837250919442
ISIC_0024683,otsu,0.033744444444444445,0.6898553900087643,0.8164667747163695,0.9895148148148148,0.6911425749094501,0.9999348381878883,0.9973075704783022,0.3107233015036769,18.09916036402598,7.865051617176223
ISIC_0024683,adaptive,0.033744444444444445,0.7857220827420587,0.8800048902744666,0.9927296296296296,0.7900340248051806,0.9998083476114363,0.9931015452538632,0.21545384699813414,12.529964086141668,5.122696053097007
ISIC_0024683,kmeans,0.033744444444444445,0.5146526177148502,0.6795652173913044,0.9836222222222222,0.5146526177148502,1.0,1.0,0.48534738228514984,33.37420105119031,13.056597489204202
ISIC_0024683,watershed,0.033744444444444445,0.6637061403508772,0.7978646279575562,0.9886407407407407,0.6643617605092745,0.9999655025700586,0.9985153414714616,0.3366260564153221,19.849433241279208,8.441387730527932
ISIC_0024684,otsu,0.6250666666666667,0.876054936659382,0.933933137607728,0.9224888888888889,0.8764753981797497,0.9991998577524893,0.9994527100985122,0.12400455062571103,40.21193660336054,13.048222711748876
ISIC_0024684,adaptive,0.6250666666666667,0.8870991585507915,0.9401722792691448,0.9292851851851852,0.8889125900644672,0.9965919867235656,0.9977055830811692,0.11313163632916193,46.95742752749558,12.02148815954835
ISIC_0024684,kmeans,0.6250666666666667,0.5615913265003851,0.7192551815191535,0.7259296296296296,0.5616645335608647,0.9997826774142564,0.9997679643086919,0.43846582290481606,90.14432547921716,43.69032619874416
ISIC_0024684,watershed,0.6250666666666667,0.2588997914296549,0.4113111991791473,0.536762962962963,0.2588997914296549,1.0,1.0,0.7411002085703451,201.17181617991392,78.34808315731256
ISIC_0024685,otsu,0.23255925925925927,0.7798573975044564,0.8763144717075614,0.9478555555555556,0.7943017311398131,0.9943873094315402,0.9772130569379678,0.2242200315331815,37.64306044943742,12.496190310446162
ISIC_0024685,adaptive,0.23255925925925927,0.20261241767093646,0.3369538093799661,0.8130185185185185,0.2042967941265468,0.997480804405214,0.9608988764044943,0.8040164991798188,158.86155701791657,48.88949344282574
ISIC_0024685,kmeans,0.23255925925925927,0.6368110079469987,0.7781118343598276,0.915537037037037,0.6368110079469987,1.0,1.0,0.3631889920530012,97.55971363868804,24.921125316786316
ISIC_0024685,watershed,0.23255925925925927,0.5272250059651634,0.6904352716932788,0.8899222222222222,0.5278463474064754,0.9996428726551453,0.9977722921307725,0.47333216543772194,110.8873302050329,32.94847549029279
ISIC_0024686,otsu,0.17986296296296297,0.7359718304058646,0.8479075725944202,0.9525111111111111,0.7359718304058646,1.0,1.0,0.26402816959413544,37.02698765763974,14.609270907642978
ISIC_0024686,adaptive,0.17986296296296297,0.4362483791960813,0.607483197913532,0.8985518518518518,0.4364639746308918,0.9998916170287712,0.9988689915174364,0.5640302287749933,77.15633281637803,32.111760915248084
ISIC_0024686,kmeans,0.17986296296296297,0.3533760270164529,0.5222141074797638,0.8836962962962963,0.3533760270164529,1.0,1.0,0.6466239729835471,82.28426317590034,42.98922432480274
ISIC_0024686,watershed,0.17986296296296297,0.5602207441879621,0.7181301059800183,0.9209,0.5602207441879621,1.0,1.0,0.439779255812038,63.35297162290549,26.168936207477326
ISIC_0024687,otsu,0.28988148148148146,0.8137218597167776,0.8972950900463257,0.9459703703703704,0.8141897071600143,0.9997652973942796,0.9992943390308923,0.18638524045586957,30.0,11.454796587830316
ISIC_0024687,adaptive,0.28988148148148146,0.5289725095090893,0.6919320082202495,0.8628629629629629,0.5312771503040834,0.9982214758099848,0.9918660401211745,0.47307967496294784,90.56099940144242,28.761022502899692
ISIC_0024687,kmeans,0.28988148148148146,0.6159477692032503,0.7623362350466883,0.8886703703703703,0.6159477692032503,1.0,1.0,0.3840522307967496,63.25820004233083,25.859035532538044
ISIC_0024687,watershed,0.28988148148148146,0.6448201879852881,0.7840616168203981,0.8969925925925926,0.6451167782490929,0.9998122379154236,0.9992875237492084,0.35534317984361424,60.95692375731415,23.616845007755465
ISIC_0024688,otsu,0.2548148148148148,0.8423132236087102,0.914408269793334,0.9597962962962963,0.8427906976744186,0.9998061630218688,0.9993278527480481,0.15777616279069767,16.1245154965971,9.27636288230874
ISIC_0024688,adaptive,0.2548148148148148,0.6062027209501546,0.754827162279433,0.8995481481481481,0.6068459302325582,0.9996371769383697,0.9982545906656465,0.39421511627906974,68.26419266350405,19.613138512450828
ISIC_0024688,kmeans,0.2548148148148148,0.25754360465116277,0.40959789179255424,0.8108111111111111,0.25754360465116277,1.0,1.0,0.7424563953488372,160.13822067323366,50.76518122770003
ISIC_0024688,watershed,0.2548148148148148,0.6605772584583188,0.795599548402342,0.9135,0.6606540697674419,0.9999602385685885,0.9998240249884517,0.33946220930232557,65.39113089708727,22.6624453185575
ISIC_0024689,otsu,0.11062222222222222,0.6528391589661175,0.7899609050580347,0.9615962962962963,0.6528391589661175,1.0,1.0,0.3471608410338824,35.127624320083505,15.779806072292368
ISIC_0024689,adaptive,0.11062222222222222,0.6140187537407727,0.7608570251339102,0.9570074074074074,0.6182536493906522,0.9991421384904969,0.9889674378748929,0.3886433641355297,40.792156108742276,16.234820698177714
ISIC_0024689,kmeans,0.11062222222222222,0.5218293826168474,0.6857922295067541,0.9471037037037037,0.5218293826168474,1.0,1.0,0.47817061738315253,40.311288741492746,23.378273422867036
ISIC_0024689,watershed,0.11062222222222222,0.46682067764831925,0.636506813357376,0.9410185185185185,0.46682067764831925,1.0,1.0,0.5331793223516808,44.40720662234904,27.503550098791962
ISIC_0024690,otsu,0.3919111111111111,0.5842281372447723,0.7375555622447648,0.8062518518518519,0.6946681031224011,0.8781671782877747,0.786087049513421,0.49436758146216075,98.37174391053561,32.853532282056925
ISIC_0024690,adaptive,0.3919111111111111,0.05039675542232411,0.09595756110663443,0.6010962962962964,0.0540182959098813,0.9536861082687716,0.42912912912912915,1.0178422922809405,263.33552739620956,90.26595286898247
ISIC_0024690,kmeans,0.3919111111111111,0.42283553338245344,0.5943561619905042,0.7591962962962963,0.4501398654267786,0.9583820591531452,0.8745432846782337,0.6144344900582143,82.365041127896,31.34753165504136
ISIC_0024690,watershed,0.3919111111111111,0.1280795152064337,0.22707533197780957,0.6578777777777778,0.12823202540258563,0.9992325683379623,0.9907995618838993,0.872958720798367,177.48521065147935,91.1762261176184
ISIC_0024691,otsu,0.8573296296296297,0.7461151983549263,0.8546001994116613,0.782337037037037,0.7461151983549263,1.0,1.0,0.25388480164507365,243.00925888470067,92.82613555571973
ISIC_0024691,adaptive,0.8573296296296297,0.11744477900803096,0.21020238532464772,0.24335925925925925,0.11744477900803096,1.0,1.0,0.882555220991969,250.6329789037078,146.77107646138887
ISIC_0024691,kmeans,0.8573296296296297,0.17327705753005673,0.2953727875576699,0.29122592592592594,0.17327705753005673,1.0,1.0,0.8267229424699433,274.1462200256135,129.73106631057166
ISIC_0024691,watershed,0.8573296296296297,0.08169639578536282,0.1510523583210192,0.2127111111111111,0.08169639578536282,1.0,1.0,0.9183036042146372,375.53295461250804,223.12744679876567
ISIC_0024692,otsu,0.5191703703703704,0.6055316173952745,0.7543066867504676,0.7952037037037037,0.6055316173952745,1.0,1.0,0.3944683826047255,118.15244390193544,38.704853855673
ISIC_0024692,adaptive,0.5191703703703704,0.05719238671384545,0.10819674343592478,0.5105222222222222,0.05719238671384545,1.0,1.0,0.9428076132861546,251.6003737564304,125.17783323793518
ISIC_0024692,kmeans,0.5191703703703704,0.42275425179774,0.5942758579193326,0.7003111111111111,0.42275425179774,1.0,1.0,0.57724574820226,138.39255419606786,59.28948259270068
ISIC_0024692,watershed,0.5191703703703704,0.3669101700719096,0.5368460607072774,0.6713185185185185,0.3669101700719096,1.0,1.0,0.6330898299280904,153.44705927452634,66.94104666765821
ISIC_0024693,otsu,0.3229148148148148,0.5403970015154795,0.7016334113658025,0.7483962962962963,0.9161342860747589,0.6683988556612495,0.5685215237444482,0.7791643249567023,114.71185355171242,45.57832313252264
ISIC_0024693,adaptive,0.3229148148148148,0.0460250569476082,0.08799991289293453,0.6897814814814814,0.046348652895500476,0.996646846777855,0.8682853459389772,0.9606822117976304,284.5724863354894,117.58707186786602
ISIC_0024693,kmeans,0.3229148148148148,0.16916614396228927,0.28937913543918975,0.6762148148148148,0.20415887689678508,0.9013472783664181,0.49672108274033766,1.0026953559590306,120.33851327345407,40.50553572830025
ISIC_0024693,watershed,0.3229148148148148,0.11932322272902815,0.21320601646788948,0.6875,0.13112046520696893,0.9528479922106196,0.5701176939956114,0.9677474852902382,212.32485366687845,62.31654687445114
ISIC_0024694,otsu,0.3284925925925926,0.7143775227185605,0.8333958107263819,0.906174074074074,0.7143855772157893,0.9999944844931525,0.9999842176698968,0.28562569763115464,49.188408271472305,21.110853974209977
ISIC_0024694,adaptive,0.3284925925925926,0.3946165087446377,0.5659140075716603,0.7621851851851852,0.47190871883914176,0.9041846150451995,0.706687828186469,0.7239579222712051,110.56151708060749,46.14164053798445
ISIC_0024694,kmeans,0.3284925925925926,0.4658654008771831,0.6356182506230195,0.8245407407407407,0.4658654008771831,1.0,1.0,0.5341345991228169,84.59905436823747,43.64427908081664
ISIC_0024694,watershed,0.3284925925925926,0.4933422028795959,0.6607222402585146,0.8335666666666667,0.4933422028795959,1.0,1.0,0.506657797120404,89.05054744357274,41.275031968284424
ISIC_0024695,otsu,0.5164925925925926,0.5566391544104465,0.7151807184514322,0.7710074074074074,0.5566391544104465,1.0,1.0,0.44336084558955347,85.0235261559999,42.71805525507006
ISIC_0024695,adaptive,0.5164925925925926,0.2787540852015366,0.4359776260775017,0.6272814814814814,0.2789040034993869,0.9994254942664328,0.9980753932613102,0.7216338121087391,122.70898695623711,57.47096227459357
ISIC_0024695,kmeans,0.5164925925925926,0.3902820305049013,0.5614429618473378,0.6850851851851851,0.3902820305049013,1.0,1.0,0.6097179694950987,104.73417835822083,62.54007550327449
ISIC_0024695,watershed,0.5164925925925926,0.44563401289323284,0.6165239734521176,0.7136740740740741,0.44563401289323284,1.0,1.0,0.5543659871067671,100.17983829094555,57.09291091503871
ISIC_0024696,otsu,0.21380740740740742,0.7307459066100667,0.8444288717589348,0.9391555555555555,0.7723288525498891,0.9845245722469285,0.9313766450804262,0.28457594235033257,90.13628504409182,18.660842464190985
ISIC_0024696,adaptive,0.21380740740740742,0.3127614563616409,0.47649396597683324,0.8399777777777778,0.34061460643015523,0.9757810733398659,0.7927350427350427,0.7484409645232816,101.49088547204589,32.07206049689158
ISIC_0024696,kmeans,0.21380740740740742,0.2943876667244067,0.45486784877885583,0.8491296296296297,0.2943978658536585,0.9999905781261778,0.9998823321762664,0.7056367793791575,100.58031215817083,36.17476762889123
ISIC_0024696,watershed,0.21380740740740742,0.32171623564462765,0.48681589431746697,0.8549703703703704,0.32173295454545453,0.9999858671892666,0.9998385012919897,0.6783190133037694,109.315823984954,35.15304237069013
ISIC_0024697,otsu,0.46975925925925927,0.735969538585247,0.8479060516062232,0.8759555555555556,0.7360507746284543,0.9999022107358642,0.9998500605112937,0.26405960499862025,61.662792239401234,23.03704129428419
ISIC_0024697,adaptive,0.46975925925925927,0.5381767773034452,0.6997593322750781,0.782837037037037,0.5387156541963969,0.9991129116753397,0.9981447666350157,0.46228564670635075,107.32380549764018,40.948932090222414
ISIC_0024697,kmeans,0.46975925925925927,0.5343320061497221,0.6965011536070131,0.7812481481481481,0.5343320061497221,1.0,1.0,0.4656679938502779,97.19207579675854,45.260565096094545
ISIC_0024697,watershed,0.46975925925925927,0.6228091615090472,0.7675691957887373,0.8228111111111112,0.6228091615090472,1.0,1.0,0.3771908384909528,67.07533037553951,34.05388794037038
ISIC_0024698,otsu,0.0446,0.762185501951341,0.865045707284893,0.9893925925925926,0.7622487958810829,0.9999961233999333,0.9998910675381264,0.23783424680285667,14.00713376952364,6.219604040813529
ISIC_0024698,adaptive,0.0446,0.7117243658597042,0.8315875850750591,0.9870777777777778,0.71532967945524,0.9997635273959327,0.9929682997118155,0.2897359242650722,17.812898815288197,7.263493123749501
ISIC_0024698,kmeans,0.0446,0.7453292369011044,0.8540843998287264,0.9886407407407407,0.7453911310413552,0.9999961233999333,0.9998886042107609,0.2546919116425843,14.317821063276353,6.656505253162024
ISIC_0024698,watershed,0.0446,0.6760504899518353,0.8067185254917505,0.9855518518518519,0.6760504899518353,1.0,1.0,0.32394951004816475,18.0,8.73267316557121
ISIC_0024699,otsu,0.26544074074074075,0.8079859563085153,0.8937967172690144,0.9489555555555556,0.8091922588566884,0.9994604978545966,0.998158379373849,0.19230071579064867,24.0,13.479462479063375
ISIC_0024699,adaptive,0.26544074074074075,0.38248636313035733,0.5533311189620638,0.8356407407407408,0.38352704795657816,0.9990167951555733,0.9929557112925367,0.619193793690438,104.4815533421386,43.990565989203105
ISIC_0024699,kmeans,0.26544074074074075,0.40498681438278755,0.5764990962718732,0.8420592592592593,0.40498681438278755,1.0,1.0,0.5950131856172125,82.07313811473277,48.01378790565435
ISIC_0024699,watershed,0.26544074074074075,0.6317515243689741,0.7743231919005353,0.9022518518518519,0.6317515243689741,1.0,1.0,0.368248475631026,46.04345773288535,27.029540688481458
ISIC_0024700,otsu,0.5034037037037037,0.6804172175701484,0.8098193834909867,0.8388592592592593,0.6815235544699416,0.9983517426033517,0.997619893810647,0.3201024139377129,110.16623799992553,31.95258141289285
ISIC_0024700,adaptive,0.5034037037037037,0.23066142687895513,0.37485765270782706,0.605562962962963,0.23491932695208176,0.9812874307321694,0.9271465489706437,0.78354019673482,163.06133630748621,61.082526468918346
ISIC_0024700,kmeans,0.5034037037037037,0.1425996365482383,0.24960560460009917,0.5683814814814815,0.1425996365482383,1.0,1.0,0.8574003634517617,217.16698643825853,95.97152796817232
ISIC_0024700,watershed,0.5034037037037037,0.1902898049573643,0.3197369315688299,0.5923888888888889,0.1902898049573643,1.0,1.0,0.8097101950426356,209.91224067302792,86.44425908303917
ISIC_0024701,otsu,0.41204444444444444,0.21379390932297845,0.35227382124899104,0.6760481481481482,0.21379390932297845,1.0,1.0,0.7862060906770215,132.00890109399577,68.99125316768846
ISIC_0024701,adaptive,0.41204444444444444,0.191458595293695,0.3213852265617344,0.6665814814814814,0.1916100384712185,0.9994456623075566,0.9958888110254613,0.8091809585445655,129.75746606650424,63.844996314629526
ISIC_0024701,kmeans,0.41204444444444444,0.12430338330996296,0.2211207137774722,0.6391740740740741,0.12430338330996296,1.0,1.0,0.8756966166900371,180.38431131221756,98.37947550606404
ISIC_0024701,watershed,0.41204444444444444,0.1081418761011038,0.19517695059335025,0.6325148148148149,0.1081418761011038,1.0,1.0,0.8918581238988962,219.45956323403635,114.98178314077968
ISIC_0024702,otsu,0.33823333333333333,0.5156806608824879,0.6804608308220265,0.8358444444444444,0.5167591953834193,0.998931031973897,0.9959690184243294,0.48533228211950985,182.9622733032802,36.266005512705505
ISIC_0024702,adaptive,0.33823333333333333,0.5935999666012608,0.744979893375948,0.8557851851851852,0.6227784895371374,0.9748764530409622,0.9268451672832163,0.4263767068536951,79.96716825136214,23.905407610408123
ISIC_0024702,kmeans,0.33823333333333333,0.3847004588110334,0.5556443003439959,0.7918851851851851,0.3847004588110334,1.0,1.0,0.6152995411889667,216.65292814515334,48.49870070218708
ISIC_0024702,watershed,0.33823333333333333,0.2936062109216736,0.4539344484323153,0.7610740740740741,0.2936062109216736,1.0,1.0,0.7063937890783264,222.13159650936444,59.74755319162687
ISIC_0024703,otsu,0.3742185185185185,0.8157676594232933,0.8985374920515873,0.9308555555555555,0.8181494274488069,0.998254034954812,0.9964440694310511,0.18477023723512703,32.00859165294033,15.165967077105359
ISIC_0024703,adaptive,0.3742185185185185,0.34777445158757425,0.5160721828165281,0.7538814814814815,0.35068636862993496,0.9949929273619356,0.9766807243860084,0.6576866358534823,123.03901814517435,46.64282775788776
ISIC_0024703,kmeans,0.3742185185185185,0.5791328101030295,0.7334820813016283,0.8425037037037038,0.5791328101030295,1.0,1.0,0.4208671898969705,61.5223536610881,37.26225735116871
ISIC_0024703,watershed,0.3742185185185185,0.681063747661794,0.8102771219819491,0.8806481481481482,0.681063747661794,1.0,1.0,0.31893625233820605,51.95189012588797,26.135620952420616
ISIC_0024704,otsu,0.02897777777777778,0.9075506445672191,0.9515350453755551,0.9972111111111112,0.9447852760736196,0.9987756316367631,0.9583819525476468,0.09624233128834356,6.382102612161142,2.0405724149696733
ISIC_0024704,adaptive,0.02897777777777778,0.8079301564205166,0.8937625754527163,0.9941333333333333,0.8516104294478528,0.9983865800073233,0.9403048264182896,0.20245398773006135,10.04987562112089,4.406575937367545
ISIC_0024704,kmeans,0.02897777777777778,0.8779276985743381,0.9349962719446893,0.9964481481481482,0.8815184049079755,0.9998779445868424,0.9953817289652186,0.12257157464212678,7.211102550927978,2.7188866603165964
ISIC_0024704,watershed,0.02897777777777778,0.7597137014314929,0.863451481696688,0.993037037037037,0.7597137014314929,1.0,1.0,0.24028629856850717,9.848857801796104,5.615932060878094
ISIC_0024705,otsu,0.4220407407407407,0.3569675923960571,0.526125449710621,0.7194925925925926,0.36896560802450173,0.975456427147883,0.9165104416445045,0.6646453300102676,211.20852590692783,59.358200245366966
ISIC_0024705,adaptive,0.4220407407407407,0.06905478574500014,0.12918848812201408,0.6070962962962962,0.06905599775342033,0.999987183512871,0.9997459026807267,0.9309615536502531,328.09815274717806,133.34121445278595
ISIC_0024705,kmeans,0.4220407407407407,0.14543970654053057,0.2539456345193221,0.6393407407407408,0.14543970654053057,1.0,1.0,0.8545602934594694,264.3524153284591,94.55602238910329
ISIC_0024705,watershed,0.4220407407407407,0.1555109130465296,0.2691639019427721,0.643462962962963,0.15556686646014514,0.9997372620138546,0.9976924808644755,0.8447929373151618,265.0094337674819,95.23507623761898
ISIC_0024706,otsu,0.11782222222222222,0.8701882286396632,0.9305889271612199,0.9847,0.8704891236011568,0.9999538179925102,0.9996029310904956,0.12985665786495662,15.652475842498529,5.459847438356977
ISIC_0024706,adaptive,0.11782222222222222,0.8134497048850936,0.8971296007755964,0.9779925925925926,0.8144725260907834,0.9998320654273095,0.9984585741811175,0.18678486105871997,23.08679276123039,7.745027468020332
ISIC_0024706,kmeans,0.11782222222222222,0.8584718860986266,0.9238470514620081,0.9833222222222222,0.8586068150383503,0.9999790081784137,0.9998169771953586,0.1415503583553376,16.15549442140351,5.99680710695086
ISIC_0024706,watershed,0.11782222222222222,0.7203885326291966,0.8374719070328345,0.9670555555555556,0.7203885326291966,1.0,1.0,0.27961146737080345,32.67261044158633,12.702934323466954
ISIC_0024707,otsu,0.20508888888888888,0.26003037046233773,0.412736671365986,0.713037037037037,0.49169285224112397,0.7701443441148789,0.3556295715778474,1.3992126268645935,160.03843143273028,63.73582872970594
ISIC_0024707,adaptive,0.20508888888888888,0.3304384462747017,0.4967361657353587,0.8175370370370371,0.4390688770903312,0.9151826898884571,0.5718418514946962,0.8896774659587532,150.60212481900777,55.64549815055807
ISIC_0024707,kmeans,0.20508888888888888,0.18703228659885007,0.3151258625571933,0.8298037037037037,0.19091992631921118,0.994637182820348,0.9018169410560437,0.829866002094846,89.06739021662193,46.00962202781613
ISIC_0024707,watershed,0.20508888888888888,0.0,0.0,0.7731555555555556,0.0,0.9726314612395516,0.0,1.1060786650774732,331.9963337179694,167.24683014213
ISIC_0024708,otsu,0.2462814814814815,0.7656583576389933,0.8672780374826509,0.9422703703703704,0.7658656159769008,0.9999115496501297,0.9996466777897732,0.2344050769971126,52.36266698785744,14.951236902099957
ISIC_0024708,adaptive,0.2462814814814815,0.3649331128814069,0.5347267341342818,0.8435148148148148,0.36511970644850816,0.9998329271169117,0.9986015711759141,0.6353916025024061,150.1099170236701,38.44775516101244
ISIC_0024708,kmeans,0.2462814814814815,0.27852803176130897,0.43570109507510263,0.8223148148148148,0.27852803176130897,1.0,1.0,0.7214719682386911,165.30803705631075,51.81323537568002
ISIC_0024708,watershed,0.2462814814814815,0.4135135948026949,0.5850861234347239,0.8555592592592592,0.4135135948026949,1.0,1.0,0.5864864051973051,107.8410011314173,35.537641348947766
ISIC_0024709,otsu,0.3925666666666667,0.8103465279956964,0.8952391329110476,0.9216555555555556,0.8527166888379422,0.9662087593822215,0.9422250948667695,0.19956978291019217,78.31091798720874,16.010721388558544
ISIC_0024709,adaptive,0.3925666666666667,0.3699268614000818,0.5400680457086768,0.7431518518518518,0.3841385751889276,0.975171791447926,0.9090827900330446,0.6542790561640863,121.95367124847677,45.38413083872409
ISIC_0024709,kmeans,0.3925666666666667,0.4255657973621103,0.5970482711490189,0.7728814814814815,0.428613210306341,0.9953721487497484,0.983567516075256,0.5785476399384865,108.9187762152665,32.417043186775196
ISIC_0024709,watershed,0.3925666666666667,0.47745481214664354,0.6463206972170383,0.7915296296296296,0.4852207221231591,0.9894882535501534,0.9675659404748467,0.5310445029388733,108.4313066105682,32.00149501022553
ISIC_0024710,otsu,0.5917444444444444,0.5759196362112426,0.7308997527257717,0.7488925925925926,0.5762873112141753,0.9990746536755301,0.9988934212810276,0.42435110251547525,109.25817259875679,33.0241449186869
ISIC_0024710,adaptive,0.5917444444444444,0.11040176252261048,0.1988501211882081,0.47358518518518516,0.11040176252261048,1.0,1.0,0.8895982374773895,173.27894437245465,98.69699735404679
ISIC_0024710,kmeans,0.5917444444444444,0.05661227632048369,0.1071580892806369,0.44175555555555557,0.05661227632048369,1.0,1.0,0.9433877236795163,244.01495771485799,141.54714151981136
ISIC_0024710,watershed,0.5917444444444444,0.31307934481226257,0.47686279743746185,0.5935185185185186,0.31307934481226257,1.0,1.0,0.6869206551877375,145.61864009217354,63.72999422875892
ISIC_0024711,otsu,0.1729111111111111,0.6224540311173975,0.7672994355207812,0.9209111111111111,0.7541018720815662,0.9557842320678507,0.7809671694764863,0.4573962215653515,125.95059891164905,30.166353944495295
ISIC_0024711,adaptive,0.1729111111111111,0.4270917693192959,0.5985484304530928,0.900437037037037,0.4292507389795656,0.9989431920972264,0.9883606233971197,0.5758043096431479,86.21624344402466,23.590838624379227
ISIC_0024711,kmeans,0.1729111111111111,0.45371064066613864,0.6242103868184294,0.9054777777777778,0.45401190935183994,0.9998611820127713,0.9985395957978047,0.54665210127233,85.61103837268135,26.126057881658774
ISIC_0024711,watershed,0.1729111111111111,0.4569746279841559,0.6272924994121797,0.9060666666666667,0.4571606048922589,0.9999149180078275,0.9991105701713323,0.5432463693612646,86.07834562704008,26.188254754695624
ISIC_0024712,otsu,0.023981481481481482,0.6372107003306282,0.7784101340187259,0.9910592592592593,0.6548262548262548,0.9993207475571577,0.9594930979859697,0.37281853281853283,9.0,4.9202142141533445
ISIC_0024712,adaptive,0.023981481481481482,0.0,0.0,0.9353296296296296,0.0,0.958311355658856,0.0,2.696679536679537,185.7928891315089,131.9586658682946
ISIC_0024712,kmeans,0.023981481481481482,0.0,0.0,0.9547851851851852,0.0,0.9782449482971255,0.0,1.8854054054054055,328.1044023244274,280.9518923932474
ISIC_0024712,watershed,0.023981481481481482,0.0,0.0,0.9605074074074074,0.0,0.9841077696613224,0.0,1.6467953667953668,341.9936369931381,289.5508520653514
ISIC_0024713,otsu,0.3580074074074074,0.7319629223479754,0.845240868500433,0.9040407407407407,0.7319629223479754,1.0,1.0,0.26803707765202456,55.59495438114939,20.982524348449893
ISIC_0024713,adaptive,0.3580074074074074,0.5204632648653097,0.6846114298084208,0.8273259259259259,0.5234838923258365,0.9967635486736895,0.9890348305382901,0.48231983613002005,100.18083408469026,36.00277432726107
ISIC_0024713,kmeans,0.3580074074074074,0.4176822329353831,0.589246621325783,0.791525925925926,0.4176822329353831,1.0,1.0,0.5823177670646169,88.61715409558128,50.696729813060365
ISIC_0024713,watershed,0.3580074074074074,0.5766174918789183,0.7314614925294786,0.8484259259259259,0.5766174918789183,1.0,1.0,0.4233825081210817,73.10266656989619,34.71624446144822
ISIC_0024714,otsu,0.03227407407407407,0.896119733924612,0.9452142898906625,0.9965296296296297,0.9275877897635988,0.9988288695146315,0.9635236619382525,0.1075281156759238,6.0,2.372061551729313
ISIC_0024714,adaptive,0.03227407407407407,0.8053198807612932,0.892163089038486,0.9937111111111111,0.8060592150562313,0.9999693822095328,0.9988623435722411,0.19485884783107643,8.06225774829855,4.467642390491953
ISIC_0024714,kmeans,0.03227407407407407,0.7226302501721368,0.8389847445206848,0.9910481481481481,0.7226302501721368,1.0,1.0,0.2773697498278632,11.734229919647635,6.80823730789996
ISIC_0024714,watershed,0.03227407407407407,0.8061201187485727,0.8926539385510178,0.9937111111111111,0.8101904980491164,0.9998316021524307,0.9938063063063063,0.19485884783107643,8.94427190999916,4.556087828158802
ISIC_0024715,otsu,0.1272111111111111,0.7200628875884356,0.837251815365866,0.9643888888888889,0.7200628875884356,1.0,1.0,0.2799371124115643,21.213203435596427,13.126735060434763
ISIC_0024715,adaptive,0.1272111111111111,0.5237017696547722,0.6874071817524086,0.9391925925925926,0.5255771974262672,0.9994780461101704,0.993232462173315,0.4780039013596529,62.16992039935143,22.129054062120893
ISIC_0024715,kmeans,0.1272111111111111,0.5544880193321106,0.7134027569673359,0.9433259259259259,0.5544880193321106,1.0,1.0,0.4455119806678895,36.89036004625438,22.97243151380396
ISIC_0024715,watershed,0.1272111111111111,0.5073514426296328,0.6731694126282038,0.9373296296296296,0.5073514426296328,1.0,1.0,0.4926485573703671,45.17742799230607,25.48428175162866
ISIC_0024716,otsu,0.054288888888888887,0.8341391351060973,0.9095701837885334,0.9908518518518519,0.8474553145040251,0.9990835820194093,0.9815107458912768,0.16850866421066993,10.871657678474369,4.583207007936553
ISIC_0024716,adaptive,0.054288888888888887,0.0,0.0,0.8821666666666667,0.0,0.9328077637051484,0.0,2.170487106017192,218.46553698828382,134.876079898318
ISIC_0024716,kmeans,0.054288888888888887,0.6243689452858507,0.7687526249475011,0.9796074074074074,0.6243689452858507,1.0,1.0,0.37563105471414926,19.84535871061857,11.521016316148497
ISIC_0024716,watershed,0.054288888888888887,0.6283047151812483,0.7717286688705696,0.9797962962962963,0.629076272342748,0.9999295063091853,0.9980517372009958,0.37215172601992086,20.615528128088304,11.017976283630093
ISIC_0024717,otsu,0.12167407407407407,0.8713911492587225,0.9312763391062201,0.9829074074074075,0.9518141970047486,0.9872147351021303,0.9116060756246174,0.14047850967977596,13.992756619444558,6.05419109274851
ISIC_0024717,adaptive,0.12167407407407407,0.06575383689437256,0.12339404207256813,0.8850185185185185,0.06651041032509436,0.9984060586637881,0.852516582130316,0.9449957384634117,152.80052355931247,62.53162038112221
ISIC_0024717,kmeans,0.12167407407407407,0.7258064516129032,0.8411214953271028,0.9665666666666667,0.7273529769877024,0.9997048256784793,0.9970790736490716,0.27477779130646535,30.076567850487912,13.148148727442077
ISIC_0024717,watershed,0.12167407407407407,0.6129873279573153,0.76006465436229,0.9527185185185185,0.6154876415438938,0.9994349520130889,0.9934165274638892,0.3885912577620845,36.87817782917155,19.447938325702832
ISIC_0024718,otsu,0.24645185185185184,0.7365423341648883,0.8482860678649624,0.9350703703703703,0.7365423341648883,1.0,1.0,0.26345766583511165,34.66770793506055,17.188222603797644
ISIC_0024718,adaptive,0.24645185185185184,0.2703705930089267,0.4256562525877468,0.8201814814814815,0.2703705930089267,1.0,1.0,0.7296294069910733,80.11242100947892,32.42816637264683
ISIC_0024718,kmeans,0.24645185185185184,0.6773766944185627,0.8076619839449541,0.9204888888888889,0.6773766944185627,1.0,1.0,0.3226233055814373,38.95058410417808,21.251932307735373
ISIC_0024718,watershed,0.24645185185185184,0.13284842655766282,0.23453874930354726,0.7862888888888889,0.13284842655766282,1.0,1.0,0.8671515734423372,213.45335328847696,82.31249422645978
ISIC_0024719,otsu,0.2268888888888889,0.8338883447600391,0.9094210638752404,0.9623111111111111,0.8338883447600391,1.0,1.0,0.16611165523996083,20.0,10.1886714310614
ISIC_0024719,adaptive,0.2268888888888889,0.29658711411582633,0.4574889120629217,0.8400777777777778,0.29719229513548806,0.9994011689182716,0.9931809503027658,0.7048481880509304,98.26976946858332,28.60586936752049
ISIC_0024719,kmeans,0.2268888888888889,0.5910218739797584,0.7429462581823405,0.9072074074074075,0.5910218739797584,1.0,1.0,0.4089781260202416,87.7997664207262,30.804789505360507
ISIC_0024719,watershed,0.2268888888888889,0.6561704211557297,0.792394807652503,0.9219888888888889,0.6561704211557297,1.0,1.0,0.34382957884427034,78.43468620451031,25.313032355751957
ISIC_0024720,otsu,0.43342592592592594,0.9011373055002521,0.9479981302698524,0.9571481481481482,0.9011835077974791,0.9999607779048865,0.9999431101671613,0.0988677632984405,19.1049731745428,8.142006240550158
ISIC_0024720,adaptive,0.43342592592592594,0.4828818532291631,0.6512748836701004,0.7754481481481481,0.4837855159154027,0.9985683935283544,0.9961466727663019,0.5180858790856655,114.93476410555685,37.302005936820784
ISIC_0024720,kmeans,0.43342592592592594,0.3149156163212989,0.47898984910123604,0.7030666666666666,0.3149156163212989,1.0,1.0,0.6850843836787012,115.00217387195028,42.85527633679847
ISIC_0024720,watershed,0.43342592592592594,0.5869173253578295,0.7396948990086641,0.8209592592592593,0.5869173253578295,1.0,1.0,0.41308267464217047,105.54130751156833,34.051827502793934
ISIC_0024721,otsu,0.4497407407407407,0.40876224985588405,0.5803140308418973,0.7340962962962962,0.40876224985588405,1.0,1.0,0.591237750144116,107.7831097918643,59.97324766955974
ISIC_0024721,adaptive,0.4497407407407407,0.22474063957745435,0.3670011957062056,0.6509925925925926,0.2249608828131434,0.9991990307599111,0.9956626330368858,0.7760191056575805,152.22943142215863,69.04200569925852
ISIC_0024721,kmeans,0.4497407407407407,0.24015482170797992,0.38729813004674885,0.6582666666666667,0.24015482170797992,1.0,1.0,0.7598451782920201,129.06393655298518,87.88124580956617
ISIC_0024721,watershed,0.4497407407407407,0.2810096351807626,0.43873149344596374,0.6766407407407408,0.2810096351807626,1.0,1.0,0.7189903648192374,124.05240199303518,79.46045017589161
ISIC_0024722,otsu,0.3101,0.8252579042888528,0.904264435562475,0.9457962962962962,0.8255043176036404,0.9998657883858637,0.9996384252697348,0.17479427185973462,28.0,11.863641298126211
ISIC_0024722,adaptive,0.3101,0.16641589644383942,0.2853457277995045,0.7414592592592593,0.16644571046376916,0.9999194730315183,0.9989248082574725,0.8337334432142559,177.477457581952,69.08359157364232
ISIC_0024722,kmeans,0.3101,0.30112150202443655,0.462864538870377,0.7832777777777777,0.30112150202443655,1.0,1.0,0.6988784979755635,114.91388032334,60.90684255377618
ISIC_0024722,watershed,0.3101,0.6399727686409402,0.7804675551671401,0.8883555555555556,0.6399727686409402,1.0,1.0,0.3600272313590598,64.32774590140195,27.609684835602334
ISIC_0024723,otsu,0.4787851851851852,0.6679636734946469,0.8009331187593045,0.841025925925926,0.6679636734946469,1.0,1.0,0.33203632650535303,103.0,32.08668227457579
ISIC_0024723,adaptive,0.4787851851851852,0.1755683924379093,0.2986953265625205,0.6046148148148148,0.17586174887059844,0.9984651242112443,0.9905882352941177,0.8258091466056068,234.29329907063178,67.57906308028038
ISIC_0024723,kmeans,0.4787851851851852,0.1526316603750232,0.2648403052287538,0.5942925925925926,0.1526316603750232,1.0,1.0,0.8473683396249768,204.88301365245746,101.19537932340378
ISIC_0024723,watershed,0.4787851851851852,0.3784423541060709,0.549086950177896,0.7024074074074074,0.3784423541060709,1.0,1.0,0.621557645893929,152.08221460775746,61.75668346902011
ISIC_0024724,otsu,0.275,0.8398301554668709,0.9129431355078074,0.9558518518518518,0.8417643097643097,0.9991264367816092,0.997271508807761,0.16053872053872054,23.08679276123039,10.513483370956811
ISIC_0024724,adaptive,0.275,0.35831999246633395,0.5275929007210205,0.8233407407407407,0.3587205387205387,0.9995759897828863,0.9968934800509021,0.6423973063973064,97.25327712316786,37.29143536993733
ISIC_0024724,kmeans,0.275,0.7111245791245792,0.8311780308694934,0.9205592592592593,0.7111245791245792,1.0,1.0,0.2888754208754209,61.61777330976105,20.747331516033377
ISIC_0024724,watershed,0.275,0.5775757575757576,0.7322320399538993,0.8838333333333334,0.5775757575757576,1.0,1.0,0.4224242424242424,88.95841603841433,29.19046493737044
ISIC_0024725,otsu,0.1678,0.8333223067592899,0.9090843477842467,0.9720074074074074,0.8340396415485808,0.9998264306122994,0.9989689631470418,0.16682117158875204,14.866068747318506,8.998777723976183
ISIC_0024725,adaptive,0.1678,0.7962236714550102,0.8865529211181572,0.9657444444444444,0.7976647684633382,0.9996350592361166,0.9977361199304271,0.20414514633823336,27.665854959463196,10.870269712680972
ISIC_0024725,kmeans,0.1678,0.6242219573566415,0.768641200211994,0.9369444444444445,0.6242219573566415,1.0,1.0,0.3757780426433585,34.0,22.002606562383864
ISIC_0024725,watershed,0.1678,0.7192324658138509,0.8366901860166773,0.9528518518518518,0.7197722156005827,0.999848683097902,0.99895846097292,0.2809782368781177,26.30589287593181,16.113846323273773
ISIC_0024726,otsu,0.15838518518518518,0.7430268007462347,0.8525707125422578,0.9581666666666667,0.7637031147694322,0.9947631537256421,0.9648438654022276,0.2641240295575718,32.008987884919506,10.660242820142276
ISIC_0024726,adaptive,0.15838518518518518,0.6136797949195991,0.7605967390205508,0.9386037037037037,0.6157749508932747,0.9993574961713813,0.9944861966086332,0.387639135721635,56.89638909114569,14.627579994405558
ISIC_0024726,kmeans,0.15838518518518518,0.5443129735291367,0.7049257279568752,0.9278259259259259,0.5443129735291367,1.0,1.0,0.45568702647086334,83.81644149576152,26.0538750108102
ISIC_0024726,watershed,0.15838518518518518,0.6239594051070995,0.7684421213299351,0.9404407407407407,0.6239594051070995,1.0,1.0,0.3760405948929006,84.09069230345412,21.500078229410953
ISIC_0024727,otsu,0.15151111111111112,0.6396792803363646,0.7802492694853599,0.9454074074074074,0.6396792803363646,1.0,1.0,0.3603207196636355,48.03539927881399,20.125095042423844
ISIC_0024727,adaptive,0.15151111111111112,0.4730300078846065,0.6422544080604534,0.915837037037037,0.49863107460643397,0.9903357603059033,0.9020873872280205,0.5554903686320524,67.31157175703142,26.586358774600154
ISIC_0024727,kmeans,0.15151111111111112,0.4255402366285323,0.5970231154400165,0.912962962962963,0.4255402366285323,1.0,1.0,0.5744597633714676,67.09096606453573,31.723871773606877
ISIC_0024727,watershed,0.15151111111111112,0.40463967928033634,0.5761472999077635,0.9097962962962963,0.40463967928033634,1.0,1.0,0.5953603207196636,63.89053137985315,34.365075126056006
ISIC_0024728,otsu,0.20774444444444445,0.7023230108217005,0.8251348379326596,0.9381592592592592,0.7023230108217005,1.0,1.0,0.29767698917829954,36.069377593742864,18.54268875379823
ISIC_0024728,adaptive,0.20774444444444445,0.15847462159704764,0.27359187442289934,0.8251777777777778,0.15847462159704764,1.0,1.0,0.8415253784029524,142.86357128393507,54.88366976036567
ISIC_0024728,kmeans,0.20774444444444445,0.4346330070777843,0.605915247918479,0.8825481481481482,0.4346330070777843,1.0,1.0,0.5653669929222157,54.0,39.91274019828779
ISIC_0024728,watershed,0.20774444444444445,0.5578078479613485,0.7161446114054865,0.9081370370370371,0.5578078479613485,1.0,1.0,0.4421921520386515,47.43785136144332,28.954263322069007
ISIC_0024729,otsu,0.14625555555555556,0.6443566562840285,0.783718852989189,0.9479851851851852,0.6443566562840285,1.0,1.0,0.35564334371597156,41.61850222094935,16.671658268716865
ISIC_0024729,adaptive,0.14625555555555556,0.6203708356364002,0.7657146401215617,0.944037037037037,0.625288054901365,0.9986421472294164,0.9874825034993001,0.3826382030438856,46.287643007390734,15.535184747950332
ISIC_0024729,kmeans,0.14625555555555556,0.5709944541517891,0.7269210309976305,0.9372555555555555,0.5709944541517891,1.0,1.0,0.4290055458482109,44.35310754076885,20.73983959682233
ISIC_0024729,watershed,0.14625555555555556,0.5863911469016688,0.7392768776438662,0.9395074074074075,0.5863911469016688,1.0,1.0,0.4136088530983312,45.63655394772994,19.743829390031117
ISIC_0024730,otsu,0.06048148148148148,0.7540110226576853,0.8597563104423419,0.9851222222222222,0.7540110226576853,1.0,1.0,0.24598897734231476,16.727133323096126,8.117772201963499
ISIC_0024730,adaptive,0.06048148148148148,0.7566574839302111,0.8614741244119185,0.9852777777777778,0.7568891610532762,0.9999802893523081,0.9995956328346138,0.24341702388242498,17.46424919657298,7.677736530991547
ISIC_0024730,kmeans,0.06048148148148148,0.7222290263319044,0.8387142653961029,0.9832,0.7222290263319044,1.0,1.0,0.27777097366809556,17.423934657584788,9.274284661121461
ISIC_0024730,watershed,0.06048148148148148,0.6527862829148806,0.7899221934049648,0.979,0.6527862829148806,1.0,1.0,0.3472137170851194,23.037994840139604,11.578028383610649
ISIC_0024731,otsu,0.1301,0.5875125376128385,0.7401674301058284,0.9451666666666667,0.6003074558032283,0.9967429206422194,0.96499176276771,0.4214706635921086,53.072118793058976,19.209797461052734
ISIC_0024731,adaptive,0.1301,0.2765003897116134,0.433216302854526,0.903737037037037,0.2827739345802374,0.9966066767998024,0.9257222739981361,0.739915164972813,75.54501787969042,32.99052645523535
ISIC_0024731,kmeans,0.1301,0.2341503686622826,0.3794519284000738,0.9003629629629629,0.2341503686622826,1.0,1.0,0.7658496313377174,77.65112261307303,49.883828903755166
ISIC_0024731,watershed,0.1301,0.31650866854556325,0.4808303600389231,0.9110777777777778,0.31650866854556325,1.0,1.0,0.6834913314544367,68.16523242734985,40.543906047993374
ISIC_0024732,otsu,0.24468518518518517,0.8499205328085976,0.9188724788282944,0.9632777777777778,0.8499205328085976,1.0,1.0,0.15007946719140242,17.72004514666935,9.422212839416014
ISIC_0024732,adaptive,0.24468518518518517,0.7966004207849607,0.8867864123475097,0.9502296296296296,0.7966245364413835,0.9999901929536372,0.9999619995819954,0.20340573677438886,41.400483088968905,12.947023681754384
ISIC_0024732,kmeans,0.24468518518518517,0.5847271626428517,0.7379531018673289,0.8983888888888889,0.5847271626428517,1.0,1.0,0.41527283735714826,54.817880294662984,28.02841874739475
ISIC_0024732,watershed,0.24468518518518517,0.770725800348142,0.8705196481540053,0.9439,0.770725800348142,1.0,1.0,0.22927419965185802,30.13966552080566,14.516149297653385
ISIC_0024733,otsu,0.321262962962963,0.5553274903015251,0.7140971837305672,0.8395259259259259,0.6238111158506358,0.9416290605099886,0.834940669989353,0.4995100356232923,82.86132994346639,31.514760305967737
ISIC_0024733,adaptive,0.321262962962963,0.10223410261432637,0.18550342866700117,0.7114148148148148,0.1022930332829919,0.9997271621039076,0.9943965034181329,0.8982833953954877,309.2458568841303,106.16899265904723
ISIC_0024733,kmeans,0.321262962962963,0.13962255450133154,0.24503297859426212,0.7235925925925926,0.13962255450133154,1.0,1.0,0.8603774454986685,244.9579511564704,94.5624127402123
ISIC_0024733,watershed,0.321262962962963,0.11178104933076631,0.20108464593465164,0.7146481481481481,0.11178104933076631,1.0,1.0,0.8882189506692337,272.7067078375364,112.3453279523167
ISIC_0024734,otsu,0.09983333333333333,0.7344833982563532,0.8469189142942699,0.9734925925925926,0.7344833982563532,1.0,1.0,0.26551660174364683,21.972699040060082,11.127787642046195
ISIC_0024734,adaptive,0.09983333333333333,0.7215218036191041,0.8382371946753974,0.9721851851851852,0.7218697829716194,0.9999465119628053,0.9993323404036772,0.2786125023186793,25.495097567963924,10.611484439619373
ISIC_0024734,kmeans,0.09983333333333333,0.6940827304767204,0.8194201121233357,0.9694592592592592,0.6940827304767204,1.0,1.0,0.3059172695232795,24.098726770681235,13.03925355866194
ISIC_0024734,watershed,0.09983333333333333,0.6378408458542014,0.7788801304702365,0.9638444444444444,0.6378408458542014,1.0,1.0,0.3621591541457986,28.0,15.152268865913733
ISIC_0024735,otsu,0.22188518518518519,0.7307082408319284,0.8444037228142933,0.9402481481481482,0.7307082408319284,1.0,1.0,0.2692917591680716,32.67720144297778,17.349342365618202
ISIC_0024735,adaptive,0.22188518518518519,0.609634963993047,0.7574822585621722,0.9126666666666666,0.6146822681066284,0.9976391182868376,0.9867098952332467,0.39359695538232986,70.18546713570636,24.650000216558507
ISIC_0024735,kmeans,0.22188518518518519,0.6136974411190306,0.7606102922161883,0.9142851851851852,0.6136974411190306,1.0,1.0,0.3863025588809695,43.41658669218482,26.253207406753678
ISIC_0024735,watershed,0.22188518518518519,0.6198567827872273,0.7653229462924035,0.9156518518518518,0.6198567827872273,1.0,1.0,0.3801432172127727,43.55043715095953,25.034325670557976
ISIC_0024736,otsu,0.35895925925925926,0.5586211166025238,0.7168145107904144,0.841562962962963,0.5586211166025238,1.0,1.0,0.4413788833974762,80.43755160270209,35.93695571789123
ISIC_0024736,adaptive,0.35895925925925926,0.16059802515502636,0.2767504711781231,0.6986888888888889,0.16059802515502636,1.0,1.0,0.8394019748449736,148.93488502365528,60.66861412424904
ISIC_0024736,kmeans,0.35895925925925926,0.41478966972420267,0.5863623103850641,0.7899333333333334,0.41478966972420267,1.0,1.0,0.5852103302757973,97.01926626987391,54.29308595429278
ISIC_0024736,watershed,0.35895925925925926,0.4322372290263003,0.6035832895087565,0.7961962962962963,0.4322372290263003,1.0,1.0,0.5677627709736996,100.4161340580928,51.80543177310155
ISIC_0024737,otsu,0.0870962962962963,0.7841469637693486,0.8790161121174563,0.9812,0.7841469637693486,1.0,1.0,0.21585303623065147,15.652475842498529,8.660720474162488
ISIC_0024737,adaptive,0.0870962962962963,0.7649985118414898,0.8668545686685457,0.9795296296296296,0.7650961047797245,0.999987828824589,0.9998332870241734,0.23503146793672394,18.102468886379334,9.031544693335304
ISIC_0024737,kmeans,0.0870962962962963,0.7256336111583602,0.8410054213898472,0.9761037037037037,0.7256336111583602,1.0,1.0,0.2743663888416397,20.58396270664491,11.253612985708223
ISIC_0024737,watershed,0.0870962962962963,0.6967171287633951,0.8212531328320802,0.9735851851851852,0.6967171287633951,1.0,1.0,0.30328287123660486,22.032916518869623,12.503832531010664
ISIC_0024738,otsu,0.16074074074074074,0.7300460829493087,0.8439614298652176,0.9566074074074075,0.7300460829493087,1.0,1.0,0.2699539170506912,24.515301344262525,14.818085559674374
ISIC_0024738,adaptive,0.16074074074074074,0.31323974676575833,0.47704883672186127,0.8891111111111111,0.31465437788018435,0.999135039717564,0.9858504187120993,0.6898617511520737,94.81982013971157,30.688440723745515
ISIC_0024738,kmeans,0.16074074074074074,0.6850230414746544,0.8130726104198004,0.9493703703703704,0.6850230414746544,1.0,1.0,0.31497695852534563,27.93731400330602,17.73958951277081
ISIC_0024738,watershed,0.16074074074074074,0.6097926267281106,0.7576039504759179,0.9372777777777778,0.6097926267281106,1.0,1.0,0.3902073732718894,40.01249804748511,21.849208204541103
ISIC_0024739,otsu,0.6058407407407408,0.15951860219188618,0.27514625792176434,0.4819148148148148,0.16230276872665472,0.9731730922826832,0.9029043667528227,0.8551507852570961,231.62469643800938,91.58777488831603
ISIC_0024739,adaptive,0.6058407407407408,0.09484006965447714,0.17324917544241492,0.45132222222222224,0.09489109104580717,0.9991731110756134,0.9943625880845611,0.9056468818965991,319.3105854741779,104.1957780610534
ISIC_0024739,kmeans,0.6058407407407408,0.05662776551715706,0.10718583661189539,0.42846666666666666,0.05662776551715706,1.0,1.0,0.9433722344828429,394.8166662446918,158.7160883987006
ISIC_0024739,watershed,0.6058407407407408,0.09425694181098049,0.17227570273392376,0.4426962962962963,0.09572861710387157,0.9760014282626875,0.85977049360347,0.9198848248836939,332.6289207238425,132.58049872396478
ISIC_0024740,otsu,0.09902962962962963,0.6471356596379921,0.785770930100827,0.9649814814814814,0.6485152217817338,0.9997656847349771,0.9967235730298327,0.35361657566010923,51.89219580191146,14.198704609957073
ISIC_0024740,adaptive,0.09902962962962963,0.39534190422955096,0.5666595449204145,0.9399037037037037,0.39677612386865135,0.9996012529700488,0.9909396600037362,0.6068516717779938,83.52074952030173,27.13884999477628
ISIC_0024740,kmeans,0.09902962962962963,0.3776273468471838,0.5482285869417673,0.9383666666666667,0.3776273468471838,1.0,1.0,0.6223726531528162,82.08836651148839,31.23054652528289
ISIC_0024740,watershed,0.09902962962962963,0.3726624612743085,0.5429775662814412,0.9377518518518518,0.3734011519186177,0.9997821279114699,0.9947195377104713,0.6285810457027452,90.00638858886421,31.257719287903935
ISIC_0024741,otsu,0.25055555555555553,0.3192866420003711,0.4840292197854017,0.7690037037037037,0.43243163340724317,0.881527057079318,0.5496082815112631,0.9219364375461937,115.36463929644994,43.63839774564323
ISIC_0024741,adaptive,0.25055555555555553,0.17134633458646617,0.2925630610300386,0.7910074074074074,0.1724759793052476,0.9977958981961947,0.9631830939408949,0.8341167775314117,113.84199576606166,58.14906535435448
ISIC_0024741,kmeans,0.25055555555555553,0.26670707010982836,0.4211029943753355,0.8162666666666667,0.2667110125646711,0.9999950580677045,0.9999445799157615,0.7333037694013304,99.52837774233933,52.52774141855769
ISIC_0024741,watershed,0.25055555555555553,0.28886490960961403,0.4482469923044281,0.8218185185185185,0.2888691796008869,0.9999950580677045,0.9999488307834007,0.7111456023651146,100.4987562112089,49.36451693897564
ISIC_0024742,otsu,0.08236666666666667,0.7602748955666352,0.8638138253081222,0.9802333333333333,0.76109537299339,0.9999031324542603,0.9985840707964602,0.23998381222177256,17.46424919657298,8.661579775074124
ISIC_0024742,adaptive,0.08236666666666667,0.5970526823000322,0.7476931586754834,0.9628333333333333,0.6686002068438329,0.9892436662751604,0.8480095813847383,0.45123431808984216,45.0,16.886335273010673
ISIC_0024742,kmeans,0.08236666666666667,0.6142362516300194,0.7610239839549848,0.9682259259259259,0.6142362516300194,1.0,1.0,0.3857637483699807,29.206163733020468,15.72784993267325
ISIC_0024742,watershed,0.08236666666666667,0.6165295202122397,0.7627816411682893,0.9684148148148148,0.6165295202122397,1.0,1.0,0.3834704797877602,25.059928172283335,14.786936511205337
ISIC_0024743,otsu,0.33266296296296294,0.2325035740399201,0.37728665285377816,0.7395259259259259,0.2371992562820784,0.9899323458078265,0.9215363986331588,0.7829969160199958,192.0911238741624,57.1837727403319
ISIC_0024743,adaptive,0.33266296296296294,0.051269205076820305,0.09753772835583796,0.6843888888888889,0.05126977588260836,0.9999944500252523,0.9997828918801563,0.948741357619212,283.6772167012165,116.79886313796375
ISIC_0024743,kmeans,0.33266296296296294,0.09712866988053752,0.1770597607135971,0.6996481481481481,0.09712866988053752,1.0,1.0,0.9028713301194625,270.7557924359305,108.48817984362879
ISIC_0024743,watershed,0.33266296296296294,0.11209850343745165,0.20159815536296413,0.702474074074074,0.11291597546176199,0.9963647665403123,0.9393350004630916,0.8943764682305525,272.427510909728,101.01900101270147
ISIC_0024744,otsu,0.23406296296296297,0.4911783787205089,0.6587788365627454,0.8809037037037037,0.4911783787205089,1.0,1.0,0.5088216212794912,68.35458704388307,35.359996817870226
ISIC_0024744,adaptive,0.23406296296296297,0.2559456936246974,0.407574459507131,0.8258444444444445,0.2559456936246974,1.0,1.0,0.7440543063753027,86.24875714161404,45.903642921382534
ISIC_0024744,kmeans,0.23406296296296297,0.1878728420652879,0.3163181031037698,0.8099111111111111,0.1878728420652879,1.0,1.0,0.8121271579347121,152.22907955465348,70.41830966395847
ISIC_0024744,watershed,0.23406296296296297,0.3038593604126778,0.46609223300970876,0.8370592592592593,0.3038593604126778,1.0,1.0,0.6961406395873222,140.171670066381,57.12969082356116
ISIC_0024745,otsu,0.31103333333333333,0.8879958084759285,0.940675614309501,0.965162962962963,0.8879958084759285,1.0,1.0,0.1120041915240715,14.866068747318506,7.766317280844719
ISIC_0024745,adaptive,0.31103333333333333,0.3652502113371989,0.5350670643433973,0.8025481481481481,0.3652937043784756,0.9999462426285204,0.9996741291100466,0.6348253730099191,130.38903147180312,42.731206537231294
ISIC_0024745,kmeans,0.31103333333333333,0.8645256552233297,0.9273411205701841,0.9578629629629629,0.8645256552233297,1.0,1.0,0.13547434477667036,18.417363873091553,9.65333183644617
ISIC_0024745,watershed,0.31103333333333333,0.8340775670108003,0.909533579182465,0.9483925925925926,0.8340775670108003,1.0,1.0,0.16592243298919968,25.079872407968907,11.771257664231758
ISIC_0024746,otsu,0.47738148148148146,0.7529779988413006,0.8590843688158218,0.8705074074074074,0.8268486263800207,0.9103871530115444,0.893935581278309,0.2712560030412823,103.22184485982922,26.761675673909707
ISIC_0024746,adaptive,0.47738148148148146,0.17554879613002528,0.2986669659446585,0.5833925925925926,0.18582079709526506,0.9465511987357113,0.760518210395961,0.8726928537624231,96.04266445659478,31.34339024316303
ISIC_0024746,kmeans,0.47738148148148146,0.2990921254545042,0.46046330293913984,0.6565888888888889,0.3069677949927459,0.9759473307490061,0.9209962756052141,0.7193641237305362,152.01513058251425,41.15821102765266
ISIC_0024746,watershed,0.47738148148148146,0.2808801705499936,0.43857368863691165,0.6464407407407408,0.2892787040413366,0.9726873932547642,0.906319883325231,0.7406220663651245,175.99687159137375,45.88212204670641
ISIC_0024747,otsu,0.07785925925925925,0.6282465988012558,0.7716848286540653,0.9710555555555556,0.6282465988012558,1.0,1.0,0.37175340119874417,30.42529889083673,14.531953276346718
ISIC_0024747,adaptive,0.07785925925925925,0.5812294965054914,0.7351614649106982,0.9673777777777778,0.581533631433736,0.9999558193896649,0.9991010134030729,0.4189896299115213,34.46006033413328,15.0763894997482
ISIC_0024747,kmeans,0.07785925925925925,0.6314813052992103,0.7741201854389597,0.9713074074074074,0.6314813052992103,1.0,1.0,0.36851869470078963,30.482730087564924,14.49425471538943
ISIC_0024747,watershed,0.07785925925925925,0.45152697174388734,0.6221406567477223,0.9572962962962963,0.45152697174388734,1.0,1.0,0.5484730282561127,42.38824799010553,24.312531601491653
ISIC_0024748,otsu,0.14127407407407408,0.6891656935253665,0.8159835310022737,0.9556370370370371,0.6962300755033557,0.9983136084466221,0.9854905744396616,0.3140205536912752,31.25699921617557,14.738893310323409
ISIC_0024748,adaptive,0.14127407407407408,0.4714798461022026,0.6408240620503282,0.9241925925925926,0.4786860318791946,0.9974855082464978,0.969058486360259,0.5365981543624161,75.16149186184195,27.614457234666535
ISIC_0024748,kmeans,0.14127407407407408,0.44607277684563756,0.6169437444478689,0.9217444444444445,0.44607277684563756,1.0,1.0,0.5539272231543624,51.06073445635606,29.936646706452546
ISIC_0024748,watershed,0.14127407407407408,0.48196308724832215,0.6504387206340221,0.9268148148148149,0.48196308724832215,1.0,1.0,0.5180369127516778,49.0,27.96785165909711
ISIC_0024749,otsu,0.22463333333333332,0.7909699503210954,0.8832866795774945,0.9488851851851852,0.8610410380702709,0.9743347233566915,0.9067122716855337,0.2275477733260787,52.76995560018454,14.761896490948553
ISIC_0024749,adaptive,0.22463333333333332,0.18835802692947903,0.317005519651624,0.8176,0.18843877265007997,0.9998758054731572,0.9977302487996508,0.811989909482119,152.72706912959734,54.10790579207729
ISIC_0024749,kmeans,0.22463333333333332,0.6558454327947297,0.792157794206427,0.9222185185185185,0.6598572158744291,0.9982278396362055,0.9908150128738364,0.3462597483965639,58.74519037383658,21.07836076288801
ISIC_0024749,watershed,0.22463333333333332,0.5295978384434157,0.692466771504276,0.8942518518518519,0.5299995053667705,0.9997802712217397,0.9985710291696437,0.4707589322517353,69.6419413859206,30.773876067108958
ISIC_0024750,otsu,0.11434444444444444,0.7661490976662152,0.8675927742211602,0.9725,0.7879376801736144,0.9963283108975566,0.9651642596413268,0.24050140899815373,26.920251253214985,9.675024572433614
ISIC_0024750,adaptive,0.11434444444444444,0.481550910738276,0.6500632644453816,0.9385407407407408,0.4992388170893661,0.9952577500658646,0.9314679398078202,0.5374923071939883,55.0068164921976,19.729740007156316
ISIC_0024750,kmeans,0.11434444444444444,0.4934084799015321,0.660781677005162,0.9420740740740741,0.4934084799015321,1.0,1.0,0.5065915200984679,47.50893801441194,23.8642493516876
ISIC_0024750,watershed,0.11434444444444444,0.5691380818190652,0.7254149120634135,0.9507333333333333,0.5691380818190652,1.0,1.0,0.4308619181809348,41.00914498161482,19.593507444750756
ISIC_0024751,otsu,0.4303888888888889,0.7871361365564401,0.8808910753415133,0.9079962962962963,0.7904823372488275,0.9967879319873858,0.9946509009009009,0.2137687707069403,71.44506601804764,18.389893309652
ISIC_0024751,adaptive,0.4303888888888889,0.15840708716980811,0.273491225881265,0.6333740740740741,0.16033733488232005,0.9907929386521018,0.9293695131683959,0.8518480271933222,152.08416234910808,75.18371386827069
ISIC_0024751,kmeans,0.4303888888888889,0.5189621789079644,0.6833115216615395,0.7929666666666667,0.5189621789079644,1.0,1.0,0.48103782109203563,103.97112134131959,39.04358219097932
ISIC_0024751,watershed,0.4303888888888889,0.6100081752076072,0.7577702829104553,0.8321518518518518,0.6100081752076072,1.0,1.0,0.38999182479239275,90.769737812845,31.683539615765877
ISIC_0024752,otsu,0.5412814814814815,0.8633079249517606,0.9266401042909865,0.9260111111111111,0.8633079249517606,1.0,1.0,0.13669207504823944,21.18962010041709,12.794416011890375
ISIC_0024752,adaptive,0.5412814814814815,0.7880842637167538,0.8814844800195527,0.8850592592592592,0.789696604765098,0.9975858672307717,0.9974159536772967,0.21234929454107537,77.85851761401119,22.241289781296
ISIC_0024752,kmeans,0.5412814814814815,0.6877711329766124,0.815005209579139,0.8309962962962963,0.6877711329766124,1.0,1.0,0.3122288670233876,53.94807682497071,31.01139018003546
ISIC_0024752,watershed,0.5412814814814815,0.7878833495271852,0.8813587863386556,0.8851851851851852,0.7878833495271852,1.0,1.0,0.21211665047281486,37.547267206248044,20.126227797294657
ISIC_0024753,otsu,0.11772962962962963,0.6878598169062824,0.8150674718556624,0.9632518518518518,0.6878598169062824,1.0,1.0,0.31214018309371755,22.67156809750927,14.651204728856724
ISIC_0024753,adaptive,0.11772962962962963,0.6075782330023878,0.7558925849196733,0.9537407407407408,0.6083619089564917,0.9998278851280157,0.9978843077558182,0.39292792651083774,34.14307599413155,17.114012073964073
ISIC_0024753,kmeans,0.11772962962962963,0.4665114669518986,0.6362193238373091,0.9371925925925926,0.4665114669518986,1.0,1.0,0.5334885330481014,39.89484480934957,28.258359083549937
ISIC_0024753,watershed,0.11772962962962963,0.4923710951017712,0.6598507525612378,0.940237037037037,0.4923710951017712,1.0,1.0,0.5076289048982289,43.367607456443025,26.12352659622885
ISIC_0024754,otsu,0.36922962962962963,0.7892731009437916,0.8822276493481873,0.9217703703703704,0.793564177667215,0.996817530591634,0.9931955708438999,0.2118725675079244,44.386934500344765,16.607145817276237
ISIC_0024754,adaptive,0.36922962962962963,0.48248304968834876,0.6509120624209195,0.8038074074074074,0.49538578822774143,0.9843460084082956,0.9487819872435257,0.531356578261044,98.19620981193533,37.55444314090797
ISIC_0024754,kmeans,0.36922962962962963,0.3704613841524574,0.5406374647784242,0.767537037037037,0.37049111262689083,0.9999530262817954,0.999783450180007,0.6295891345343658,113.52508703716425,55.135450360103064
ISIC_0024754,watershed,0.36922962962962963,0.6683264342991981,0.8011938437934506,0.8771407407407408,0.6704850940897966,0.9981093078422623,0.995205764993151,0.3327448541507844,70.00678536811112,26.96741612078212
ISIC_0024755,otsu,0.15732962962962962,0.6113070880955741,0.7587716737696305,0.9387851851851852,0.6119258927940865,0.9998110064565469,0.9983485040519261,0.38908637208973845,48.76922069250158,19.056633358705565
ISIC_0024755,adaptive,0.15732962962962962,0.38976504666881234,0.5609078276980083,0.9016888888888889,0.39911485675274844,0.9955212925400293,0.9433038446558727,0.6248734668895218,81.11588946272617,31.69485952593554
ISIC_0024755,kmeans,0.15732962962962962,0.5464900101193138,0.7067488396865251,0.928625925925926,0.5466701193530921,0.9999384672184106,0.9993974866586331,0.45365945526024626,53.55148230120879,22.478867060803044
ISIC_0024755,watershed,0.15732962962962962,0.4227029826502507,0.5942252006287747,0.909174074074074,0.4227029826502507,1.0,1.0,0.5772970173497493,62.294863234004964,30.507502792482605
ISIC_0024756,otsu,0.22462222222222222,0.7259266587521436,0.8412022087624434,0.9384370370370371,0.7259266587521436,1.0,1.0,0.2740733412478565,34.77785982720892,16.846470949702592
ISIC_0024756,adaptive,0.22462222222222222,0.0018175881584675663,0.0036285810509848228,0.6603222222222223,0.0027535945125972826,0.8508158508158508,0.005318640721042071,1.512218045112782,246.61255013090022,115.53328884989185
ISIC_0024756,kmeans,0.22462222222222222,0.5695983379501385,0.7257886609309508,0.9033222222222222,0.5695983379501385,1.0,1.0,0.4304016620498615,52.783044780514494,27.58027961869567
ISIC_0024756,watershed,0.22462222222222222,0.5614859517214088,0.7191687521779073,0.9015,0.5614859517214088,1.0,1.0,0.4385140482785912,52.80672284672332,29.210611858202967
ISIC_0024757,otsu,0.19634074074074073,0.9153925911961542,0.9558276411881655,0.9833777777777778,0.9159624236022033,0.9998479178572087,0.9993208479110928,0.08466007696370632,11.0,4.5838276512479235
ISIC_0024757,adaptive,0.19634074074074073,0.8599360180654874,0.9246941934700568,0.9724333333333334,0.8620123745567041,0.999410105627961,0.9972067648663393,0.14040217309288464,21.93740874962102,7.332999815681411
ISIC_0024757,kmeans,0.19634074074074073,0.7299102090092809,0.843870630056921,0.9469703703703704,0.7299102090092809,1.0,1.0,0.27008979099071906,28.30194339616981,15.247329555831726
ISIC_0024757,watershed,0.19634074074074073,0.8332453626903936,0.909038560411311,0.967237037037037,0.8338112125556478,0.999834092207864,0.9991862199918622,0.16686787897079908,21.0,9.108004078417817
ISIC_0024758,otsu,0.08818518518518519,0.695810488427573,0.8206229330174244,0.9730814814814814,0.6982360352792945,0.9996628620171413,0.99503231984678,0.3052498950021,24.300146809349762,11.415307197885614
ISIC_0024758,adaptive,0.08818518518518519,0.24481310373792525,0.3933331084044671,0.9334037037037037,0.24481310373792525,1.0,1.0,0.7551868962620748,76.6797785749512,31.17160437197334
ISIC_0024758,kmeans,0.08818518518518519,0.4562405509826978,0.6266005306263698,0.9520444444444445,0.4562788744225115,0.9999918761931841,0.999815939628198,0.543805123897522,40.24922359499622,22.15534513555898
ISIC_0024758,watershed,0.08818518518518519,0.4882402351952961,0.6561309439819387,0.9548703703703704,0.4882402351952961,1.0,1.0,0.5117597648047039,41.24196074616912,20.471769621882533
ISIC_0024759,otsu,0.15152962962962963,0.6942292180969374,0.8195221882393675,0.9536666666666667,0.6942292180969374,1.0,1.0,0.3057707819030626,31.069274057837124,15.664496291775224
ISIC_0024759,adaptive,0.15152962962962963,0.6297753770195292,0.7728370251503471,0.9439,0.6297753770195292,1.0,1.0,0.37022462298047076,50.485462052697336,17.812337567280036
ISIC_0024759,kmeans,0.15152962962962963,0.46992398504142935,0.6393854237682701,0.9196777777777778,0.46992398504142935,1.0,1.0,0.5300760149585706,52.39942729532261,31.04409489869288
ISIC_0024759,watershed,0.15152962962962963,0.5011365580622296,0.6676761755894229,0.9244074074074075,0.5011365580622296,1.0,1.0,0.4988634419377704,54.22960412580727,28.02632623450143
ISIC_0024760,otsu,0.14162592592592593,0.22297349609022168,0.36464158348983944,0.8884851851851852,0.22594733125866262,0.9977994571994425,0.9442622950819672,0.7873898376003556,129.46988333059812,43.921738623203986
ISIC_0024760,adaptive,0.14162592592592593,0.1188885796456072,0.21251191907466524,0.8592962962962963,0.13405162268887785,0.9789567701209435,0.512446266120164,0.9934883234394205,199.44924166313595,80.65527158972279
ISIC_0024760,kmeans,0.14162592592592593,0.11637333612280656,0.20848462133102205,0.8748555555555556,0.11637333612280656,1.0,1.0,0.8836266638771935,147.3428470525837,54.20843557801161
ISIC_0024760,watershed,0.14162592592592593,0.13133188629409764,0.23217216430503224,0.8769740740740741,0.13133188629409764,1.0,1.0,0.8686681137059024,147.49745313303225,50.70221508409828
ISIC_0024761,otsu,0.15338518518518518,0.6073498164960401,0.7557157878924441,0.9397703703703704,0.6073791471483073,0.9999912505577769,0.9999204961043091,0.3926691456995219,35.12833614050059,16.153470849043867
ISIC_0024761,adaptive,0.15338518518518518,0.11715844883372772,0.20974365624864913,0.8645851851851852,0.11715844883372772,1.0,1.0,0.8828415511662723,103.46859413495355,55.15389333714551
ISIC_0024761,kmeans,0.15338518518518518,0.2598155213212923,0.412465979223368,0.8864666666666666,0.2598155213212923,1.0,1.0,0.7401844786787077,94.96840792026971,39.372151958121655
ISIC_0024761,watershed,0.15338518518518518,0.0,0.0,0.8129814814814815,0.0,0.9602731575862039,0.0,1.2192736755686482,385.3530796026446,213.19250446782556
ISIC_0024762,otsu,0.015048148148148147,0.0,0.0,0.9638925925925926,0.0,0.9786189962284301,0.0,2.399458528181147,342.4332050885736,293.42693795070755
ISIC_0024762,adaptive,0.015048148148148147,0.8278590266123231,0.9058237145855194,0.9973407407407407,0.8498646320452867,0.9995938887781692,0.9696714406065712,0.17671671178931825,6.8832815729997545,2.704356066487866
ISIC_0024762,kmeans,0.015048148148148147,0.0,0.0,0.9662740740740741,0.0,0.9810368621139594,0.0,2.2412010829436375,346.4882393140427,297.7669475563
ISIC_0024762,watershed,0.015048148148148147,0.0,0.0,0.9692555555555555,0.0,0.9840638948322347,0.0,2.043071621954221,347.2288094728612,301.62190735338044
ISIC_0024763,otsu,0.5136740740740741,0.5988600139054691,0.7491087508563786,0.7734925925925926,0.6583004066564763,0.8951625186584214,0.8689788420722016,0.44095549851469446,86.05985990545102,28.642314276954146
ISIC_0024763,adaptive,0.5136740740740741,0.3968360530426402,0.568192741271586,0.6639148148148148,0.4304646266547458,0.9104928869528133,0.8355188580225317,0.6542771032215269,121.0,48.407807733185955
ISIC_0024763,kmeans,0.5136740740740741,0.16527281116622447,0.28366372163239045,0.5711851851851852,0.16528711100856575,0.9999086118134463,0.9994768050226718,0.8347994116459493,165.2246952646008,84.6593304319691
ISIC_0024763,watershed,0.5136740740740741,0.0,0.0,0.4691666666666667,0.0,0.9647165443080391,0.0,1.0334049548640152,510.4488704878596,263.03465951760404
ISIC_0024764,otsu,0.1433962962962963,0.741504854368932,0.8515679442508711,0.9629222222222222,0.7417155254797634,0.9999524392194844,0.9996170983013088,0.25856858744220884,31.32091952673165,13.620885582323316
ISIC_0024764,adaptive,0.1433962962962963,0.14288297130459487,0.2500395489163597,0.8770925925925926,0.14288297130459487,1.0,1.0,0.8571170286954051,85.85801497170375,52.02812311665395
ISIC_0024764,kmeans,0.1433962962962963,0.6843763721362709,0.8126169227466495,0.9547407407407408,0.6843763721362709,1.0,1.0,0.3156236278637291,39.354772297795414,16.86776558927131
ISIC_0024764,watershed,0.1433962962962963,0.4447658651238474,0.6156926542360155,0.9203814814814815,0.4447658651238474,1.0,1.0,0.5552341348761526,67.93894249491309,33.35380718528881
ISIC_0024765,otsu,0.14937037037037038,0.7227870071906769,0.83909038572251,0.9585925925925926,0.7227870071906769,1.0,1.0,0.2772129928093231,30.961209424259856,14.462695702027371
ISIC_0024765,adaptive,0.14937037037037038,0.3141051065939514,0.4780517251136557,0.8975222222222222,0.3141829903297793,0.9999564592676449,0.9992114186578346,0.6860649640466154,85.4716320722067,35.57387892988183
ISIC_0024765,kmeans,0.14937037037037038,0.4991569551202579,0.6659168720332115,0.9251888888888888,0.4991569551202579,1.0,1.0,0.5008430448797421,55.35521466903095,28.831773345168816
ISIC_0024765,watershed,0.14937037037037038,0.5128688321348872,0.6780083259579769,0.9272370370370371,0.5128688321348872,1.0,1.0,0.48713116786511285,59.052941323845644,26.986096880966926
ISIC_0024766,otsu,0.08275185185185185,0.8265676050664638,0.9050501090392297,0.9856481481481482,0.8265676050664638,1.0,1.0,0.17343239493353624,11.40175425099138,6.5433426820406595
ISIC_0024766,adaptive,0.08275185185185185,0.8339514723624827,0.9094586033819014,0.986237037037037,0.8352951707469901,0.9998546376641888,0.9980747633563292,0.1663160721478763,11.180339887498949,6.108791528334637
ISIC_0024766,kmeans,0.08275185185185185,0.7849885870294947,0.8795446567373753,0.9822074074074074,0.7849885870294947,1.0,1.0,0.2150114129705053,15.47875146516368,8.392294235780597
ISIC_0024766,watershed,0.08275185185185185,0.7443047039341181,0.853411336053165,0.9788407407407408,0.7443047039341181,1.0,1.0,0.2556952960658819,20.12461179749811,10.104021374078913
ISIC_0024767,otsu,0.11824074074074074,0.0,0.0,0.8205037037037037,0.0,0.9305302950750813,0.0,1.5180579483163665,363.4239939613014,214.45509659575674
ISIC_0024767,adaptive,0.11824074074074074,0.2862914005643844,0.4451423688889915,0.9110111111111111,0.3018950665622553,0.9926913787671953,0.847073299349622,0.7526076742364918,68.24441337231255,28.32986314013512
ISIC_0024767,kmeans,0.11824074074074074,0.0,0.0,0.8276962962962963,0.0,0.9386873884280164,0.0,1.4572278778386845,367.6424872100296,218.82536383913313
ISIC_0024767,watershed,0.11824074074074074,0.0,0.0,0.8575333333333334,0.0,0.9725254646644965,0.0,1.204886452623336,391.37079604502327,259.0661577123365
ISIC_0024768,otsu,0.8300962962962963,0.32857620842720436,0.4946290718485462,0.44258148148148146,0.3286187233966608,0.9993678336312508,0.999606411422212,0.6715106681063331,205.6692661007627,90.83231916015102
ISIC_0024768,adaptive,0.8300962962962963,0.354361308169366,0.5232891784960122,0.46404814814814815,0.3543676324924373,0.9999128046387932,0.9999496392914249,0.6456502146114239,181.93569535216236,86.56795393300027
ISIC_0024768,kmeans,0.8300962962962963,0.16702212148523599,0.28623642758831624,0.3085481481481481,0.16702212148523599,1.0,1.0,0.832977878514764,359.23457055181666,111.04331385571845
ISIC_0024768,watershed,0.8300962962962963,0.16898084113400497,0.2891079736945561,0.31017407407407405,0.16898084113400497,1.0,1.0,0.831019158865995,359.9240737970998,110.96982579056527
ISIC_0024769,otsu,0.43146296296296294,0.8534869277431321,0.9209527350509739,0.9362185185185186,0.8611356710588437,0.9931989186019999,0.9897002821570213,0.14782608695652175,40.07300486466258,14.428310571593654
ISIC_0024769,adaptive,0.43146296296296294,0.7819615152125731,0.8776413054232449,0.9038111111111111,0.799527876732907,0.9829516953845152,0.9726706906994715,0.22293660672131851,74.54528824815154,23.185135943132682
ISIC_0024769,kmeans,0.43146296296296294,0.6928108502510837,0.8185330926350378,0.8674592592592593,0.6928108502510837,1.0,1.0,0.30718914974891626,54.12116030093505,29.166131037897863
ISIC_0024769,watershed,0.43146296296296294,0.7505936002605841,0.8575303830070609,0.892237037037037,0.7516631615090776,0.9989186019999349,0.9981078524124882,0.24976179235160306,48.76474136094644,22.443589240063726
ISIC_0024770,otsu,0.09848148148148148,0.0,0.0,0.8693925925925926,0.0,0.9643646522328582,0.0,1.3262128619781872,320.47300911253876,183.6326062567069
ISIC_0024770,adaptive,0.09848148148148148,0.26089080999812064,0.4138198294878674,0.9271703703703704,0.2610379842045882,0.9999383755802966,0.9978435882691202,0.7395261376457315,68.83309933455065,27.65636697465716
ISIC_0024770,kmeans,0.09848148148148148,0.0,0.0,0.887762962962963,0.0,0.9847417936814429,0.0,1.13967657013915,418.9868724411744,337.0869936402229
ISIC_0024770,watershed,0.09848148148148148,0.0,0.0,0.8894814814814814,0.0,0.9866480423976007,0.0,1.122226400902595,383.37733563941333,242.46614309668422
ISIC_0024771,otsu,0.4238296296296296,0.41305916305916307,0.5846310952259383,0.6384444444444445,0.600346050998829,0.6664695370453698,0.5697178776972451,0.8530681440830522,148.60013458944107,56.62652307887262
ISIC_0024771,adaptive,0.4238296296296296,0.3905497164355494,0.5617198893638421,0.6772148148148148,0.48804551094954296,0.816367329622154,0.6615925890826384,0.7615918345946134,123.00987820068033,50.88897280667206
ISIC_0024771,kmeans,0.4238296296296296,0.044805226463848664,0.08576761549230051,0.5646222222222222,0.048184979988464965,0.944512297031485,0.38979216739714406,1.027247146826992,259.4604942064536,94.30896156622538
ISIC_0024771,watershed,0.4238296296296296,0.05631534671313544,0.10662601256029854,0.5637555555555556,0.061424052292150935,0.9332694804777394,0.40373348650201035,1.0292919936382543,267.6915589917057,102.3329831412164
ISIC_0024772,otsu,0.15722592592592594,0.6891389186845288,0.8159647629470499,0.9495518518518519,0.7113142211019764,0.9939968973715552,0.956720106457132,0.3208640550281501,36.40054944640259,15.748939397294919
ISIC_0024772,adaptive,0.15722592592592594,0.1458387317142117,0.25455367789153405,0.8657037037037038,0.1458387317142117,1.0,1.0,0.8541612682857883,91.03828529517386,56.72157260477354
ISIC_0024772,kmeans,0.15722592592592594,0.40083861393135617,0.5722837876469302,0.9057962962962963,0.40083861393135617,1.0,1.0,0.5991613860686439,53.031977133166215,35.720309309708995
ISIC_0024772,watershed,0.15722592592592594,0.5093166238722292,0.6748969908852541,0.9228518518518518,0.5093166238722292,1.0,1.0,0.49068337612777085,50.00849915016995,28.43532376933611
ISIC_0024773,otsu,0.47367777777777775,0.30727225854836065,0.470096808892076,0.6715777777777778,0.30754615186132156,0.9991977875825963,0.9971100463913606,0.6933452182683962,132.89544476343747,61.31208040272103
ISIC_0024773,adaptive,0.47367777777777775,0.2866502138129859,0.44557597820389494,0.6435074074074074,0.30242468313355697,0.9504739386518609,0.8460495231428822,0.7526056938221795,130.1606690722315,53.06453740917282
ISIC_0024773,kmeans,0.47367777777777775,0.19213717717154183,0.3223407185864389,0.6173333333333333,0.19213717717154183,1.0,1.0,0.8078628228284581,178.27226368675525,89.92733090764045
ISIC_0024773,watershed,0.47367777777777775,0.1470760714034388,0.25643647369174455,0.5959888888888889,0.1470760714034388,1.0,1.0,0.8529239285965612,198.65548066942426,109.1229885750972
ISIC_0024774,otsu,0.29583333333333334,0.709164842039412,0.8298378536656784,0.9139074074074074,0.7096087636932707,0.9997370151216305,0.9991186321170457,0.29101721439749606,75.98025034331053,22.295512225039683
ISIC_0024774,adaptive,0.29583333333333334,0.22480532812539122,0.3670874431440691,0.770662962962963,0.22481377151799686,0.9999842209072979,0.9998329621380846,0.7752237871674491,114.92865787322853,40.359984934774225
ISIC_0024774,kmeans,0.29583333333333334,0.5955680751173709,0.7465279412457041,0.8803555555555556,0.5955680751173709,1.0,1.0,0.40443192488262913,85.19621070515362,27.485210903462832
ISIC_0024774,watershed,0.29583333333333334,0.5077433489827856,0.6735142944922818,0.8543740740740741,0.5077433489827856,1.0,1.0,0.4922566510172144,89.76411272024949,32.80955889335961
ISIC_0024775,otsu,0.1059962962962963,0.6966351025542472,0.8211961446577148,0.9678444444444444,0.6966351025542472,1.0,1.0,0.30336489744575285,28.635642126552707,14.16791873802149
ISIC_0024775,adaptive,0.1059962962962963,0.601609868283504,0.7512564454017362,0.9576555555555556,0.6032705545267131,0.9996727165766982,0.995445110701107,0.3994898494007478,56.515484603779164,18.367756127988777
ISIC_0024775,kmeans,0.1059962962962963,0.6080226423005696,0.7562364189482833,0.9584518518518519,0.6080226423005696,1.0,1.0,0.39197735769943043,32.35649629635503,18.65367618203968
ISIC_0024775,watershed,0.1059962962962963,0.5657080960201265,0.7226226874065478,0.9539666666666666,0.5657080960201265,1.0,1.0,0.4342919039798735,34.058772731852805,21.064587329604503
ISIC_0024776,otsu,0.21881111111111112,0.7549441678999058,0.8603626049292805,0.9460296296296297,0.7598639110343777,0.998174672033605,0.9914967864478653,0.24665278694629225,25.079872407968907,14.978743355443163
ISIC_0024776,adaptive,0.21881111111111112,0.5984016803688935,0.7487500641650839,0.9093592592592593,0.6172413209431439,0.9911815324220917,0.9514689766737985,0.4142419472232096,54.589376255824725,24.22862104804566
ISIC_0024776,kmeans,0.21881111111111112,0.6214308630093038,0.7665215670755837,0.916962962962963,0.6229455474872628,0.9993172799294523,0.9961025252388557,0.37949186682239033,36.71511950137164,22.06585013210769
ISIC_0024776,watershed,0.21881111111111112,0.6437648326123913,0.7832809412150193,0.9216111111111112,0.647404323025102,0.9984164687252574,0.9913431133689286,0.3582491240542325,35.84480320397316,20.681216782117364
ISIC_0024777,otsu,0.8624814814814815,0.46865056360708535,0.6382056769937897,0.5417111111111111,0.4686606261003994,0.9998653380016159,0.9999541881218963,0.5313608451067119,184.45866745696716,76.95705348589175
ISIC_0024777,adaptive,0.8624814814814815,0.0988534375402585,0.17992105983039589,0.22277777777777777,0.0988534375402585,1.0,1.0,0.9011465624597415,228.13481921232218,141.86695208786094
ISIC_0024777,kmeans,0.8624814814814815,0.27374500794434664,0.42982701598357476,0.3736185185185185,0.27374500794434664,1.0,1.0,0.7262549920556534,244.8504513528964,112.96903976921159
ISIC_0024777,watershed,0.8624814814814815,0.22322755185296517,0.36498123593572823,0.33004814814814815,0.22322755185296517,1.0,1.0,0.7767724481470348,336.7933326171365,129.2601330007567
ISIC_0024778,otsu,0.13655925925925927,0.6387947167150335,0.7795908910366741,0.9506740740740741,0.6387947167150335,1.0,1.0,0.3612052832849665,31.722165224481138,18.772959224541918
ISIC_0024778,adaptive,0.13655925925925927,0.4584632909332538,0.6286936308693631,0.9260481481481482,0.4584632909332538,1.0,1.0,0.5415367090667462,51.774483891731286,26.7036750510862
ISIC_0024778,kmeans,0.13655925925925927,0.46773887336931463,0.6373597945192823,0.9273148148148148,0.46773887336931463,1.0,1.0,0.5322611266306854,46.06517122512408,30.744505546591853
ISIC_0024778,watershed,0.13655925925925927,0.3864012367443248,0.5574161743417192,0.9162074074074074,0.3864012367443248,1.0,1.0,0.6135987632556752,54.42839243627563,36.8212863347051
ISIC_0024779,otsu,0.312337037037037,0.7271969719787557,0.8420544776032645,0.8993629629629629,0.8588893763859079,0.9177460965481583,0.8258668460599979,0.32220654326404286,179.6614741223907,48.39645700306025
ISIC_0024779,adaptive,0.312337037037037,0.16599933714920412,0.28473315869126,0.6551592592592592,0.21975311569885334,0.8529210584427126,0.4042757417102967,1.1040661204064934,178.67568385205638,83.05159250738338
ISIC_0024779,kmeans,0.312337037037037,0.6175530172072896,0.7635644836835047,0.8746296296296296,0.6481483677413999,0.9774975897968966,0.9289902612301782,0.40139450498630397,130.1508721923362,33.95422821934568
ISIC_0024779,watershed,0.312337037037037,0.6566560751209333,0.7927488209319469,0.8927444444444445,0.6567573015854193,0.999929982926606,0.9997653344886097,0.34339685287735233,53.42142252849803,26.104574037958795
ISIC_0024780,otsu,0.23324074074074075,0.4818737594283446,0.6503573686522862,0.8791518518518519,0.4818737594283446,1.0,1.0,0.5181262405716555,72.54791095606302,35.299575488940256
ISIC_0024780,adaptive,0.23324074074074075,0.23364827312425565,0.3787923644273964,0.8212555555555555,0.23364827312425565,1.0,1.0,0.7663517268757444,105.72913342639875,54.61860375449158
ISIC_0024780,kmeans,0.23324074074074075,0.4010162763001191,0.5724648358249556,0.8602925925925926,0.4010162763001191,1.0,1.0,0.598983723699881,77.42092740338364,44.376120534556996
ISIC_0024780,watershed,0.23324074074074075,0.3054069075029774,0.4679106656286493,0.8379925925925926,0.3054069075029774,1.0,1.0,0.6945930924970226,91.97905963092371,56.454817591072896
ISIC_0024781,otsu,0.03211481481481482,0.6326836581709145,0.7750229568411386,0.9882037037037037,0.6326836581709145,1.0,1.0,0.36731634182908546,17.055765872045296,9.459605683096084
ISIC_0024781,adaptive,0.03211481481481482,0.6274939453350248,0.7711167800453514,0.988037037037037,0.6274939453350248,1.0,1.0,0.3725060546649752,19.4164878389476,9.243283897622884
ISIC_0024781,kmeans,0.03211481481481482,0.5883981086379887,0.7408698177593843,0.9867814814814815,0.5883981086379887,1.0,1.0,0.4116018913620113,19.37001187354376,10.91624237725258
ISIC_0024781,watershed,0.03211481481481482,0.521623803482874,0.685614673336365,0.9846370370370371,0.521623803482874,1.0,1.0,0.47837619651712604,21.93171219946131,12.845711363373871
ISIC_0024782,otsu,0.05612962962962963,0.6812933025404158,0.8104395604395604,0.9821111111111112,0.6812933025404158,1.0,1.0,0.3187066974595843,36.41917940918397,9.776291088841797
ISIC_0024782,adaptive,0.05612962962962963,0.6261959749257671,0.7701359302089673,0.9790185185185185,0.6261959749257671,1.0,1.0,0.37380402507423294,34.17601498127012,9.431454336898273
ISIC_0024782,kmeans,0.05612962962962963,0.6335202903332233,0.7756503473905316,0.9794296296296297,0.6335202903332233,1.0,1.0,0.3664797096667766,36.6742416417845,10.698806430557815
ISIC_0024782,watershed,0.05612962962962963,0.35262289673375125,0.5213912873798722,0.9636629629629629,0.35262289673375125,1.0,1.0,0.6473771032662488,84.31597449806675,24.119401042771358
ISIC_0024783,otsu,0.23328888888888888,0.7341239601193879,0.8466799110126432,0.9379740740740741,0.7341239601193879,1.0,1.0,0.2658760398806122,27.77408023266449,17.920648598833747
ISIC_0024783,adaptive,0.23328888888888888,0.6336591248056358,0.7757543972106485,0.9144851851851852,0.6340414047120086,0.999816435762178,0.9990494058786742,0.36656188480345464,53.36665625650534,24.35954337903415
ISIC_0024783,kmeans,0.23328888888888888,0.6060836984822506,0.7547348859278004,0.9081037037037037,0.6060836984822506,1.0,1.0,0.3939163015177494,44.41846462902562,27.91125040883284
ISIC_0024783,watershed,0.23328888888888888,0.6039245570584874,0.7530585580235183,0.9076,0.6039245570584874,1.0,1.0,0.39607544294151265,45.694633390895255,27.965624590454457
ISIC_0024784,otsu,0.021003703703703705,0.0,0.0,0.8685444444444445,0.0,0.8871784783357104,0.0,6.258684535355316,251.89865352365265,162.9233311519771
ISIC_0024784,adaptive,0.021003703703703705,0.0,0.0,0.952337037037037,0.0,0.9727687843558596,0.0,2.269264679950626,260.26025419753927,219.98978697068395
ISIC_0024784,kmeans,0.021003703703703705,0.6309292893669547,0.773705265434101,0.9922481481481481,0.6309292893669547,1.0,1.0,0.3690707106330453,14.7648230602334,7.890330595253372
ISIC_0024784,watershed,0.021003703703703705,0.6205137227304715,0.765823471935729,0.9920111111111111,0.6219361664609416,0.999950818865883,0.9963276836158192,0.3803561982013754,16.278820596099706,8.056753979591063
ISIC_0024785,otsu,0.08629259259259259,0.4871453710459676,0.655141562527057,0.9557444444444444,0.4871453710459676,1.0,1.0,0.5128546289540323,36.7586659976347,23.239119973043305
ISIC_0024785,adaptive,0.08629259259259259,0.4840121893643504,0.652302174919019,0.955474074074074,0.4840121893643504,1.0,1.0,0.5159878106356496,41.21103823173005,21.37411214844296
ISIC_0024785,kmeans,0.08629259259259259,0.4399330443366668,0.611046528957644,0.9516703703703704,0.4399330443366668,1.0,1.0,0.5600669556633332,39.9136477756025,26.116424660924555
ISIC_0024785,watershed,0.08629259259259259,0.4149534314777458,0.5865259198592532,0.9495148148148148,0.4149534314777458,1.0,1.0,0.5850465685222542,40.01249804748511,27.169014039673165
ISIC_0024786,otsu,0.3830962962962963,0.3536196295293708,0.522480055423425,0.7523740740740741,0.3536196295293708,1.0,1.0,0.6463803704706291,159.64830252413088,52.43223959283312
ISIC_0024786,adaptive,0.3830962962962963,0.14910236951246628,0.2595110295973482,0.6740148148148148,0.149106693994354,0.9999819889051655,0.9998055231427461,0.8509223094473878,163.6540521277052,78.80227776678943
ISIC_0024786,kmeans,0.3830962962962963,0.2185892725936811,0.3587579137775098,0.7006444444444444,0.2185892725936811,1.0,1.0,0.7814107274063189,169.5676841196324,69.38420493630548
ISIC_0024786,watershed,0.3830962962962963,0.18689817858385863,0.31493548807506844,0.6885037037037037,0.18689817858385863,1.0,1.0,0.8131018214161414,171.59516292166367,84.35230532757326
ISIC_0024787,otsu,0.3931777777777778,0.39203669062387186,0.5632562607932008,0.7255518518518519,0.45011209706286853,0.9040172849452521,0.752381552220945,0.6980255845061135,126.81088281373961,47.161318334878494
ISIC_0024787,adaptive,0.3931777777777778,0.042024305651385936,0.08065897392885836,0.6143296296296297,0.04303020026752576,0.984491156113817,0.6425657617105078,0.9809058196273479,280.7721477183024,107.16636060500822
ISIC_0024787,kmeans,0.3931777777777778,0.15759528250343827,0.27228045049150446,0.6687851851851851,0.15759528250343827,1.0,1.0,0.8424047174965618,158.5010989519381,78.71269564551145
ISIC_0024787,watershed,0.3931777777777778,0.14553778330413158,0.2540951253207026,0.6640444444444444,0.14553778330413158,1.0,1.0,0.8544622166958684,147.26031311047015,89.99487170496288
ISIC_0024788,otsu,0.29734074074074074,0.9073579917475848,0.9514291451037288,0.9722259259259259,0.9148626093022098,0.9965000685227549,0.9910404663275357,0.09340823596821206,16.55294535724685,6.074973098850909
ISIC_0024788,adaptive,0.29734074074074074,0.1799541612243389,0.30501890181499197,0.7535185185185185,0.18190877158017987,0.9954037044455455,0.9436546911346602,0.8289529408833861,148.5178438989217,36.707868505843344
ISIC_0024788,kmeans,0.29734074074074074,0.8152039939741786,0.8981954608742172,0.9450259259259259,0.8156000099648738,0.9997944317355233,0.9994047346490224,0.1848857776338407,36.796738985948195,13.553785659301967
ISIC_0024788,watershed,0.29734074074074074,0.7443948981117035,0.8534706205773775,0.9239962962962963,0.7444134426147829,0.9999894580377191,0.9999665355977578,0.25561146956976655,54.124853883003674,18.823078437322877
ISIC_0024789,otsu,0.018455555555555555,0.0,0.0,0.7593481481481481,0.0,0.7736258428704573,0.0,13.03953441701786,309.17548542075735,188.29889311911674
ISIC_0024789,adaptive,0.018455555555555555,0.0,0.0,0.9327962962962963,0.0,0.9503352615115257,0.0,3.641380694360827,315.0587238214514,196.6714940684488
ISIC_0024789,kmeans,0.018455555555555555,0.0,0.0,0.7686851851851851,0.0,0.7831384401755359,0.0,12.533614288581177,312.078194328582,193.37739852513138
ISIC_0024789,watershed,0.018455555555555555,0.0,0.0,0.7822666666666667,0.0,0.7969752883777267,0.0,11.797712221553281,306.9002893348901,194.9305789028028
ISIC_0024790,otsu,0.22896296296296295,0.7253316078938855,0.840802550159385,0.9371111111111111,0.7253316078938855,1.0,1.0,0.27466839210611455,42.60074624257397,16.181670762186997
ISIC_0024790,adaptive,0.22896296296296295,0.32471692009058556,0.4902434854812318,0.8453851851851852,0.32471692009058556,1.0,1.0,0.6752830799094144,81.32034579346879,39.201293246001796
ISIC_0024790,kmeans,0.22896296296296295,0.6626172759624717,0.7970773376920308,0.9227518518518518,0.6626172759624717,1.0,1.0,0.3373827240375283,52.20153254455275,20.329030374165196
ISIC_0024790,watershed,0.22896296296296295,0.5407958589453251,0.7019695124511821,0.8948592592592592,0.5407958589453251,1.0,1.0,0.4592041410546749,70.06996062319728,31.531975881867833
ISIC_0024791,otsu,0.1671962962962963,0.8872638904230642,0.9402647874793684,0.9811,0.8896617415767671,0.9994574329462725,0.9969715023334327,0.11304078151651419,14.866068747318506,6.1071866311369805
ISIC_0024791,adaptive,0.1671962962962963,0.5844841681949754,0.73775955598321,0.9303518518518519,0.5859601710121171,0.99949301111373,0.9957088007227283,0.41656513745209667,80.50093132667214,24.004453651374014
ISIC_0024791,kmeans,0.1671962962962963,0.8726532958892599,0.9319966464746655,0.9786703703703704,0.8741997651906165,0.9996442183254246,0.9979769370827433,0.1275723811000598,16.073202721503446,6.941025679125646
ISIC_0024791,watershed,0.1671962962962963,0.7937632884479093,0.8850256815487949,0.9655111111111111,0.7939215382229803,0.9999599745616102,0.9997489469720215,0.20627782823472077,25.07388436781137,11.618305963254713
ISIC_0024792,otsu,0.3795962962962963,0.6898264237835517,0.8164464871356645,0.8822592592592593,0.6898264237835517,1.0,1.0,0.31017357621644825,70.0,25.318083734405
ISIC_0024792,adaptive,0.3795962962962963,0.15644300475163672,0.2705589538072137,0.6797888888888889,0.15644300475163672,1.0,1.0,0.8435569952483633,175.53218694633435,58.067130737461646
ISIC_0024792,kmeans,0.3795962962962963,0.3663150910811681,0.5362088049416217,0.7594555555555556,0.3663150910811681,1.0,1.0,0.6336849089188319,132.0621065232573,48.63960717460917
ISIC_0024792,watershed,0.3795962962962963,0.39868866534622555,0.5700892203162822,0.7717444444444445,0.39868866534622555,1.0,1.0,0.6013113346537745,118.9638600406042,49.135598052292735
ISIC_0024793,otsu,0.14964814814814814,0.6798911025863136,0.8094466379869173,0.9520962962962963,0.6798911025863136,1.0,1.0,0.3201088974136864,41.715389110021846,16.73794772626771
ISIC_0024793,adaptive,0.14964814814814814,0.514169038485336,0.6791435109512912,0.9272962962962963,0.514169038485336,1.0,1.0,0.48583096151466404,59.841457201508724,23.62335379540626
ISIC_0024793,kmeans,0.14964814814814814,0.5638411087736667,0.7210976941459477,0.9347296296296296,0.5638411087736667,1.0,1.0,0.4361588912263334,54.230987451824994,22.776499688816376
ISIC_0024793,watershed,0.14964814814814814,0.43920306892711297,0.6103420405496036,0.9160777777777778,0.43920306892711297,1.0,1.0,0.560796931072887,61.85022218089151,29.480112002876936
ISIC_0024794,otsu,0.3641111111111111,0.6618839613536184,0.7965465420515982,0.8741444444444444,0.6766351337605534,0.9872386277593337,0.9681128203635517,0.34565151052792187,56.99385633819468,23.122671942355666
ISIC_0024794,adaptive,0.3641111111111111,0.07992065913945683,0.14801209415355054,0.6649888888888889,0.07992065913945683,1.0,1.0,0.9200793408605432,212.4236310553153,96.55604818695213
ISIC_0024794,kmeans,0.3641111111111111,0.4570949038754959,0.6274058095457496,0.8023222222222223,0.4570949038754959,1.0,1.0,0.5429050961245041,81.02468759581859,41.48466237021917
ISIC_0024794,watershed,0.3641111111111111,0.40219713152273423,0.5736670293797607,0.7823333333333333,0.40219713152273423,1.0,1.0,0.5978028684772658,87.70974860299168,46.69449947962632
ISIC_0024795,otsu,0.30164074074074076,0.352663775113548,0.5214359718976639,0.7656259259259259,0.42330218680549586,0.9134850469619267,0.6788020792313145,0.7769974092309959,108.35473614820977,42.41542126575584
ISIC_0024795,adaptive,0.30164074074074076,0.21037903841261765,0.34762505254308534,0.7240888888888889,0.2437041857495426,0.9315803709223206,0.6060643073070934,0.9147010792824429,119.4185914616107,51.790906324593955
ISIC_0024795,kmeans,0.30164074074074076,0.04367471728693688,0.08369411764705882,0.7115333333333334,0.04367471728693688,1.0,1.0,0.9563252827130632,246.2170438560875,121.8230046705918
ISIC_0024795,watershed,0.30164074074074076,0.16075644334625877,0.27698565753006016,0.7458925925925926,0.16136438981864618,0.998366541682356,0.9771003717472119,0.8424173962157583,217.65350124129085,80.95375669988364
ISIC_0024796,otsu,0.11105185185185185,0.7345584311632871,0.8469687938626007,0.9705222222222222,0.7345584311632871,1.0,1.0,0.26544156883671294,19.697715603592208,12.477030847113825
ISIC_0024796,adaptive,0.11105185185185185,0.7530514239978656,0.8591321551543745,0.972574074074074,0.7531016542155816,0.9999916672221851,0.9999114378072002,0.24696504802561367,23.769728648009426,11.404005037916564
ISIC_0024796,kmeans,0.11105185185185185,0.6798959445037354,0.809450069485805,0.9644518518518519,0.6798959445037354,1.0,1.0,0.3201040554962647,22.135943621178654,15.382188717678218
ISIC_0024796,watershed,0.11105185185185185,0.6898679295624333,0.8164755570467149,0.9655592592592592,0.6898679295624333,1.0,1.0,0.3101320704375667,23.3965668691229,14.671124212464637
ISIC_0024797,otsu,0.5034481481481482,0.786082644871295,0.880230987214973,0.8923037037037037,0.786082644871295,1.0,1.0,0.213917355128705,41.806673137287866,19.84945720753796
ISIC_0024797,adaptive,0.5034481481481482,0.32221078179010076,0.4873818701642554,0.6586703703703704,0.32230322737271117,0.9997091050130903,0.9991106043329533,0.6779836828979409,163.17413973521002,57.36911137555099
ISIC_0024797,kmeans,0.5034481481481482,0.609544548337024,0.7574124605209633,0.8034259259259259,0.609544548337024,1.0,1.0,0.39045545166297607,71.00704190430693,38.25252049096543
ISIC_0024797,watershed,0.5034481481481482,0.5960082689011337,0.7468736603870991,0.7966111111111112,0.5960082689011337,1.0,1.0,0.4039917310988663,111.56878099803049,41.67428455289137
ISIC_0024798,otsu,0.015662962962962962,0.0,0.0,0.9164222222222222,0.0,0.9310045114026737,0.0,5.336013241901159,249.2526598209607,203.78168220347038
ISIC_0024798,adaptive,0.015662962962962962,0.6539278131634819,0.7907573812580231,0.9945666666666667,0.6554741073539844,0.9999623736224043,0.9964054636951833,0.3468905178529203,13.235523325323964,5.865206441866674
ISIC_0024798,kmeans,0.015662962962962962,0.4331993379049421,0.6045207061541,0.9911222222222222,0.4331993379049421,1.0,1.0,0.566800662095058,16.983809511662425,10.764090227773295
ISIC_0024798,watershed,0.015662962962962962,0.0,0.0,0.9707592592592592,0.0,0.9862061699733982,0.0,1.8668716008512651,277.39015805684085,232.7688498711636
ISIC_0024799,otsu,0.15405555555555556,0.6162759947109028,0.7625875738148715,0.9408851851851852,0.6162759947109028,1.0,1.0,0.3837240052890972,47.02339151208995,20.296372405559712
ISIC_0024799,adaptive,0.15405555555555556,0.2199104901211658,0.36053545223522676,0.8676592592592592,0.24216852987137877,0.9815678290755456,0.7052439963593082,0.8590455583603799,97.17509914634226,50.428118874316255
ISIC_0024799,kmeans,0.15405555555555556,0.33763673518451737,0.5048257517209152,0.8979592592592592,0.33763673518451737,1.0,1.0,0.6623632648154826,65.0,35.68029762676589
ISIC_0024799,watershed,0.15405555555555556,0.3424930881115519,0.510234415572787,0.8987074074074074,0.3424930881115519,1.0,1.0,0.6575069118884481,58.05600344855702,35.23736391763831
ISIC_0024800,otsu,0.13053333333333333,0.3672813879299043,0.5372433080303636,0.8927518518518518,0.4769322437861764,0.9551789943601016,0.6150159159928287,0.8216150266712064,74.63039320739192,30.665249077137858
ISIC_0024800,adaptive,0.13053333333333333,0.0,0.0,0.822937037037037,0.0,0.9464848608768253,0.0,1.3564578367949154,234.64867355261143,117.74128465569257
ISIC_0024800,kmeans,0.13053333333333333,0.0,0.0,0.845474074074074,0.0,0.9724053911295132,0.0,1.1838043354897287,264.50800918127834,136.58892713230713
ISIC_0024800,watershed,0.13053333333333333,0.0,0.0,0.8275555555555556,0.0,0.9517967591882636,0.0,1.3210759278175008,240.43335665546513,122.50723160538509
ISIC_0024801,otsu,0.23203703703703704,0.7770311252992818,0.8745273104526142,0.948262962962963,0.7770311252992818,1.0,1.0,0.22296887470071827,27.77137829610573,12.619332824607781
ISIC_0024801,adaptive,0.23203703703703704,0.44216524216524217,0.6131963650730936,0.8694666666666667,0.44590582601755785,0.9974439353749699,0.9813812969858778,0.5625538707102953,81.30467364555186,28.42638775542461
ISIC_0024801,kmeans,0.23203703703703704,0.7371428571428571,0.8486842105263158,0.9390074074074074,0.7371428571428571,1.0,1.0,0.26285714285714284,29.832867780352597,14.950315434086678
ISIC_0024801,watershed,0.23203703703703704,0.5050438946528332,0.6711351030321028,0.8851518518518519,0.5050438946528332,1.0,1.0,0.4949561053471668,57.55214324147323,29.64976180259008
ISIC_0024802,otsu,0.33873333333333333,0.7858798574208926,0.880103836946606,0.9274703703703704,0.7858798574208926,1.0,1.0,0.21412014257910736,30.4138126514911,14.85241964974688
ISIC_0024802,adaptive,0.33873333333333333,0.3202527908680392,0.4851385932802756,0.7697444444444445,0.3202562925058497,0.9999943990769679,0.9999658598204226,0.6797546414747753,109.00137611783333,42.7746768785386
ISIC_0024802,kmeans,0.33873333333333333,0.4725557086312843,0.64181708829273,0.8213370370370371,0.4725557086312843,1.0,1.0,0.5274442913687157,71.0805841881291,39.154607666863484
ISIC_0024802,watershed,0.33873333333333333,0.6217389402785978,0.7667558875681798,0.8718703703703704,0.6217389402785978,1.0,1.0,0.37826105972140217,55.019994744047374,27.767551555872355
ISIC_0024803,otsu,0.11687777777777777,0.7518141775200431,0.8583263991896096,0.9709925925925926,0.7518141775200431,1.0,1.0,0.2481858224799569,18.973665961010276,11.800501603928323
ISIC_0024803,adaptive,0.11687777777777777,0.7727287131222866,0.8717957884952272,0.973437037037037,0.7727287131222866,1.0,1.0,0.22727128687771334,25.99422649572415,10.342730948264172
ISIC_0024803,kmeans,0.11687777777777777,0.40257312165288206,0.5740493888524887,0.930174074074074,0.40257312165288206,1.0,1.0,0.5974268783471179,51.405251959871634,32.84854881702893
ISIC_0024803,watershed,0.11687777777777777,0.6305732484076433,0.7734375,0.9568222222222222,0.6305732484076433,1.0,1.0,0.36942675159235666,30.23243291566195,18.37450569874887
ISIC_0024804,otsu,0.1810074074074074,0.6851526290554579,0.8131638846737481,0.9416296296296296,0.7017515141594369,0.9946456351072682,0.9666290868094701,0.3224750368309052,49.10280292278486,19.688145565359648
ISIC_0024804,adaptive,0.1810074074074074,0.5112988174500646,0.6766349732381215,0.9089296296296296,0.5263954820756261,0.9934743677869831,0.9468879973499209,0.5031306269438534,72.00694410957877,28.18312175762383
ISIC_0024804,kmeans,0.1810074074074074,0.641125471622381,0.7813241372563406,0.9337703703703704,0.6536667212309707,0.9956767121305308,0.970944015561364,0.3658945817646096,37.53384860803134,21.368152479733435
ISIC_0024804,watershed,0.1810074074074074,0.5087984940252087,0.6744419430958257,0.9110888888888888,0.5087984940252087,1.0,1.0,0.4912015059747913,54.20332093147061,31.275313781642563
ISIC_0024805,otsu,0.2946259259259259,0.55132056971175,0.710775813169538,0.8678074074074074,0.55132056971175,1.0,1.0,0.44867943028825,65.0,32.75869309014364
ISIC_0024805,adaptive,0.2946259259259259,0.29562910910256573,0.4563483593037471,0.7924740740740741,0.29562910910256573,1.0,1.0,0.7043708908974343,165.81399378704515,56.58857162003712
ISIC_0024805,kmeans,0.2946259259259259,0.22577279412689033,0.3683762524484919,0.7718925925925926,0.22577279412689033,1.0,1.0,0.7742272058731097,170.19561700028044,65.11513327019225
ISIC_0024805,watershed,0.2946259259259259,0.24158694641038855,0.3891583221116365,0.7765518518518518,0.24158694641038855,1.0,1.0,0.7584130535896114,174.33156970995907,66.09419517654852
ISIC_0024806,otsu,0.49495185185185187,0.5169301914888841,0.6815477658619363,0.7609037037037037,0.5169301914888841,1.0,1.0,0.4830698085111159,137.61449777376203,46.75024991579571
ISIC_0024806,adaptive,0.49495185185185187,0.17102299512859462,0.2920916085167293,0.5896962962962963,0.17102299512859462,1.0,1.0,0.8289770048714054,226.98237817064125,70.78453026762968
ISIC_0024806,kmeans,0.49495185185185187,0.23057237142408166,0.3747400425661295,0.6191703703703704,0.23057237142408166,1.0,1.0,0.7694276285759184,252.18980350378965,83.80533060521837
ISIC_0024806,watershed,0.49495185185185187,0.25687496726206066,0.4087518232965201,0.6321888888888889,0.25687496726206066,1.0,1.0,0.7431250327379394,239.29322361953035,76.0301705523611
ISIC_0024807,otsu,0.5696074074074075,0.7905909498782208,0.8830503135649036,0.8789925925925925,0.8020338894885366,0.9808443625974562,0.9822734005446987,0.2124400171658192,80.37535544431476,24.245301025933408
ISIC_0024807,adaptive,0.5696074074074075,0.1283894490748836,0.22756229984274384,0.5015259259259259,0.12890619920152932,0.994673252671979,0.9697221678732146,0.8751186652275121,294.1677228733766,67.70407635674064
ISIC_0024807,kmeans,0.5696074074074075,0.16343940595861997,0.2809590342592075,0.5234888888888889,0.16343940595861997,1.0,1.0,0.8365605940413801,268.5386378158644,105.0602404472259
ISIC_0024807,watershed,0.5696074074074075,0.1766908982144947,0.3003182883161664,0.5310370370370371,0.1766908982144947,1.0,1.0,0.8233091017855053,263.05985854940496,102.34878270371011
ISIC_0024808,otsu,0.08067037037037036,0.6458381157889904,0.7848136576656997,0.9714296296296296,0.6458381157889904,1.0,1.0,0.3541618842110096,26.025875698490697,13.996871672636404
ISIC_0024808,adaptive,0.08067037037037036,0.5711341150604617,0.7270341972537244,0.9653222222222222,0.5724714200449933,0.9997945362764333,0.995926517571885,0.4298700702447087,33.24154027718932,15.69820519427757
ISIC_0024808,kmeans,0.08067037037037036,0.5582847435838575,0.7165375209923102,0.9643666666666667,0.5582847435838575,1.0,1.0,0.4417152564161425,29.976653689280376,17.77786115624107
ISIC_0024808,watershed,0.08067037037037036,0.5116385840870483,0.6769324221716021,0.9606037037037037,0.5116385840870483,1.0,1.0,0.4883614159129517,33.18881166437555,19.979627542898143
ISIC_0024809,otsu,0.15948148148148147,0.059118308808489645,0.11163683663442259,0.4207444444444444,0.2282164421737111,0.457275050674187,0.07389110705074703,3.6321179749187182,205.34312738889435,100.23586266578307
ISIC_0024809,adaptive,0.15948148148148147,0.06884467488353457,0.128820728589093,0.4233148148148148,0.2673478866697631,0.4529082576892571,0.08485357745689878,3.616000928936368,198.28703832995316,90.3375911167934
ISIC_0024809,kmeans,0.15948148148148147,0.0,0.0,0.7048037037037037,0.0,0.8385344143826562,0.0,1.8509753831862517,249.05792489122294,131.75100818685476
ISIC_0024809,watershed,0.15948148148148147,0.0,0.0,0.7994444444444444,0.0,0.9511324579183925,0.0,1.2575476079888528,281.94860799115617,156.70676496644197
ISIC_0024810,otsu,0.3282333333333333,0.6034663687756,0.7527022462421888,0.8698444444444444,0.6034663687756,1.0,1.0,0.3965336312244,137.67312379885996,32.66651496406588
ISIC_0024810,adaptive,0.3282333333333333,0.47287906137184116,0.6421152608842182,0.8269481481481481,0.4729697708269862,0.9999062725703921,0.9995945913719505,0.5272220529659344,132.92065244298416,39.93164439017884
ISIC_0024810,kmeans,0.3282333333333333,0.44834862281800436,0.6191169940088971,0.8189296296296297,0.44834862281800436,1.0,1.0,0.5516513771819956,148.82932531372853,46.151837724459945
ISIC_0024810,watershed,0.3282333333333333,0.5255294900872234,0.688979785054402,0.844262962962963,0.5255294900872234,1.0,1.0,0.4744705099127766,137.62045880136208,38.87386330928538
ISIC_0024811,otsu,0.40424814814814813,0.8074523349244597,0.8934701284481797,0.922162962962963,0.8074523349244597,1.0,1.0,0.19254766507554033,30.252268306770645,15.378061533497483
ISIC_0024811,adaptive,0.40424814814814813,0.1987594711719058,0.3316085936365512,0.6761,0.1987594711719058,1.0,1.0,0.8012405288280943,144.6644387717537,69.34301668678116
ISIC_0024811,kmeans,0.40424814814814813,0.5578806563625203,0.7162046130864865,0.821274074074074,0.5578806563625203,1.0,1.0,0.44211934363747973,72.00694410957877,37.32299828881871
ISIC_0024811,watershed,0.40424814814814813,0.5762228920629976,0.7311439200186003,0.8286888888888889,0.5762228920629976,1.0,1.0,0.4237771079370024,71.93048878873851,36.02388950220367
ISIC_0024812,otsu,0.5022185185185185,0.42729666147980444,0.5987496124832076,0.7123777777777778,0.42729666147980444,1.0,1.0,0.5727033385201956,122.75563753414879,79.12494303834308
ISIC_0024812,adaptive,0.5022185185185185,0.07219817255289493,0.13467318710493917,0.5340407407407407,0.07219817255289493,1.0,1.0,0.927801827447105,190.34940288631532,106.00188630628126
ISIC_0024812,kmeans,0.5022185185185185,0.3021851193592873,0.46412006229647457,0.6495444444444445,0.3021851193592873,1.0,1.0,0.6978148806407127,163.5787038954687,102.8108973891351
ISIC_0024812,watershed,0.5022185185185185,0.2967131026040015,0.45763878225361565,0.6467962962962963,0.2967131026040015,1.0,1.0,0.7032868973959985,161.70280070702879,100.54937422535133
ISIC_0024813,otsu,0.09848148148148148,0.7311950564608085,0.8447286788764713,0.9729333333333333,0.7476118841669801,0.9975473480958055,0.9708439148271146,0.27484016547574275,37.91811949514636,11.644218631181358
ISIC_0024813,adaptive,0.09848148148148148,0.668172781492861,0.8010834236186349,0.966,0.6951861602106055,0.9955835832545911,0.945040899795501,0.34524257239563744,47.51841748206689,13.918068795601227
ISIC_0024813,kmeans,0.09848148148148148,0.6591101773010432,0.7945345478782493,0.9657481481481481,0.6724708537044002,0.9977856291853252,0.9707383279044517,0.34779992478375327,37.013511046643494,14.317310019472762
ISIC_0024813,watershed,0.09848148148148148,0.5287702143663031,0.6917589175891758,0.9535925925925925,0.5287702143663031,1.0,1.0,0.4712297856336969,62.297672508690084,22.397068244802714
ISIC_0024814,otsu,0.27978148148148146,0.6808223348909863,0.8101062447330493,0.9107,0.6808223348909863,1.0,1.0,0.31917766510901363,57.27783153813541,21.20250506421895
ISIC_0024814,adaptive,0.27978148148148146,0.5996443258864066,0.749722067815453,0.8799333333333333,0.6427635323863862,0.9720660910526127,0.899383184840795,0.4291444381196966,75.96775338492309,26.910590969907524
ISIC_0024814,kmeans,0.27978148148148146,0.5724176275135356,0.7280732770958562,0.8803703703703704,0.5724176275135356,1.0,1.0,0.4275823724864643,70.27693706336734,29.117477956630466
ISIC_0024814,watershed,0.27978148148148146,0.5598681510702798,0.7178403516811787,0.8768592592592592,0.5598681510702798,1.0,1.0,0.4401318489297203,65.89688065888194,28.910097184651157
ISIC_0024815,otsu,0.16661851851851853,0.8262164625336208,0.9048395734943279,0.9710444444444445,0.8262164625336208,1.0,1.0,0.17378353746637917,19.849433241279208,9.353149187320474
ISIC_0024815,adaptive,0.16661851851851853,0.7239778809211841,0.8398923082868516,0.9539666666666666,0.7246537888723409,0.9998133441178955,0.9987133141351633,0.2762798141685376,55.62894493783694,16.2584813534336
ISIC_0024815,kmeans,0.16661851851851853,0.5357770022450931,0.6977276016789694,0.9226518518518518,0.5357770022450931,1.0,1.0,0.464222997754907,73.39477582872487,29.793565648517284
ISIC_0024815,watershed,0.16661851851851853,0.6665925711872319,0.799946648882961,0.9444481481481481,0.6665925711872319,1.0,1.0,0.33340742881276814,31.400636936215164,18.95834620962224
ISIC_0024816,otsu,0.25227777777777777,0.7653605889081151,0.8670869778298321,0.940737037037037,0.7662482566248257,0.9996086881145206,0.9984886746250382,0.2349115466490494,30.835028117214105,13.926373380239411
ISIC_0024816,adaptive,0.25227777777777777,0.4097833002732138,0.5813422533715621,0.8247777777777778,0.4822285840123321,0.9403521806969314,0.7317382877765154,0.694560669456067,101.23042858778746,42.030277702674894
ISIC_0024816,kmeans,0.25227777777777777,0.623210746531601,0.7678741012074345,0.9049444444444444,0.623210746531601,1.0,1.0,0.37678925346839903,50.47163976290785,25.15160011660985
ISIC_0024816,watershed,0.25227777777777777,0.6131395434192175,0.7601816543652563,0.9024037037037037,0.6131395434192175,1.0,1.0,0.3868604565807825,48.03696363867334,25.810497913715196
ISIC_0024817,otsu,0.38174814814814817,0.8970060919185688,0.9457071284482452,0.9604259259259259,0.9028543154299907,0.9959743122783475,0.9928305469908568,0.1036653989444272,29.961523761830833,8.924916202316128
ISIC_0024817,adaptive,0.38174814814814817,0.1597409135797688,0.2754768961055224,0.6785666666666667,0.16007257063023905,0.998718010160069,0.987195596242446,0.8420036479354238,213.14490335359886,47.27712099419535
ISIC_0024817,kmeans,0.38174814814814817,0.08996623719341819,0.1650807779607459,0.6525962962962963,0.08996623719341819,1.0,1.0,0.9100337628065818,164.44239070084328,115.32067979477245
ISIC_0024817,watershed,0.38174814814814817,0.15511487115802547,0.26857046867125817,0.6774666666666667,0.15511487115802547,1.0,1.0,0.8448851288419745,150.34094556471166,98.12203464195842
ISIC_0024818,otsu,0.020896296296296295,0.7258064516129032,0.8411214953271028,0.9942703703703704,0.7258064516129032,1.0,1.0,0.27419354838709675,8.94427190999916,5.572063488848903
ISIC_0024818,adaptive,0.020896296296296295,0.8276640055536272,0.9057069604026209,0.9963222222222222,0.8452676355902162,0.9995460701019072,0.975455103293107,0.1760014179369018,8.54400374531753,3.213857668385421
ISIC_0024818,kmeans,0.020896296296296295,0.576214108472173,0.7311368492072416,0.9911444444444445,0.576214108472173,1.0,1.0,0.42378589152782703,13.45362404707371,9.224278449054768
ISIC_0024818,watershed,0.020896296296296295,0.5184266477675408,0.6828471411901984,0.9899333333333333,0.5186104218362283,0.9999924345016985,0.9993169398907104,0.4817440623892237,17.71157340655478,10.438739503722767
ISIC_0024819,otsu,0.14838148148148148,0.7452919489836588,0.8540599175028188,0.9621296296296297,0.7467987919027531,0.9996477295954979,0.9973,0.25522302373761324,64.06871037438823,16.12374069802099
ISIC_0024819,adaptive,0.14838148148148148,0.4823459006582885,0.6507872426322164,0.9231111111111111,0.4828395277438035,0.9998216902890792,0.9978849625999484,0.5181838604198388,56.72741841473134,19.904942992368728
ISIC_0024819,kmeans,0.14838148148148148,0.6478795896463071,0.7863190899589512,0.9477518518518518,0.6478795896463071,1.0,1.0,0.35212041035369296,63.84625166537162,19.597178442844708
ISIC_0024819,watershed,0.14838148148148148,0.5555749694231585,0.7143017602413312,0.9340555555555555,0.5555749694231585,1.0,1.0,0.44442503057684146,67.46294843885516,23.843939586803245
ISIC_0024820,otsu,0.4442185185185185,0.7996781912011138,0.8886902059611055,0.9110074074074074,0.7997315301945156,0.9999466883467389,0.9999166032503883,0.2003351703782756,38.27531841800928,17.960741432746584
ISIC_0024820,adaptive,0.4442185185185185,0.19148066934024796,0.3214163255309471,0.6408407407407407,0.19148066934024796,1.0,1.0,0.808519330659752,149.2623528591975,83.23858242005738
ISIC_0024820,kmeans,0.4442185185185185,0.31333427825811455,0.4771584560690706,0.6949703703703703,0.31333427825811455,1.0,1.0,0.6866657217418854,119.00819284342155,72.67440973134664
ISIC_0024820,watershed,0.4442185185185185,0.5320287812971594,0.6945414965986395,0.7921185185185186,0.5320287812971594,1.0,1.0,0.4679712187028406,77.2262879022828,45.98938158806755
ISIC_0024821,otsu,0.008837037037037037,0.0,0.0,0.972262962962963,0.0,0.9809314908786536,0.0,3.13872590108969,323.6238279649162,292.85543607185497
ISIC_0024821,adaptive,0.008837037037037037,0.9136238712210444,0.954862535904801,0.9991851851851852,0.9752724224643755,0.9993983872293677,0.9352893890675241,0.09220452640402348,3.0,1.0105343719195836
ISIC_0024821,kmeans,0.008837037037037037,0.0,0.0,0.9750222222222222,0.0,0.9837153512148094,0.0,2.826487845766974,332.6009610851253,299.74065550485983
ISIC_0024821,watershed,0.008837037037037037,0.0,0.0,0.9792851851851851,0.0,0.9880163220160381,0.0,2.3440905280804696,338.85540541032884,308.3557033183814
ISIC_0024822,otsu,0.18037777777777778,0.36713071331772823,0.5370820942597099,0.8858444444444444,0.36713071331772823,1.0,1.0,0.6328692866822718,74.11713385087947,40.88862747000547
ISIC_0024822,adaptive,0.18037777777777778,0.31798304145194733,0.4825297920398785,0.8769666666666667,0.3180156872407704,0.9999774060316858,0.9996772736074356,0.6820869779475176,87.09592329560759,40.57199791187436
ISIC_0024822,kmeans,0.18037777777777778,0.33234774752576896,0.49889039575884603,0.8795703703703703,0.33234774752576896,1.0,1.0,0.667652252474231,75.10958547096973,43.668475019633526
ISIC_0024822,watershed,0.18037777777777778,0.2985503675413741,0.459821005028304,0.8734740740740741,0.2985503675413741,1.0,1.0,0.7014496324586259,80.02811950932337,45.83812548699674
ISIC_0024823,otsu,0.445937037037037,0.46497915524772865,0.6347928618398676,0.7613925925925926,0.4650216356735297,0.9999264691136854,0.9998035749361619,0.5350697241763079,111.38581226676327,56.72320922117476
ISIC_0024823,adaptive,0.445937037037037,0.34073282089811013,0.508278481121787,0.5775074074074074,0.48966387880700646,0.6482081859930346,0.5283642816174362,0.9474265591388918,155.59209488202325,69.02843010333851
ISIC_0024823,kmeans,0.445937037037037,0.38192569952575933,0.5527441882828088,0.7243777777777778,0.38192569952575933,1.0,1.0,0.6180743004742407,119.20151005754919,66.28632027751156
ISIC_0024823,watershed,0.445937037037037,0.3329235982492131,0.4995389063356762,0.7025259259259259,0.3329235982492131,1.0,1.0,0.667076401750787,134.40591504596304,74.85160331057975
ISIC_0024824,otsu,0.17073333333333332,0.6178359147902295,0.7637806889338822,0.9347518518518518,0.6178359147902295,1.0,1.0,0.38216408520977047,52.626610642884515,22.028090215555483
ISIC_0024824,adaptive,0.17073333333333332,0.5288567896414861,0.6918329999574414,0.9195444444444445,0.528960041650397,0.9999598038427526,0.9996310416922888,0.4712351945854484,73.16419889536138,27.008565690317432
ISIC_0024824,kmeans,0.17073333333333332,0.4940561412642631,0.6613622174146617,0.9136185185185185,0.4940561412642631,1.0,1.0,0.5059438587357369,60.804193696678105,31.18378836923883
ISIC_0024824,watershed,0.17073333333333332,0.5689617770836045,0.7252716865304316,0.9264074074074075,0.5689617770836045,1.0,1.0,0.4310382229163955,70.70076155876123,25.693707404800357
ISIC_0024825,otsu,0.2479111111111111,0.162284022853996,0.27925019988747074,0.7295666666666667,0.21132126210111152,0.9003959342867274,0.4115387972418609,1.0908479741842954,188.29564516499298,72.518371476369
ISIC_0024825,adaptive,0.2479111111111111,0.16932291744462202,0.2896084818292138,0.7940259259259259,0.16935580255766702,0.9999359807745342,0.9988545246277205,0.8308384128122386,131.01812842284275,54.14357448429425
ISIC_0024825,kmeans,0.2479111111111111,0.022862963696556406,0.044703864560568754,0.7442,0.024142464443647663,0.9815526139542213,0.30138008205893324,1.0318214413768376,275.61240858812033,116.31756724120389
ISIC_0024825,watershed,0.2479111111111111,0.09679395243217402,0.17650343935163113,0.7760851851851852,0.09679395243217402,1.0,1.0,0.903206047567826,188.9428461766867,87.04452248149668
ISIC_0024826,otsu,0.12602222222222223,0.7198449293665012,0.8371044587510033,0.9646703703703704,0.7203315111973198,0.9999025316348411,0.9990624872620552,0.2803444424851584,24.0,13.70855364653931
ISIC_0024826,adaptive,0.12602222222222223,0.6841137319009809,0.812431748452965,0.9599222222222222,0.6887380238641039,0.9990253163484113,0.9902810057046271,0.31802151296067716,29.410882339705484,13.43734109230067
ISIC_0024826,kmeans,0.12602222222222223,0.6500617175101393,0.7879241250333957,0.9559,0.6500617175101393,1.0,1.0,0.3499382824898607,28.52179905627845,17.734714755415354
ISIC_0024826,watershed,0.12602222222222223,0.4952977135131958,0.6624737121405688,0.9363962962962963,0.4952977135131958,1.0,1.0,0.5047022864868043,42.5440947723653,27.36482144338752
ISIC_0024827,otsu,0.04815185185185185,0.0,0.0,0.8640148148148148,0.0,0.90772337635555,0.0,2.824090454580417,254.60164925484335,155.21621547453455
ISIC_0024827,adaptive,0.04815185185185185,0.0,0.0,0.8682962962962963,0.0,0.9122214483324838,0.0,2.7351742173678946,242.36377606449432,141.12046229150823
ISIC_0024827,kmeans,0.04815185185185185,0.776858249183813,0.8744178096825194,0.9891148148148148,0.7870163833551266,0.9993385188269215,0.9836569890405691,0.22605953388200908,13.915807776477104,5.965787652655729
ISIC_0024827,watershed,0.04815185185185185,0.7811974950358943,0.8771598850919693,0.9893888888888889,0.7867856318744711,0.9996381308876688,0.9909901181941484,0.22036766402584418,16.60264974816236,6.291852141694528
ISIC_0024828,otsu,0.42844814814814813,0.8378495796100212,0.9117716584703379,0.9295,0.8502346971412764,0.9889190572774578,0.9829112785561529,0.1645473327512729,38.600518131237564,14.849830312739144
ISIC_0024828,adaptive,0.42844814814814813,0.10603068378795588,0.19173190281633035,0.6160666666666667,0.10628365937362229,0.9982114969640808,0.9780447060695251,0.8961022121178067,231.62669018390795,63.42632439193092
ISIC_0024828,kmeans,0.42844814814814813,0.5109976702754556,0.6763712219123416,0.7885481481481481,0.515728598473388,0.9930598306106183,0.9823648548517232,0.4935296202487876,98.38470394507247,39.32696283746354
ISIC_0024828,watershed,0.42844814814814813,0.7191116104221579,0.8366084040879318,0.8796185185185185,0.7193229657419974,0.9997796771622418,0.9995915719674219,0.2809709459634685,50.00099990001999,23.954300753141908
ISIC_0024829,otsu,0.11353333333333333,0.5392826208794008,0.7006934445492611,0.9330185185185185,0.6905787172962745,0.9640687540213749,0.7111088716449998,0.589971944933777,69.12883573803845,20.562854396975666
ISIC_0024829,adaptive,0.11353333333333333,0.09550131348511383,0.1743518009691762,0.8775777777777778,0.11385137339335813,0.9753912745564998,0.3720682302771855,1.0782932080642005,176.24996385526325,64.29207175665593
ISIC_0024829,kmeans,0.11353333333333333,0.1542049977164481,0.2672055623074531,0.903974074074074,0.1542049977164481,1.0,1.0,0.8457950022835519,95.70057219364304,54.7654682005594
ISIC_0024829,watershed,0.11353333333333333,0.1997781692438181,0.3330251780956006,0.9091481481481481,0.1997781692438181,1.0,1.0,0.8002218307561819,87.20665112249179,50.49476505797363
ISIC_0024830,otsu,0.3036,0.9688722959832897,0.9841900848113846,0.9903962962962963,0.9845922998096911,0.9929265854021742,0.9837881982959324,0.0316327526472454,5.561762944667149,2.1405218240943737
ISIC_0024830,adaptive,0.3036,0.385455604641002,0.5564315498090332,0.8124592592592592,0.38744937295661935,0.9977450166996404,0.9868257519264231,0.6177231249695018,53.85577223037652,17.511934067270268
ISIC_0024830,kmeans,0.3036,0.21142069436650646,0.34904586878807714,0.7605814814814815,0.21142585273020056,0.999989363286319,0.9998846131656378,0.7885985458449226,186.67645807288335,44.995924674826455
ISIC_0024830,watershed,0.3036,0.9134150057902115,0.9547484503112119,0.9736925925925926,0.9141170155662909,0.9996649435190503,0.9991599439962664,0.08665153955009028,15.231546211727817,6.097349172809145
ISIC_0024831,otsu,0.008977777777777777,0.0,0.0,0.902425925925926,0.0,0.9106011002481538,0.0,10.868399339933994,289.67680260806225,191.9738919521247
ISIC_0024831,adaptive,0.008977777777777777,0.0,0.0,0.9669518518518518,0.0,0.9757115735342482,0.0,3.681105610561056,278.67883190277263,212.94617188774686
ISIC_0024831,kmeans,0.008977777777777777,0.8391410048622366,0.9125358008371888,0.9985296296296297,0.8543729372937293,0.9998355607378838,0.9791962174940898,0.16377887788778878,5.830951894845301,2.103542425325158
ISIC_0024831,watershed,0.008977777777777777,0.7419454770755886,0.851858438555931,0.9969148148148148,0.988036303630363,0.9969952462104225,0.7486714598311972,0.34364686468646866,7.099074759677975,3.909478999921302
ISIC_0024832,otsu,0.0850037037037037,0.0,0.0,0.7084407407407407,0.0,0.7742553096754086,0.0,3.429959478889809,224.9244274040789,142.20434448832557
ISIC_0024832,adaptive,0.0850037037037037,0.0,0.0,0.7489888888888889,0.0,0.8185704050613442,0.0,2.952943226874646,240.2769235694514,149.7319548619466
ISIC_0024832,kmeans,0.0850037037037037,0.0,0.0,0.8300296296296297,0.0,0.9071398791332893,0.0,1.999564289137728,234.60808130401563,149.92061730247312
ISIC_0024832,watershed,0.0850037037037037,0.6226308221863971,0.7674337423807094,0.9679222222222222,0.6226308221863971,1.0,1.0,0.3773691778136029,30.336329402538382,15.768395662729617
ISIC_0024833,otsu,0.12436296296296297,0.40958384995546865,0.5811415191347548,0.8747814814814815,0.6984930609327535,0.8998189677779563,0.4975497995290524,1.0068795044374292,120.45322283932838,42.908159602175346
ISIC_0024833,adaptive,0.12436296296296297,0.1748370434140942,0.2976362456294621,0.8757518518518519,0.21168622312228244,0.9700662374905888,0.5010927035600987,0.9990767764607779,108.92428497700129,50.928069786448816
ISIC_0024833,kmeans,0.12436296296296297,0.396502103165818,0.567850348763475,0.9192296296296296,0.4267079635475609,0.989180363925523,0.8485135615302618,0.6494728691405086,53.75872022286245,27.802467062525015
ISIC_0024833,watershed,0.12436296296296297,0.38515036227494126,0.5561134339847098,0.9060259259259259,0.47334564298052295,0.9674776459043575,0.6739600559725226,0.7556435761510513,60.40860856731923,28.785569244949926
ISIC_0024834,otsu,0.25804074074074074,0.6778573581547559,0.8080035586579754,0.9168740740740741,0.6778573581547559,1.0,1.0,0.32214264184524405,36.359317925395686,21.93166198577193
ISIC_0024834,adaptive,0.25804074074074074,0.6316052057645433,0.7742132760217365,0.9042814814814815,0.635974795826097,0.99759395793919,0.9892389096023755,0.37094343414046016,43.46940122088443,22.218815994083485
ISIC_0024834,kmeans,0.25804074074074074,0.5727634166295876,0.7283529239979557,0.8897555555555555,0.5727634166295876,1.0,1.0,0.42723658337041237,46.09772228646444,30.24957926957344
ISIC_0024834,watershed,0.25804074074074074,0.505619267701052,0.6716429293218174,0.8724296296296297,0.505619267701052,1.0,1.0,0.4943807322989479,57.26429568622491,36.777919651573974
ISIC_0024835,otsu,0.3084148148148148,0.6278681635348502,0.7713992786387072,0.8852111111111111,0.6279661831107696,0.9999303800179941,0.9997514577956218,0.3721899317897973,48.393179253820485,28.067759876078846
ISIC_0024835,adaptive,0.3084148148148148,0.052346527043904315,0.09948534194520205,0.7077296296296296,0.052346527043904315,1.0,1.0,0.9476534729560957,194.7164416571273,114.93745457161397
ISIC_0024835,kmeans,0.3084148148148148,0.30243058891344027,0.4644095301320351,0.7848592592592593,0.30243058891344027,1.0,1.0,0.6975694110865597,100.14087040772263,60.357304177558134
ISIC_0024835,watershed,0.3084148148148148,0.3483403785185897,0.5166950186588766,0.7990185185185186,0.3483403785185897,1.0,1.0,0.6516596214814103,108.72487781927012,56.92474837573494
ISIC_0024836,otsu,0.05198148148148148,0.5033779477374124,0.669662540274716,0.9567111111111111,0.8441040256501603,0.9628855507588928,0.554972595680892,0.8327752048450303,109.98628913466476,31.12976653651884
ISIC_0024836,adaptive,0.05198148148148148,0.3527933104191248,0.5215775502464922,0.953274074074074,0.4899893124332027,0.9786767722149513,0.5575192541548439,0.8988956180976131,106.77756134571888,32.841298772143304
ISIC_0024836,kmeans,0.05198148148148148,0.4298539365871037,0.6012557305162448,0.970362962962963,0.4298539365871037,1.0,1.0,0.5701460634128963,30.4138126514911,20.940323370083444
ISIC_0024836,watershed,0.05198148148148148,0.5617283950617284,0.7193675889328063,0.9755444444444444,0.6029925187032419,0.9959721055613072,0.8914050979566042,0.4704666904168151,27.018512172212592,14.318643037860461
ISIC_0024837,otsu,0.08042592592592593,0.802532811420677,0.8904501558428287,0.9841185185185185,0.802532811420677,1.0,1.0,0.19746718857932305,13.152946437965905,7.716556481725489
ISIC_0024837,adaptive,0.08042592592592593,0.7688238811462215,0.8693051799459122,0.9813851851851851,0.7697444163020953,0.9998952816319955,0.9984469267068873,0.2314529127331338,19.6468827043885,8.8209974932155
ISIC_0024837,kmeans,0.08042592592592593,0.7296799447386599,0.843716719914803,0.9782592592592593,0.7296799447386599,1.0,1.0,0.27032005526134006,16.401219466856727,10.85609883870435
ISIC_0024837,watershed,0.08042592592592593,0.6497352060787475,0.7876842340330504,0.9718296296296296,0.6497352060787475,1.0,1.0,0.3502647939212526,22.20360331117452,14.32590657076516
ISIC_0024838,otsu,0.2932111111111111,0.6590811777447548,0.7945134772014787,0.899737037037037,0.6610709007541021,0.99874759606567,0.9954540267052155,0.34194803390301515,50.039984012787215,24.03681836041757
ISIC_0024838,adaptive,0.2932111111111111,0.17586873318428134,0.29912987431517885,0.7583555555555556,0.17586873318428134,1.0,1.0,0.8241312668157187,115.22907862943875,65.03389841341357
ISIC_0024838,kmeans,0.2932111111111111,0.4562001844202761,0.6265624593391914,0.8405518518518519,0.4562001844202761,1.0,1.0,0.5437998155797239,84.29705276231257,44.83483893408801
ISIC_0024838,watershed,0.2932111111111111,0.4238761099953263,0.595383414357191,0.8310740740740741,0.4238761099953263,1.0,1.0,0.5761238900046737,86.82280799457062,48.6080935940091
ISIC_0024839,otsu,0.15561481481481482,0.764342370072215,0.866433162902425,0.963137037037037,0.7683263518659559,0.9990394062741245,0.9932617457924372,0.23688594821020564,26.40075756488817,11.009353828396021
ISIC_0024839,adaptive,0.15561481481481482,0.6488426467149871,0.7870279774818848,0.944374074074074,0.6604864813404417,0.996692750368447,0.9735485002631117,0.3574590632140137,43.101518701438295,15.696573635506658
ISIC_0024839,kmeans,0.15561481481481482,0.6009085935827605,0.7507094358684833,0.9378555555555556,0.6012947448591013,0.9998815706365359,0.998932426554901,0.3993478674790556,40.50802203486757,19.532450920227763
ISIC_0024839,watershed,0.15561481481481482,0.5328208301599391,0.695216061363601,0.9273,0.5328208301599391,1.0,1.0,0.4671791698400609,58.71737188537644,24.97412421389966
ISIC_0024840,otsu,0.3738814814814815,0.3952331893648215,0.5665478607841188,0.7738888888888888,0.3952331893648215,1.0,1.0,0.6047668106351785,161.38143249311207,54.38610709223448
ISIC_0024840,adaptive,0.3738814814814815,0.21457582121488292,0.35333458392124556,0.7063444444444444,0.21457582121488292,1.0,1.0,0.785424178785117,246.0406369807788,80.8482741330375
ISIC_0024840,kmeans,0.3738814814814815,0.26848476443317354,0.4233157101467384,0.7265,0.26848476443317354,1.0,1.0,0.7315152355668265,188.9733897340375,73.26977518615534
ISIC_0024840,watershed,0.3738814814814815,0.29807425605262117,0.45925609365222303,0.737562962962963,0.29807425605262117,1.0,1.0,0.7019257439473788,193.51251258237778,71.99108651170005
ISIC_0024841,otsu,0.1143,0.5623602605229902,0.7198855151816824,0.9499777777777778,0.5623602605229902,1.0,1.0,0.4376397394770098,41.47046553082855,20.327628741621115
ISIC_0024841,adaptive,0.1143,0.5570241580176823,0.7154984142659095,0.9445148148148148,0.6104144389358738,0.9876306248667093,0.8642870251422279,0.4854346910339911,60.986851721153705,20.66590034569816
ISIC_0024841,kmeans,0.1143,0.29247270017173777,0.4525785343595658,0.9191296296296296,0.29247270017173777,1.0,1.0,0.7075272998282622,74.69136131964682,35.92058191086524
ISIC_0024841,watershed,0.1143,0.14053335925601892,0.24643445650321041,0.901762962962963,0.14053335925601892,1.0,1.0,0.859466640743981,95.39129842171565,57.57786086336244
ISIC_0024842,otsu,0.056433333333333335,0.7282273413401589,0.8427448448714541,0.984662962962963,0.7282273413401589,1.0,1.0,0.2717726586598412,13.152946437965905,9.421022239969648
ISIC_0024842,adaptive,0.056433333333333335,0.6991933897304742,0.8229709389834433,0.9830111111111111,0.6997440441031699,0.9999528973987588,0.9988757729061271,0.30104351250246114,17.204650534085253,9.801832678228806
ISIC_0024842,kmeans,0.056433333333333335,0.6629914025070552,0.7973479616401594,0.9809814814814815,0.6629914025070552,1.0,1.0,0.3370085974929448,15.811388300841896,11.809185515024028
ISIC_0024842,watershed,0.056433333333333335,0.6151473387149702,0.7617228768793174,0.9782814814814815,0.6151473387149702,1.0,1.0,0.3848526612850299,22.20360331117452,13.669798710930083
ISIC_0024843,otsu,0.4480851851851852,0.7298203315938966,0.8438105602810474,0.8788074074074074,0.7305985138407876,0.9991343269559849,0.9985426857510817,0.2704677516675897,57.48912940721924,23.22382555288644
ISIC_0024843,adaptive,0.4480851851851852,0.4733997398774153,0.6425951180319897,0.7495703703703703,0.5024259606721605,0.950220444647255,0.891236455874375,0.558888438871577,112.17842929904127,36.39075185257595
ISIC_0024843,kmeans,0.4480851851851852,0.47850524453848886,0.647282444625826,0.766325925925926,0.47850524453848886,1.0,1.0,0.5214947554615111,95.03683496413377,44.09956892853847
ISIC_0024843,watershed,0.4480851851851852,0.4609159964623129,0.6309958924105779,0.7584444444444445,0.4609159964623129,1.0,1.0,0.5390840035376872,95.5706216325463,45.34581768618501
ISIC_0024844,otsu,0.3285740740740741,0.7929135585783238,0.8844972528481051,0.9300814814814815,0.8147663867440681,0.9865129492235982,0.9672809024850456,0.21279377782787579,33.24154027718932,13.705146473781994
ISIC_0024844,adaptive,0.3285740740740741,0.37123925501432664,0.5414653258456315,0.7919407407407407,0.37387138589866425,0.9965303251785862,0.981388880669882,0.6332187341486784,92.19544457292888,35.593882837106655
ISIC_0024844,kmeans,0.3285740740740741,0.6019613368652427,0.7515304183847226,0.8692148148148148,0.6019613368652427,1.0,1.0,0.3980386631347574,79.1580697086532,30.16433590329524
ISIC_0024844,watershed,0.3285740740740741,0.6117792932424054,0.7591353181013925,0.8724407407407407,0.6117792932424054,1.0,1.0,0.38822070675759457,91.11997281087757,30.24739728102483
ISIC_0024845,otsu,0.16477407407407407,0.8023015373550301,0.890307776724697,0.9674222222222222,0.8023556384724314,0.9999866968795313,0.999915964032606,0.1977117939265886,22.512175535244943,10.594244877551093
ISIC_0024845,adaptive,0.16477407407407407,0.737342261707441,0.8488163535293145,0.9559814814814814,0.749938186967565,0.9966298761479484,0.977728285077951,0.26714468745083053,37.845054176796864,14.330545300991815
ISIC_0024845,kmeans,0.16477407407407407,0.7419586864168671,0.8518671449585796,0.9574814814814815,0.7419586864168671,1.0,1.0,0.2580413135831329,26.923966441520008,14.357167765889367
ISIC_0024845,watershed,0.16477407407407407,0.7049423504820983,0.8269398085897335,0.9513777777777778,0.7050057317539167,0.9999822625060418,0.9998724855749307,0.2950841781114433,36.68923499797245,16.51668315730321
ISIC_0024846,otsu,0.3766925925925926,0.5384585131800171,0.6999974436320875,0.8261407407407407,0.5384585131800171,1.0,1.0,0.4615414868199829,120.63747129498385,45.15126208711905
ISIC_0024846,adaptive,0.3766925925925926,0.17953954150508075,0.3044230993324566,0.6904888888888889,0.17980080033822649,0.9991205813670206,0.9919717927854624,0.8216543600735446,191.85150500538498,65.62107352800874
ISIC_0024846,kmeans,0.3766925925925926,0.18226867373927064,0.3083371449956339,0.6919666666666666,0.18226867373927064,1.0,1.0,0.8177313262607293,196.91050891048678,81.8092334399147
ISIC_0024846,watershed,0.3766925925925926,0.26777901226070966,0.4224379953777668,0.7241777777777778,0.26777901226070966,1.0,1.0,0.7322209877392903,168.48201480162865,72.59312483509444
ISIC_0024847,otsu,0.07445185185185185,0.7040592975823301,0.8263319223471026,0.9779666666666667,0.7040592975823301,1.0,1.0,0.2959407024176699,22.02271554554524,10.94734445441658
ISIC_0024847,adaptive,0.07445185185185185,0.7377260981912145,0.8490706319702602,0.9804518518518518,0.7385334792557955,0.9999119640813452,0.9985203120796341,0.2625609392100289,23.36769272641111,9.209265884631678
ISIC_0024847,kmeans,0.07445185185185185,0.6055118893642424,0.7542913800582512,0.9706296296296296,0.6055118893642424,1.0,1.0,0.3944881106357576,27.0,15.081867574574511
ISIC_0024847,watershed,0.07445185185185185,0.5504427420157199,0.7100458818622261,0.9665296296296296,0.5504427420157199,1.0,1.0,0.44955725798428015,47.04412770727645,17.671392681370605
ISIC_0024848,otsu,0.45413703703703706,0.6128301151087319,0.7599437899476682,0.8234777777777778,0.6152491090142476,0.9967160391632685,0.9936252041515199,0.3886981413670209,118.26009441583864,35.78385760524807
ISIC_0024848,adaptive,0.45413703703703706,0.17414869709246716,0.2966382324891385,0.6066592592592592,0.18264188489361183,0.959425442554433,0.7892511013215859,0.8661278615526395,151.07133221064404,60.83684374483318
ISIC_0024848,kmeans,0.45413703703703706,0.16350098273485733,0.28105001226649845,0.6201148148148148,0.16350098273485733,1.0,1.0,0.8364990172651426,186.77526602845464,71.81403031445062
ISIC_0024848,watershed,0.45413703703703706,0.1704249818540659,0.29121897515225,0.6232592592592593,0.1704249818540659,1.0,1.0,0.829575018145934,245.47415806916334,73.57116655805565
ISIC_0024849,otsu,0.3031,0.6430020283975659,0.782716049382716,0.8917925925925926,0.6430098855041119,0.999994685458884,0.9999809969024951,0.3570023339076457,50.09341042899601,22.37028891077766
ISIC_0024849,adaptive,0.3031,0.3482334144304441,0.5165773384685826,0.8005666666666666,0.35155247626379266,0.9958546579295611,0.9736040609137055,0.6579786649070714,83.58079244340169,36.72884814462878
ISIC_0024849,kmeans,0.3031,0.49591260676711024,0.6630235008699488,0.8472111111111111,0.49591260676711024,1.0,1.0,0.5040873932328898,69.3455095910098,35.09922305599821
ISIC_0024849,watershed,0.3031,0.4437601573860234,0.6147283606848747,0.8314037037037038,0.4437601573860234,1.0,1.0,0.5562398426139765,79.06927290749327,40.37865927336412
ISIC_0024850,otsu,0.22507407407407407,0.8805279452501222,0.9364688756412034,0.9728444444444444,0.8892216554220833,0.9971323423983176,0.9890186317215125,0.12065163732104657,18.53628070847726,6.807556265281633
ISIC_0024850,adaptive,0.22507407407407407,0.05375230202578269,0.1020207536865101,0.786862962962963,0.05379298996215238,0.9997801462505377,0.9861236802413273,0.9469639624814876,192.58255116721537,106.20619296858898
ISIC_0024850,kmeans,0.22507407407407407,0.6349368254803895,0.7767111433113969,0.9178148148148149,0.6350831002139213,0.999933087989294,0.9996373808537091,0.36514727661675167,63.077726959463156,22.743856424383626
ISIC_0024850,watershed,0.22507407407407407,0.6852570639123713,0.8132374325392565,0.9291222222222222,0.6856179035708408,0.9998470582612436,0.9992325586972683,0.314908672042126,43.98806355588643,19.56236088225599
ISIC_0024851,otsu,0.734137037037037,0.4699950054737989,0.6394511596620198,0.6109037037037037,0.4699950054737989,1.0,1.0,0.5300049945262011,181.57009662119944,73.87512315108211
ISIC_0024851,adaptive,0.734137037037037,0.1819541851370279,0.30788703559763336,0.39648518518518516,0.18285010871923196,0.9864034660016996,0.9737775389575497,0.822073787818401,198.03737019532582,87.53843561814553
ISIC_0024851,kmeans,0.734137037037037,0.15740829494947456,0.2720013250921898,0.3814222222222222,0.15740829494947456,1.0,1.0,0.8425917050505254,202.5274639370759,86.5947885548068
ISIC_0024851,watershed,0.734137037037037,0.18429801681994984,0.311235878473938,0.40116296296296294,0.18429801681994984,1.0,1.0,0.8157019831800502,185.1274684815066,85.98324706345514
ISIC_0024852,otsu,0.2874481481481482,0.2990426614783987,0.4604046816107915,0.7985111111111111,0.2990426614783987,1.0,1.0,0.7009573385216014,304.0053390322329,87.94506432178785
ISIC_0024852,adaptive,0.2874481481481482,0.18342042334602782,0.3099835353988924,0.760962962962963,0.1867905322699102,0.9925879338215803,0.9104440118068203,0.8315831518728015,366.34709896544103,98.87795589706832
ISIC_0024852,kmeans,0.2874481481481482,0.21534318588859827,0.3543742843814936,0.7744518518518518,0.21534318588859827,1.0,1.0,0.7846568141114018,318.3347485708774,100.93788224536785
ISIC_0024852,watershed,0.2874481481481482,0.22331885944002783,0.36510327248980967,0.7767444444444445,0.22331885944002783,1.0,1.0,0.7766811405599722,320.44741167517054,103.43239281902298
ISIC_0024853,otsu,0.40904444444444443,0.6583881861888508,0.7940097399052215,0.8602592592592593,0.6584179931547781,0.9999686634327329,0.9999312450152636,0.34162727947701055,83.1877394465078,25.811348578066415
ISIC_0024853,adaptive,0.40904444444444443,0.15792237422251998,0.2727684994057672,0.6555185185185185,0.1579381032578186,0.9999310595520124,0.9993697719720408,0.8421614965321164,143.24628269129408,73.61860615753511
ISIC_0024853,kmeans,0.40904444444444443,0.4442784447945528,0.6152254731707929,0.7726851851851851,0.4442784447945528,1.0,1.0,0.5557215552054472,98.71448678512151,41.66798080596276
ISIC_0024853,watershed,0.40904444444444443,0.3171257311530034,0.4815420785613133,0.720674074074074,0.3171257311530034,1.0,1.0,0.6828742688469966,133.30940789956338,60.97559038903975
ISIC_0024854,otsu,0.07687037037037037,0.8291379891225875,0.9065887801284075,0.9868518518518519,0.8300168634064081,0.9999117334349736,0.9987245637428257,0.17104312213924355,12.083045973594572,6.2944598292020935
ISIC_0024854,adaptive,0.07687037037037037,0.8069162912912913,0.8931418629411306,0.9847592592592592,0.8285714285714286,0.9977652510581958,0.9686267883293905,0.19826547819802456,19.890917323419842,6.793455973971465
ISIC_0024854,kmeans,0.07687037037037037,0.7683896141432631,0.8690275129392536,0.9821925925925926,0.7685377017586124,0.9999839515336316,0.9997492948918835,0.23165502288605155,15.102911078806967,8.737708816335532
ISIC_0024854,watershed,0.07687037037037037,0.7564442303059504,0.8613358935674119,0.9812777777777778,0.7564442303059504,1.0,1.0,0.24355576969404963,16.278820596099706,9.254349225368912
ISIC_0024855,otsu,0.3026962962962963,0.8081318519968677,0.8938859753002876,0.9419222222222222,0.8081318519968677,1.0,1.0,0.19186814800313234,22.142709590178235,13.868834633706582
ISIC_0024855,adaptive,0.3026962962962963,0.518321541839473,0.6827559611800245,0.8537481481481481,0.5199197337509789,0.9986615110053539,0.9941044357102752,0.4831636648394675,107.38874615049845,36.7248988549659
ISIC_0024855,kmeans,0.3026962962962963,0.6678616875489428,0.8008597985489065,0.8994629629629629,0.6678616875489428,1.0,1.0,0.3321383124510572,37.463267453272024,24.776778194675693
ISIC_0024855,watershed,0.3026962962962963,0.7242315974941269,0.8400630153706411,0.916525925925926,0.7242315974941269,1.0,1.0,0.27576840250587314,36.05135010024973,20.629686044196546
ISIC_0024856,otsu,0.09505925925925926,0.4373172400920799,0.608518742965977,0.9330074074074074,0.5477285124288943,0.9734789263876497,0.684487291849255,0.7047455778072158,224.00892505808415,81.02886949879836
ISIC_0024856,adaptive,0.09505925925925926,0.22937393226811376,0.3731556790779417,0.8863925925925926,0.3557235252863711,0.9421365835291036,0.39238439057933644,1.1951219512195121,227.09359258945918,97.44859339786429
ISIC_0024856,kmeans,0.09505925925925926,0.38813971298238603,0.5592228352122811,0.9319407407407407,0.45418062806826154,0.9821269246195781,0.7274712930604094,0.7159666484843762,198.61696523944295,67.70560344874926
ISIC_0024856,watershed,0.09505925925925926,0.359152185771059,0.528494438711157,0.9390814814814815,0.359152185771059,1.0,1.0,0.640847814228941,67.42254711331995,30.66486733470081
ISIC_0024857,otsu,0.06587037037037037,0.12172797802182399,0.2170365372119758,0.5358592592592593,0.9766095023896542,0.5047796522807921,0.12208391028389481,7.046274950801237,255.05861960241634,123.02788069686457
ISIC_0024857,adaptive,0.06587037037037037,0.22219355889860426,0.36359798704689117,0.7878259259259259,0.920157436041608,0.7784945383898658,0.22656163473252852,3.2210851841439414,235.37788492834892,85.13729639671405
ISIC_0024857,kmeans,0.06587037037037037,0.7671493263263823,0.8682337308994273,0.984574074074074,0.7715490581951082,0.9995955831334378,0.9926215277777778,0.23418611189204386,21.02379604162864,6.9522330067393465
ISIC_0024857,watershed,0.06587037037037037,0.8177689154757949,0.8997501371198733,0.9878148148148148,0.8301377565364071,0.9989334496362231,0.9821060333932016,0.18498734888951363,18.99604989415154,5.425925895813131
ISIC_0024858,otsu,0.30143333333333333,0.6730182834966434,0.8045558020920381,0.8995185185185185,0.6861169474240357,0.9916018514100301,0.9724161950370048,0.3333456203079116,64.64980203544495,22.370501463144695
ISIC_0024858,adaptive,0.30143333333333333,0.07507341467310504,0.13966193126621484,0.7211962962962963,0.07507341467310504,1.0,1.0,0.924926585326895,139.45500764422943,96.9094575686393
ISIC_0024858,kmeans,0.30143333333333333,0.32945064936660645,0.4956192236598891,0.7978740740740741,0.32945064936660645,1.0,1.0,0.6705493506333935,90.78546139112804,56.73732757843615
ISIC_0024858,watershed,0.30143333333333333,0.3984174376743215,0.5698118844068779,0.8186629629629629,0.3984174376743215,1.0,1.0,0.6015825623256785,89.10836069740606,49.32345483424132
ISIC_0024859,otsu,0.25462222222222225,0.709038808401699,0.8297515596673845,0.9259148148148149,0.709038808401699,1.0,1.0,0.290961191598301,54.98349961696941,20.65496238455231
ISIC_0024859,adaptive,0.25462222222222225,0.189270916624264,0.3182973937704758,0.7934592592592593,0.18937278175365102,0.9998161508953948,0.9971660539215687,0.8111654157211846,115.96012200004246,53.32756954720458
ISIC_0024859,kmeans,0.25462222222222225,0.4743556176179671,0.643475172406989,0.8661592592592593,0.4743556176179671,1.0,1.0,0.5256443823820329,96.77293009927931,38.08303387392074
ISIC_0024859,watershed,0.25462222222222225,0.5134985745039856,0.6785583853916386,0.876125925925926,0.5134985745039856,1.0,1.0,0.48650142549601444,88.35774936346785,33.93480332307536
ISIC_0024860,otsu,0.1741148148148148,0.7136069114470842,0.8328711872951853,0.9337,0.948799217204484,0.9305167519474055,0.742187759992013,0.3807832209482887,90.0222194794152,26.142338691499557
ISIC_0024860,adaptive,0.1741148148148148,0.2925839013670056,0.45271165927035906,0.8593185185185185,0.3341771074854821,0.9700299117893708,0.701558522752646,0.8079811108038544,90.02499648591072,32.58659910219797
ISIC_0024860,kmeans,0.1741148148148148,0.64724852193327,0.7858541237889665,0.9368,0.6660143370700474,0.993887590867711,0.9582835980779236,0.3629788772840399,55.90169943749474,20.27117133277384
ISIC_0024860,watershed,0.1741148148148148,0.6159136577382802,0.7623101083263893,0.9313296296296296,0.6324477250005318,0.994340528008108,0.9592824417629219,0.3943970560081683,77.00616857107813,26.65783772446213
ISIC_0024861,otsu,0.5120814814814815,0.6174436938565911,0.7634809127535985,0.8041,0.6174436938565911,1.0,1.0,0.3825563061434089,105.39733210401774,41.80053015938466
ISIC_0024861,adaptive,0.5120814814814815,0.2531972974328478,0.4040820993653879,0.6139555555555556,0.25559445111455065,0.990063611106894,0.9642818161973368,0.7538730815408428,147.96181939136164,74.34824967970782
ISIC_0024861,kmeans,0.5120814814814815,0.3775079197465681,0.5481027213491759,0.6812333333333334,0.3775079197465681,1.0,1.0,0.622492080253432,119.38990597356138,67.88082257801027
ISIC_0024861,watershed,0.5120814814814815,0.35690211337894723,0.5260543260415335,0.6706814814814814,0.35690211337894723,1.0,1.0,0.6430978866210528,118.81750684138133,72.52541242930758
ISIC_0024862,otsu,0.35257037037037037,0.5359543716650561,0.6978779858988299,0.836374074074074,0.5360106729415719,0.9999427937256158,0.9998040560399726,0.46409437569594725,99.85990186255943,38.208629886037734
ISIC_0024862,adaptive,0.35257037037037037,0.21542572624502876,0.35448603990072053,0.7216185185185185,0.2167993781120659,0.9965275791448807,0.9714285714285714,0.7895770741853478,140.27383687409448,63.73160901565062
ISIC_0024862,kmeans,0.35257037037037037,0.22793453368909805,0.37124867398966566,0.7277925925925925,0.22793453368909805,1.0,1.0,0.7720654663109019,157.80362035671777,71.04930971870297
ISIC_0024862,watershed,0.35257037037037037,0.3588146311742337,0.5281288896104398,0.7739370370370371,0.3588146311742337,1.0,1.0,0.6411853688257664,131.81521106380075,54.824035521771904
ISIC_0024863,otsu,0.18686296296296295,0.8354932033448262,0.9103746086581022,0.9692518518518518,0.8357084811606842,0.9999407871663015,0.9996917751381085,0.16454918438943175,18.384776310850235,8.838347352951873
ISIC_0024863,adaptive,0.18686296296296295,0.7531168626213209,0.8591747403481529,0.9536481481481481,0.7566844389828157,0.9989113948266203,0.9937786339025406,0.24805264305393138,28.856540626640108,12.64440000323043
ISIC_0024863,kmeans,0.18686296296296295,0.7432665437897615,0.8527285129604366,0.9520222222222222,0.7433254712306503,0.9999817806665543,0.9998933532407284,0.2567538104770777,29.0,14.155140930311125
ISIC_0024863,watershed,0.18686296296296295,0.6615463897092343,0.7963020398425384,0.9367555555555556,0.6615463897092343,1.0,1.0,0.33845361029076565,39.408120990476064,18.843026852939705
ISIC_0024864,otsu,0.4706814814814815,0.687435082307765,0.8147692192906373,0.8528814814814815,0.687435082307765,1.0,1.0,0.31256491769223504,70.86253009624272,27.572725387959572
ISIC_0024864,adaptive,0.4706814814814815,0.6421562841788039,0.7820891231432678,0.831562962962963,0.6421815492115451,0.9999650144140614,0.9999387375024505,0.3578577948443549,96.58777588921376,32.26290821820653
ISIC_0024864,kmeans,0.4706814814814815,0.35342765415001104,0.5222704783167345,0.6956703703703704,0.35342765415001104,1.0,1.0,0.646572345849989,134.65826000110786,64.7297374950254
ISIC_0024864,watershed,0.4706814814814815,0.22663749960655943,0.3695264488151598,0.6359925925925926,0.22663749960655943,1.0,1.0,0.7733625003934406,174.26845813624445,89.28765491770349
ISIC_0024865,otsu,0.09995925925925926,0.7575308459001816,0.8620398870008854,0.9757629629629629,0.7575308459001816,1.0,1.0,0.24246915409981845,26.366519628645644,10.562649913699937
ISIC_0024865,adaptive,0.09995925925925926,0.4867145289023758,0.6547518295414945,0.9486296296296296,0.4873096446700508,0.9998642036780228,0.9974971558589306,0.5139130756975064,58.23829390665795,18.49936538005902
ISIC_0024865,kmeans,0.09995925925925926,0.16317759087035458,0.280572102060969,0.9163518518518519,0.16317759087035458,1.0,1.0,0.8368224091296455,103.5313466621248,49.97825426781965
ISIC_0024865,watershed,0.09995925925925926,0.28752454703768204,0.4466315577426688,0.9287814814814814,0.28752454703768204,1.0,1.0,0.712475452962318,80.98302074928844,37.53883436125947
ISIC_0024866,otsu,0.06825185185185186,0.6787497286737574,0.808637186449444,0.9780740740740741,0.6787497286737574,1.0,1.0,0.3212502713262427,25.129614515998625,11.972296773758574
ISIC_0024866,adaptive,0.06825185185185186,0.603700889950076,0.7528846479206849,0.9729518518518518,0.603700889950076,1.0,1.0,0.396299110049924,35.05709628591621,14.29824098141932
ISIC_0024866,kmeans,0.06825185185185186,0.5588235294117647,0.7169811320754716,0.9698888888888889,0.5588235294117647,1.0,1.0,0.4411764705882353,34.132096331752024,16.817866764202538
ISIC_0024866,watershed,0.06825185185185186,0.509062296505318,0.6746736667985185,0.9664925925925926,0.509062296505318,1.0,1.0,0.490937703494682,37.750740107043015,19.094430429264005
ISIC_0024867,otsu,0.07372222222222222,0.7654860587792012,0.867167491890046,0.9827111111111111,0.7654860587792012,1.0,1.0,0.2345139412207988,15.246302301563487,8.617275568138037
ISIC_0024867,adaptive,0.07372222222222222,0.7883295767593288,0.881637911718575,0.9843481481481482,0.7907058528008039,0.9997600911653571,0.9962022912842585,0.2123084652097463,19.21327441470446,7.266304718435784
ISIC_0024867,kmeans,0.07372222222222222,0.782115046470736,0.8777379979139064,0.983937037037037,0.782115046470736,1.0,1.0,0.217884953529264,14.473597795612527,7.968893293940468
ISIC_0024867,watershed,0.07372222222222222,0.5494599346897764,0.7092276765449711,0.9667851851851852,0.5494599346897764,1.0,1.0,0.45054006531022356,31.953090617340916,17.510878794095706
ISIC_0024868,otsu,0.06474444444444444,0.7239860419884446,0.8398978000464545,0.9821296296296296,0.7239860419884446,1.0,1.0,0.2760139580115554,20.88465843842651,9.10862878739563
ISIC_0024868,adaptive,0.06474444444444444,0.5650434324822322,0.7220801937567277,0.9694,0.6139808935415594,0.9940044115492299,0.8763778884624807,0.4726274240604084,143.38706355456694,31.77365414308549
ISIC_0024868,kmeans,0.06474444444444444,0.6631771637778159,0.797482286579074,0.9781925925925926,0.6631771637778159,1.0,1.0,0.33682283622218406,23.021728866442675,11.419287987711954
ISIC_0024868,watershed,0.06474444444444444,0.5969338138550426,0.7475999426851985,0.9739037037037037,0.5969338138550426,1.0,1.0,0.4030661861449574,24.186773244895647,14.15739777731208
ISIC_0024869,otsu,0.06748518518518519,0.9040390201128953,0.9496013585470454,0.9935148148148149,0.9053290159705834,0.9998967348349147,0.9984263406367268,0.09609790900609187,10.0,3.1095156650346207
ISIC_0024869,adaptive,0.06748518518518519,0.3186986562210979,0.48335327364990305,0.9536185185185185,0.32149717359091157,0.9993645220610138,0.9734130940511798,0.6872839031886285,72.93894186315767,18.132692702025725
ISIC_0024869,kmeans,0.06748518518518519,0.47209264036002413,0.6413898519926928,0.964374074074074,0.47209264036002413,1.0,1.0,0.5279073596399758,50.13980058025224,18.187656601219537
ISIC_0024869,watershed,0.06748518518518519,0.802653945276087,0.8905247148288974,0.9866703703703704,0.8033587618681741,0.9999364522061014,0.9989081479459533,0.19751934580977992,15.297058540778355,6.559011522988269
ISIC_0024870,otsu,0.25888518518518516,0.8521867265626117,0.9201952636213369,0.9617333333333333,0.8521867265626117,1.0,1.0,0.14781327343738823,19.1049731745428,9.685687932890573
ISIC_0024870,adaptive,0.25888518518518516,0.5158350975567889,0.680595268427559,0.8746407407407407,0.5159015150431336,0.9999550227135297,0.9997504851677295,0.48422724216369334,95.87074575847383,32.86372197799806
ISIC_0024870,kmeans,0.25888518518518516,0.5064450135195068,0.6723710576548685,0.872225925925926,0.5064450135195068,1.0,1.0,0.4935549864804933,68.41963918025476,35.6551169189381
ISIC_0024870,watershed,0.25888518518518516,0.7580938210847079,0.8624042835404307,0.937374074074074,0.7580938210847079,1.0,1.0,0.24190617891529206,38.460388454691994,17.127584865856146
ISIC_0024871,otsu,0.1706814814814815,0.5300701420159335,0.6928703821610991,0.9196037037037037,0.5313123860775975,0.9995176762714589,0.9956085064855853,0.47103116048954086,54.1086820353755,23.513309608638814
ISIC_0024871,adaptive,0.1706814814814815,0.1335689965517989,0.23566099100822652,0.8520296296296296,0.13364725284263518,0.9998794190678647,0.995635305528613,0.8669386337991494,159.0361514183282,55.1264580669699
ISIC_0024871,kmeans,0.1706814814814815,0.0,0.0,0.7467037037037038,0.0,0.9003822862144732,0.0,1.4840291641350578,326.072384535747,196.26557059978117
ISIC_0024871,watershed,0.1706814814814815,0.0,0.0,0.7677925925925926,0.0,0.9258114650136658,0.0,1.360472181234268,327.72778112562565,211.93644378098358
ISIC_0024872,otsu,0.4162777777777778,0.6257395791627741,0.7697906690381722,0.8442037037037037,0.6257395791627741,1.0,1.0,0.3742604208372259,68.692383298401,31.277276759534637
ISIC_0024872,adaptive,0.4162777777777778,0.36847817384419673,0.5385225440740549,0.7370740740740741,0.3685306285866809,0.9998984803781605,0.9996138716605932,0.6316117265002892,124.25779653607253,55.81073946953088
ISIC_0024872,kmeans,0.4162777777777778,0.34538902976111036,0.5134411268723341,0.7275,0.34538902976111036,1.0,1.0,0.6546109702388896,110.51063117220737,62.63566411200798
ISIC_0024872,watershed,0.4162777777777778,0.39717958983940566,0.5685447922769301,0.7490592592592593,0.39717958983940566,1.0,1.0,0.6028204101605943,106.92053123698928,57.527088733105266
ISIC_0024873,otsu,0.4073,0.11563048440043285,0.20729172609974977,0.6397962962962963,0.11563048440043285,1.0,1.0,0.8843695155995671,326.75640185279644,117.68842786585608
ISIC_0024873,adaptive,0.4073,0.13130734466359312,0.2321338145340846,0.6461814814814815,0.13130734466359312,1.0,1.0,0.8686926553364068,141.37255565590837,62.89825692614076
ISIC_0024873,kmeans,0.4073,0.07682025261205226,0.14267980644997846,0.6239888888888889,0.07682025261205226,1.0,1.0,0.9231797473879477,341.7226203085659,131.37564072894466
ISIC_0024873,watershed,0.4073,0.08598630548053578,0.15835615061920671,0.6277222222222222,0.08598630548053578,1.0,1.0,0.9140136945194642,333.4992462275259,123.99974996788632
ISIC_0024874,otsu,0.16844814814814815,0.5242848662078671,0.6879092980988374,0.9198666666666667,0.5242848662078671,1.0,1.0,0.475715133792133,41.10960958218893,26.775640431478685
ISIC_0024874,adaptive,0.16844814814814815,0.1350234163716717,0.23792181627988068,0.8542962962962963,0.1350234163716717,1.0,1.0,0.8649765836283283,155.1966482443133,66.34574802390281
ISIC_0024874,kmeans,0.16844814814814815,0.4740880807370111,0.6432289724505168,0.9114111111111111,0.4740880807370111,1.0,1.0,0.525911919262989,49.23666998338275,29.94225976141873
ISIC_0024874,watershed,0.16844814814814815,0.4304214946900904,0.6018107198303027,0.9040555555555555,0.4304214946900904,1.0,1.0,0.5695785053099096,55.343908823695834,32.8347806655655
ISIC_0024875,otsu,0.15887777777777778,0.4528131929046563,0.6233605189106691,0.9122555555555556,0.45702496678089377,0.9982430879380721,0.9800539892021596,0.5522763829638436,74.04390396921454,27.80768670880266
ISIC_0024875,adaptive,0.15887777777777778,0.23673917518698964,0.3828441435942962,0.8764111111111111,0.24127561367927827,0.9963804969551261,0.9264232008592911,0.7778865654940905,91.68860094462896,38.79231789555237
ISIC_0024875,kmeans,0.15887777777777778,0.20058275058275057,0.3341423162799728,0.8729814814814815,0.2005967783294869,0.9999867901348727,0.9996514869888475,0.7994731566309998,83.01655811533381,47.591002753582565
ISIC_0024875,watershed,0.15887777777777778,0.30598143452062443,0.46858466197559456,0.8895148148148149,0.3065948667739003,0.9996213171996847,0.9935035503852546,0.6954099354267198,75.66372975210778,38.22389329312226
ISIC_0024876,otsu,0.03394814814814815,0.794348679903993,0.885389432723293,0.9930185185185185,0.794348679903993,1.0,1.0,0.20565132009600698,8.06225774829855,5.2911054479689215
ISIC_0024876,adaptive,0.03394814814814815,0.7701538125886331,0.8701546804708202,0.9921962962962962,0.770237835478944,0.9999961661439843,0.9998583770004249,0.22987126336460834,11.628963495787564,5.796330929423595
ISIC_0024876,kmeans,0.03394814814814815,0.762273619899629,0.8651024577477868,0.9919296296296296,0.762273619899629,1.0,1.0,0.23772638010037095,9.486832980505138,6.16563710409542
ISIC_0024876,watershed,0.03394814814814815,0.6639755618590443,0.7980592709152898,0.9885925925925926,0.6639755618590443,1.0,1.0,0.33602443814095573,14.317821063276353,8.877076026370613
ISIC_0024877,otsu,0.22605555555555557,0.21359472141533364,0.35200337912846646,0.5568111111111111,0.5324977471942328,0.5639126169454215,0.26289351926747984,1.960530842958958,151.695082669842,65.28898460362667
ISIC_0024877,adaptive,0.22605555555555557,0.1885572603543197,0.3172876337453175,0.7745481481481481,0.2317522732858196,0.9330892733232838,0.5028975717282327,0.997329401163267,128.77188089909325,49.41143644654378
ISIC_0024877,kmeans,0.22605555555555557,0.0,0.0,0.731037037037037,0.0,0.9445600937956117,0.0,1.1898091259113623,351.6507498746673,189.52565479127244
ISIC_0024877,watershed,0.22605555555555557,0.0,0.0,0.7346703703703704,0.0,0.9492546598712703,0.0,1.1737363807651349,388.85624535315793,227.03141627384028
ISIC_0024878,otsu,0.3431037037037037,0.6808545089488115,0.8101290210710869,0.8905,0.6808545089488115,1.0,1.0,0.3191454910511885,49.41455376166072,24.07981290813529
ISIC_0024878,adaptive,0.3431037037037037,0.4402924801585165,0.6113931527436129,0.8075,0.4413523608022626,0.9987426844532651,0.994575397114987,0.5610548586972949,101.26079681588921,39.31742751915595
ISIC_0024878,kmeans,0.3431037037037037,0.468803298862238,0.6383472847935209,0.8177444444444445,0.468803298862238,1.0,1.0,0.5311967011377621,80.85849945530025,44.84529007330131
ISIC_0024878,watershed,0.3431037037037037,0.5422612750707053,0.7032028669018422,0.8429481481481481,0.5422612750707053,1.0,1.0,0.4577387249292947,76.37735245382171,37.209287689085905
ISIC_0024879,otsu,0.4562555555555556,0.7429808198211125,0.852540442639371,0.8805888888888889,0.756569174195748,0.9846537384800866,0.9763970079829027,0.2617197964103938,75.09959868700348,26.474373960682243
ISIC_0024879,adaptive,0.4562555555555556,0.22045120552944786,0.36126180961706406,0.6424296296296297,0.22162693097598,0.9955248584915299,0.9765013054830287,0.7837063374164901,142.33762678926468,56.5676750731309
ISIC_0024879,kmeans,0.4562555555555556,0.21488931641623846,0.3537594964620041,0.6417888888888889,0.21488931641623846,1.0,1.0,0.7851106835837616,152.1867262489005,89.16692235657273
ISIC_0024879,watershed,0.4562555555555556,0.4775665214110086,0.6464230401687152,0.7615555555555555,0.47772934271728806,0.9997139178944358,0.9992868422393154,0.5226115968146506,124.54235405427393,49.65691275431803
ISIC_0024880,otsu,0.2042037037037037,0.7110525953462756,0.8311288586688661,0.9378185185185185,0.7493425228983405,0.986182021269169,0.9329554692439708,0.30450711888999726,54.842915426507886,20.61931575488333
ISIC_0024880,adaptive,0.2042037037037037,0.244682453351184,0.3931644616542971,0.832837037037037,0.2651854538859164,0.9784981267307379,0.7598877397224676,0.8186088691393851,102.17778621095441,37.36339247437674
ISIC_0024880,kmeans,0.2042037037037037,0.13758955291557087,0.24189665343345929,0.8238925925925926,0.13758955291557087,1.0,1.0,0.8624104470844292,153.4364678408122,60.84116365423124
ISIC_0024880,watershed,0.2042037037037037,0.48102337891486546,0.6495824249139235,0.891062962962963,0.49445905504670357,0.992832708910246,0.9465314908686897,0.5334723859617303,78.58657635175936,30.12630450187419
ISIC_0024881,otsu,0.09285185185185185,0.8941773758527686,0.944132674428344,0.9901185185185185,0.899242122058237,0.9994202425182706,0.993740632989509,0.10642201834862386,9.219544457292887,4.057130563934162
ISIC_0024881,adaptive,0.09285185185185185,0.7996774701069855,0.8886897606818926,0.981137037037037,0.8109692859992023,0.9985546890948435,0.9828861493836113,0.20315117670522537,24.903534722511935,7.49432491549625
ISIC_0024881,kmeans,0.09285185185185185,0.8035002391963004,0.891045336987997,0.9817444444444444,0.8039489429597128,0.9999428408116605,0.9993058654370569,0.1966094934184284,19.144096440681356,8.039625984968536
ISIC_0024881,watershed,0.09285185185185185,0.5976646278497101,0.7481728235469597,0.9624814814814815,0.6002393298763462,0.9995590576899522,0.9928741092636579,0.4040686078978859,50.00299970005998,16.96489783811617
ISIC_0024882,otsu,0.11107037037037037,0.7115038346115372,0.8314370324189526,0.9679555555555556,0.711527560105372,0.9999958335242968,0.9999531374478654,0.2885057854546667,40.0093647456283,12.614283013342453
ISIC_0024882,adaptive,0.11107037037037037,0.47712723392904777,0.6460204956886823,0.9419185185185185,0.47717496415352295,0.9999875005728904,0.9997904003353595,0.522925072526593,61.661974038762416,21.688920362735605
ISIC_0024882,kmeans,0.11107037037037037,0.5041515222248157,0.6703467234193491,0.944925925925926,0.5041515222248157,1.0,1.0,0.49584847777518426,54.86883021952558,23.30038821343646
ISIC_0024882,watershed,0.11107037037037037,0.4825102537597119,0.6509368181920421,0.9425222222222223,0.4825102537597119,1.0,1.0,0.5174897462402881,54.38979319715535,24.91273838711455
ISIC_0024883,otsu,0.01737037037037037,0.9018153425727113,0.9483731910089295,0.998137037037037,0.9850746268656716,0.9983679469300064,0.914308331684148,0.1072494669509595,4.47213595499958,1.7120025893656874
ISIC_0024883,adaptive,0.01737037037037037,0.8391313514653173,0.9125300928579617,0.9971740740740741,0.8486140724946695,0.9998002336888923,0.9868584180510787,0.1626865671641791,8.0,2.776244863827215
ISIC_0024883,kmeans,0.01737037037037037,0.6311300639658849,0.7738562091503268,0.9935925925925926,0.6311300639658849,1.0,1.0,0.36886993603411516,11.661903789690601,7.198169275405624
ISIC_0024883,watershed,0.01737037037037037,0.659855257556407,0.7950756604257502,0.9940814814814815,0.6609808102345416,0.9999698465945498,0.9974259974259975,0.34072494669509595,17.0,6.299784638800204
ISIC_0024884,otsu,0.14557037037037038,0.7184256055363322,0.8361439718097156,0.9590111111111111,0.7184256055363322,1.0,1.0,0.28157439446366783,23.08679276123039,14.963566325610167
ISIC_0024884,adaptive,0.14557037037037038,0.6997328584149599,0.8233445096395641,0.9562888888888889,0.6997506615102789,0.999995665291119,0.9999636416521234,0.3002747811927539,31.859049181941522,15.143917057518545
ISIC_0024884,kmeans,0.14557037037037038,0.5432780378587421,0.7040572398898726,0.9335148148148148,0.5432780378587421,1.0,1.0,0.4567219621412579,49.10956167918259,26.14133079729429
ISIC_0024884,watershed,0.14557037037037038,0.5594850396906167,0.7175253695304598,0.9358740740740741,0.5594850396906167,1.0,1.0,0.44051496030938325,47.07434452061677,24.891650537659913
ISIC_0024885,otsu,0.2763,0.8062249646750755,0.8927182166592504,0.944637037037037,0.8336751518076165,0.9870009570161566,0.9607618988769252,0.20037264916019892,31.827660925679098,12.255540071544305
ISIC_0024885,adaptive,0.2763,0.18264688710790297,0.30887814291644694,0.7718555555555555,0.18451495288266914,0.9960951693713888,0.9474807268722467,0.8257127920537258,159.43020673741063,50.18090173721112
ISIC_0024885,kmeans,0.2763,0.2926904465087599,0.45283918868472356,0.8045703703703704,0.2926904465087599,1.0,1.0,0.70730955349124,118.45674315968678,56.62088674966674
ISIC_0024885,watershed,0.2763,0.7017877723873596,0.8247653247653247,0.9175851851851852,0.7019476950711117,0.9999129985312105,0.9996754672317355,0.2982801839117438,41.5607691879345,21.807610566082086
ISIC_0024886,otsu,0.13822592592592592,0.6914202388866254,0.8175617424818703,0.9467037037037037,0.8639371935371507,0.9599791988103783,0.7759114426663458,0.38557380563221777,77.95991129747325,20.58321820269408
ISIC_0024886,adaptive,0.13822592592592592,0.23090356380570468,0.3751773422310966,0.8678777777777777,0.28696980252404813,0.9610536404230722,0.5416750960954886,0.9558425551298196,102.96406148398499,42.27173857000429
ISIC_0024886,kmeans,0.13822592592592592,0.6501125124286985,0.7879614360015222,0.950474074074074,0.6657377883765172,0.9961449034936544,0.9651555762731616,0.35829693738109913,52.35121755266526,15.488459284329272
ISIC_0024886,watershed,0.13822592592592592,0.2320347705516892,0.37666919164592577,0.8933296296296296,0.23316631387154685,0.9992178065059588,0.9795137325529041,0.7717102971517377,153.0096401477232,50.17552905223357
ISIC_0024887,otsu,0.13714074074074073,0.8065379924704386,0.892910080864116,0.9729740740740741,0.8215674624608404,0.997038270693474,0.977821349361962,0.19706708436858594,27.0,10.222869740689017
ISIC_0024887,adaptive,0.13714074074074073,0.6266407747898334,0.7704722327162826,0.9437444444444445,0.6884789888732851,0.9843157117593531,0.8746354684873229,0.41020308955385115,125.4948141177079,30.628923894789857
ISIC_0024887,kmeans,0.13714074074074073,0.5628443340175002,0.7202820162781455,0.9400481481481482,0.5628443340175002,1.0,1.0,0.4371556659824997,46.58754748683637,24.10459922139466
ISIC_0024887,watershed,0.13714074074074073,0.645889597061683,0.7848516671042268,0.9514370370370371,0.645889597061683,1.0,1.0,0.35411040293831697,32.80466010278591,18.7772833339955
ISIC_0024888,otsu,0.09392592592592593,0.8072949526813881,0.8933737699910544,0.9819,0.8072949526813881,1.0,1.0,0.192705047318612,11.0,7.3219149964933035
ISIC_0024888,adaptive,0.09392592592592593,0.663288643533123,0.7975628837628316,0.968374074074074,0.663288643533123,1.0,1.0,0.336711356466877,31.292926557448066,12.934665043226687
ISIC_0024888,kmeans,0.09392592592592593,0.5826498422712934,0.7362965915885987,0.9608,0.5826498422712934,1.0,1.0,0.41735015772870665,28.449954760599635,16.91027251414905
ISIC_0024888,watershed,0.09392592592592593,0.6871451104100946,0.8145655120833918,0.9706148148148148,0.6871451104100946,1.0,1.0,0.31285488958990537,19.697715603592208,12.10023811130707
ISIC_0024889,otsu,0.2432777777777778,0.8276663981395631,0.9057083929343668,0.9580074074074074,0.8290020552637588,0.9994811932555123,0.9980571491412966,0.17261170739133744,26.92582403567252,11.113022128918692
ISIC_0024889,adaptive,0.2432777777777778,0.3162402263530987,0.480520531163683,0.8335222222222223,0.3164953946867626,0.9997405966277562,0.9974570578639286,0.6843114866407856,102.93007297949066,40.92639433070991
ISIC_0024889,kmeans,0.2432777777777778,0.7479301107999513,0.8557894920153946,0.9386592592592593,0.748146456573038,0.9999070063382522,0.9996135147779744,0.25214280277080003,36.392978870121624,16.289313791791972
ISIC_0024889,watershed,0.2432777777777778,0.7049995438372412,0.8269791583059101,0.9281444444444444,0.7058689198447134,0.9996035533367594,0.9982560392714119,0.295364238410596,49.48938933895627,19.597941096930274
ISIC_0024890,otsu,0.15187777777777778,0.6002224313457096,0.7501737503341352,0.9307703703703704,0.6843709610554296,0.974894429087352,0.8299766362050099,0.4558246153095813,46.696890998767884,17.740730813321097
ISIC_0024890,adaptive,0.15187777777777778,0.4406302298052982,0.6117187057290191,0.8984888888888889,0.5264954763820812,0.9651037367954479,0.72986038335418,0.6683736922964372,58.845558518597336,24.271277839164313
ISIC_0024890,kmeans,0.15187777777777778,0.4789333333333333,0.6476739992787595,0.9167740740740741,0.5036701051040067,0.9907508089766937,0.906991041630072,0.5479796132367645,53.06499135633874,25.286612010486557
ISIC_0024890,watershed,0.15187777777777778,0.5116846259589375,0.6769727192725139,0.9184296296296296,0.5627819640549174,0.9821173572991314,0.8492989364442646,0.5370790352866583,48.07233901587295,20.714868789998697
ISIC_0024891,otsu,0.19325185185185184,0.547780220732381,0.7078268779958714,0.8453592592592593,0.9692974050366054,0.8156705934203157,0.557452577512758,0.800203150753191,123.89110337325725,21.0109197653649
ISIC_0024891,adaptive,0.19325185185185184,0.29616442932369824,0.4569858925664677,0.703474074074074,0.6456552570048679,0.7173242372212173,0.35364573492053497,1.5344014718847023,182.57011980792103,69.18944376021125
ISIC_0024891,kmeans,0.19325185185185184,0.6232496748029689,0.7679036496694439,0.9270555555555555,0.6244202537467899,0.9995500913589995,0.9970011322255883,0.37745793246195714,84.59816780253581,25.70144517074441
ISIC_0024891,watershed,0.19325185185185184,0.806573730197176,0.892931981369112,0.9600703703703704,0.8615891755145847,0.9836609708844837,0.9266412449757807,0.20661964812756334,59.584587919056034,14.795847134976711
ISIC_0024892,otsu,0.16368148148148148,0.7153459745666833,0.8340544533558464,0.9534074074074074,0.7153459745666833,1.0,1.0,0.28465402543331675,27.01295852054881,15.177645834825883
ISIC_0024892,adaptive,0.16368148148148148,0.653561653131857,0.7904896099809847,0.9432777777777778,0.6537539032447843,0.9999424284562854,0.9995502508216572,0.3465402543331674,36.72666268073826,16.902910026437162
ISIC_0024892,kmeans,0.16368148148148148,0.5383988776757026,0.6999470494793198,0.9244444444444444,0.5383988776757026,1.0,1.0,0.4616011223242974,39.05124837953327,25.899017930401776
ISIC_0024892,watershed,0.16368148148148148,0.5645562746074128,0.7216822862432026,0.928725925925926,0.5645562746074128,1.0,1.0,0.43544372539258724,40.024992192379,24.673844876466635
ISIC_0024893,otsu,0.3104074074074074,0.0,0.0,0.5327814814814815,0.0,0.772603254739782,0.0,1.5051783796682974,316.77760226764525,121.03423632286587
ISIC_0024893,adaptive,0.3104074074074074,0.2636209750925426,0.4172469123080773,0.7067629629629629,0.33819353299128985,0.8726677050324937,0.5445323906862368,0.9446844052022432,114.58621208504974,49.915355899750075
ISIC_0024893,kmeans,0.3104074074074074,0.0,0.0,0.5574185185185185,0.0,0.8083302003329932,0.0,1.4258083760887723,339.5585369174146,147.64927545280415
ISIC_0024893,watershed,0.3104074074074074,0.0,0.0,0.5713037037037038,0.0,0.8284655459476878,0.0,1.381076243884978,336.7758895755592,149.3953397131754
ISIC_0024894,otsu,0.45776666666666666,0.7163280662151994,0.834721613327488,0.8701444444444445,0.7163280662151994,1.0,1.0,0.2836719337848006,39.99249648107522,27.138957581558568
ISIC_0024894,adaptive,0.45776666666666666,0.4381089450746703,0.6092847785630352,0.7426185185185186,0.4383925176177415,0.9994535631100455,0.9985257260799056,0.5622547472835101,133.74226645419006,53.22650153918235
ISIC_0024894,kmeans,0.45776666666666666,0.5638243646690454,0.7210840007450177,0.8003333333333333,0.5638243646690454,1.0,1.0,0.43617563533095466,60.108235708594876,44.96671910901723
ISIC_0024894,watershed,0.45776666666666666,0.6088173661173005,0.7568508134476603,0.8209296296296297,0.6088173661173005,1.0,1.0,0.3911826338826994,54.45181356024793,38.58348306796048
ISIC_0024895,otsu,0.22281851851851853,0.8383338042918169,0.9120583022894138,0.9639777777777778,0.8383338042918169,1.0,1.0,0.16166619570818305,20.580313918980373,10.282311448753584
ISIC_0024895,adaptive,0.22281851851851853,0.7865394524692076,0.8805173055452177,0.9524370370370371,0.7865394524692076,1.0,1.0,0.21346054753079238,32.258329130177316,13.05147173071635
ISIC_0024895,kmeans,0.22281851851851853,0.678396303252938,0.8083863172697923,0.9283407407407407,0.678396303252938,1.0,1.0,0.3216036967470621,40.03623166085916,21.61798807773562
ISIC_0024895,watershed,0.22281851851851853,0.71439969415402,0.8334108978088036,0.936362962962963,0.71439969415402,1.0,1.0,0.28560030584597995,37.0,18.618925828907226
ISIC_0024896,otsu,0.02028148148148148,0.6407962016070125,0.7810795770728993,0.9927148148148148,0.6407962016070125,1.0,1.0,0.3592037983929876,16.08093507278811,6.996525508065246
ISIC_0024896,adaptive,0.02028148148148148,0.0,0.0,0.9616259259259259,0.0,0.9815328665829943,0.0,1.8920745069393718,191.46317287580536,130.83017197892434
ISIC_0024896,kmeans,0.02028148148148148,0.5615412710007305,0.7192141270026897,0.9911074074074074,0.5615412710007305,1.0,1.0,0.4384587289992695,18.384776310850235,9.035523450901756
ISIC_0024896,watershed,0.02028148148148148,0.40741417092768445,0.5789541974828079,0.9879814814814815,0.40741417092768445,1.0,1.0,0.5925858290723156,23.060767203315308,12.419386098092845
ISIC_0024897,otsu,0.10914444444444445,0.642238732653813,0.7821502682694285,0.9568407407407408,0.7098646034816247,0.987099375964013,0.8708267421530264,0.39543248837761713,41.98332860654149,13.240711367522854
ISIC_0024897,adaptive,0.10914444444444445,0.2577707509881423,0.409885109485381,0.913062962962963,0.27662967864535615,0.9910364984139258,0.7908420644159876,0.7965319488275815,85.5581489365219,29.420544367869464
ISIC_0024897,kmeans,0.10914444444444445,0.1929485221758458,0.3234817237946238,0.9119148148148148,0.1929485221758458,1.0,1.0,0.8070514778241542,149.58459140960503,51.77206397988257
ISIC_0024897,watershed,0.10914444444444445,0.1627315285975982,0.2799124726477024,0.9085888888888889,0.16278122773083578,0.9999625827855869,0.99812734082397,0.8375241779497099,194.65238246260168,62.71395673182021
ISIC_0024898,otsu,0.3875,0.8815579450418161,0.9370510723465645,0.9541037037037037,0.8815579450418161,1.0,1.0,0.118442054958184,21.93171219946131,9.59522197013602
ISIC_0024898,adaptive,0.3875,0.6951363723059317,0.8201539223187362,0.8816,0.6966977299880526,0.9985789871504157,0.9967864126793113,0.3055483870967742,108.2266141020775,30.644243062256855
ISIC_0024898,kmeans,0.3875,0.7093715651135006,0.8299793673780914,0.8873814814814814,0.7093715651135006,1.0,1.0,0.2906284348864994,46.76314870424169,24.64057040573583
ISIC_0024898,watershed,0.3875,0.7999139784946236,0.888835786656471,0.9224666666666667,0.7999139784946236,1.0,1.0,0.20008602150537635,36.89171115091873,16.945391023931872
ISIC_0024899,otsu,0.4049888888888889,0.4966208492231154,0.6636561951958742,0.7961370370370371,0.4966208492231154,1.0,1.0,0.5033791507768846,132.4868090972804,53.76842415335102
ISIC_0024899,adaptive,0.4049888888888889,0.3113025505958097,0.47479897061797793,0.7210851851851852,0.3113025505958097,1.0,1.0,0.6886974494041903,137.63720336137968,63.09674256621712
ISIC_0024899,kmeans,0.4049888888888889,0.23805865730198358,0.3845676550104153,0.6914222222222223,0.23805865730198358,1.0,1.0,0.7619413426980164,104.04734497840664,60.30066975273583
ISIC_0024899,watershed,0.4049888888888889,0.3279285211299807,0.49389483833201336,0.7278185185185185,0.3279285211299807,1.0,1.0,0.6720714788700193,110.06588928693266,58.7121482559076
ISIC_0024900,otsu,0.2855185185185185,0.5300461651860185,0.6928498985801217,0.8654,0.5317032040472175,0.9987507127676118,0.994154741692942,0.47142301206382153,82.0106696551226,34.682444591307366
ISIC_0024900,adaptive,0.2855185185185185,0.1015789064322937,0.18442420391160064,0.7433111111111111,0.10164742508756,0.9997304442486133,0.9934077079107505,0.8990271111687638,214.64342344093606,82.29663199194599
ISIC_0024900,kmeans,0.2855185185185185,0.07824620573355819,0.1451360650609947,0.7368222222222223,0.07824620573355819,1.0,1.0,0.9217537942664418,167.8414245800172,97.1910812115359
ISIC_0024900,watershed,0.2855185185185185,0.07670255545466338,0.14247677794778502,0.7363814814814815,0.07670255545466338,1.0,1.0,0.9232974445453366,214.01752248452593,105.0881993264248
ISIC_0024901,otsu,0.24827777777777776,0.6939216797399266,0.8193078677007861,0.9239814814814815,0.6941597672857462,0.9998866799694529,0.9995059713033766,0.30618333706272843,47.80372808561285,20.769467671124733
ISIC_0024901,adaptive,0.24827777777777776,0.40024463372067004,0.57167815406249,0.8510851851851852,0.40026851644663236,0.9999802921686005,0.9998509464897898,0.5997911538748415,92.00869462504748,39.09759816378106
ISIC_0024901,kmeans,0.24827777777777776,0.5527112702319684,0.7119305189939089,0.8889481481481482,0.5527112702319684,1.0,1.0,0.44728872976803163,88.30741493868874,34.4231125371301
ISIC_0024901,watershed,0.24827777777777776,0.47679570373685387,0.6457165368647535,0.8701,0.47679570373685387,1.0,1.0,0.5232042962631461,91.18689495875056,37.883272068225054
ISIC_0024902,otsu,0.20112592592592593,0.8738952717631463,0.9327044952100221,0.9746333333333334,0.8740240129640542,0.9999629107632965,0.9998314760590676,0.1261233058338244,13.9355494494657,7.027121517953404
ISIC_0024902,adaptive,0.20112592592592593,0.8432185510649618,0.9149414762321841,0.9683481481481482,0.846401738361815,0.9990495883094725,0.9955596950268585,0.1573733058338244,32.010934831014964,9.040733922884158
ISIC_0024902,kmeans,0.20112592592592593,0.5305318208603418,0.6932646726183315,0.9055777777777778,0.5305318208603418,1.0,1.0,0.4694681791396582,53.03772242470448,28.531647885300078
ISIC_0024902,watershed,0.20112592592592593,0.7334045334855543,0.8462012407580521,0.9463777777777778,0.7334450500883912,0.9999860915362362,0.99992468367142,0.2666101944608132,33.845956199808356,15.571104314415457
ISIC_0024903,otsu,0.2680296296296296,0.8064890559363255,0.8928800905669614,0.9481333333333334,0.8064890559363255,1.0,1.0,0.19351094406367456,27.04346942832971,13.661677711304613
ISIC_0024903,adaptive,0.2680296296296296,0.7651528758341508,0.8669536631183469,0.9370444444444445,0.7652691797479549,0.9999443409974094,0.99980141536684,0.23488282113641387,37.22288372069677,15.286553070197147
ISIC_0024903,kmeans,0.2680296296296296,0.7105903161618395,0.8308129766059196,0.9224296296296296,0.7105903161618395,1.0,1.0,0.2894096838381605,35.22782990761707,21.289057493137282
ISIC_0024903,watershed,0.2680296296296296,0.71222087110325,0.8319263981922363,0.9228666666666666,0.71222087110325,1.0,1.0,0.28777912889674995,40.08919419082548,21.010433082838016
ISIC_0024904,otsu,0.09034444444444445,0.7190578868800797,0.8365720460817043,0.9686333333333333,0.8886155864387324,0.9765804720549496,0.7902872976520344,0.3471897675562661,55.081709545225486,15.129491490100246
ISIC_0024904,adaptive,0.09034444444444445,0.5306364715551091,0.6933540150340055,0.9428888888888889,0.7146722420366498,0.9655547276746999,0.6732707681612791,0.632148567211905,94.68626236921875,25.72462346092121
ISIC_0024904,kmeans,0.09034444444444445,0.5067437379576107,0.6726342710997443,0.9554370370370371,0.5067437379576107,1.0,1.0,0.4932562620423892,42.46290726943276,22.09502243372075
ISIC_0024904,watershed,0.09034444444444445,0.5117238791971488,0.677007072837821,0.9517962962962963,0.5591768130201287,0.9907901647754339,0.8577537416677148,0.53355470831796,41.97618372363071,17.105522795375425
ISIC_0024905,otsu,0.13607407407407407,0.3687016256877312,0.5387611423380457,0.8495592592592592,0.6456995100707675,0.8816685243933807,0.46221139795421334,1.1055797495917257,118.24761966948161,40.97858096687219
ISIC_0024905,adaptive,0.13607407407407407,0.37066212476048543,0.5408511960236099,0.9124148148148148,0.37909635274904735,0.9964160164623167,0.9433757789217014,0.6436581382689167,105.37646768779982,35.55979254856361
ISIC_0024905,kmeans,0.13607407407407407,0.3656990668098109,0.5355485343693782,0.8862111111111111,0.4821175830157866,0.9498585269656178,0.6022986160699105,0.8362275449101796,105.54904041136044,41.895719534005636
ISIC_0024905,watershed,0.13607407407407407,0.35629119914037155,0.5253904166984079,0.8846259259259259,0.4692977681001633,0.9500428706164795,0.5967122339505104,0.8478769733260751,110.00545330589219,42.49260105351191
ISIC_0024906,otsu,0.04025555555555556,0.4000368019136995,0.5714661234146021,0.9758481481481481,0.4000368019136995,1.0,1.0,0.5999631980863005,33.52610922848042,19.549315967525153
ISIC_0024906,adaptive,0.04025555555555556,0.3364528855858336,0.5035013044075244,0.9732148148148149,0.3373815438402797,0.9998842284404413,0.991885312415472,0.6653785996871837,38.5304727888005,20.56656530167572
ISIC_0024906,kmeans,0.04025555555555556,0.32008464440150886,0.48494563702258153,0.9726296296296296,0.32008464440150886,1.0,1.0,0.6799153555984911,37.45930612341191,23.614696506599472
ISIC_0024906,watershed,0.04025555555555556,0.25595730978010856,0.40758918760530366,0.9700481481481481,0.25595730978010856,1.0,1.0,0.7440426902198914,39.698866482558415,27.162263340841566
ISIC_0024907,otsu,0.05511851851851852,0.7392823545222417,0.8501004481532993,0.9856296296296296,0.7392823545222417,1.0,1.0,0.2607176454777584,13.601470508735444,8.263322955112427
ISIC_0024907,adaptive,0.05511851851851852,0.7353178336245129,0.8474733785091965,0.9854111111111111,0.7353178336245129,1.0,1.0,0.2646821663754872,19.235384061671343,7.898979539617977
ISIC_0024907,kmeans,0.05511851851851852,0.6198763607042064,0.7653378686688513,0.9790481481481481,0.6198763607042064,1.0,1.0,0.38012363929579357,21.532504183432717,12.281209946197713
ISIC_0024907,watershed,0.05511851851851852,0.6758500201585809,0.8065757818765036,0.9821333333333333,0.6758500201585809,1.0,1.0,0.3241499798414192,21.013087822895752,10.41871069034252
ISIC_0024908,otsu,0.07064444444444444,0.7712479757613749,0.8708526263013537,0.9837814814814815,0.7740379574289609,0.9997250185313599,0.9953482100721365,0.22957953234769843,19.674840798950537,7.423817552572179
ISIC_0024908,adaptive,0.07064444444444444,0.7083441238928886,0.8292756874753661,0.9791444444444445,0.7169969592114921,0.999071439388505,0.9832482565245525,0.2952186222082416,34.215365341396335,9.367785187744243
ISIC_0024908,kmeans,0.07064444444444444,0.6721440159087341,0.8039307733233186,0.9767962962962963,0.67337737233931,0.9998605166463419,0.9972823977016849,0.3284575862430534,23.4730412511347,10.879165758416972
ISIC_0024908,watershed,0.07064444444444444,0.6919731740542806,0.8179481621404019,0.9782259259259259,0.6924085142078221,0.9999521771358887,0.9990922157500567,0.30822061444898813,23.021728866442675,10.05152565312008
ISIC_0024909,otsu,0.15537407407407408,0.4838502061929394,0.6521550546996739,0.9198037037037037,0.4838502061929394,1.0,1.0,0.5161497938070606,50.44799302251776,25.631075727121996
ISIC_0024909,adaptive,0.15537407407407408,0.38574507899661276,0.5567331031417729,0.9039555555555555,0.38819098472026886,0.9988335840104539,0.9839284635369464,0.6181497461323926,69.3973861014589,27.036677635964207
ISIC_0024909,kmeans,0.15537407407407408,0.0,0.0,0.834062962962963,0.0,0.9874939157812576,0.0,1.0679840766608661,424.0222277490091,274.97472133560564
ISIC_0024909,watershed,0.15537407407407408,0.19332077900407618,0.3240047142486167,0.874662962962963,0.19332077900407618,1.0,1.0,0.8066792209959238,81.02468759581859,48.97579979767973
ISIC_0024910,otsu,0.5192222222222223,0.06665953349026321,0.12498746112950146,0.5153888888888889,0.06665953349026321,1.0,1.0,0.9333404665097368,202.25601821980342,118.48104214729163
ISIC_0024910,adaptive,0.5192222222222223,0.054668663956059634,0.1036698364602919,0.5091629629629629,0.054668663956059634,1.0,1.0,0.9453313360439404,201.37092626135203,108.97659317092035
ISIC_0024910,kmeans,0.5192222222222223,0.03607960624866253,0.0696463978849967,0.49951111111111113,0.03607960624866253,1.0,1.0,0.9639203937513374,232.30195774679407,142.38385679003736
ISIC_0024910,watershed,0.5192222222222223,0.018132534417576146,0.03561920242132108,0.49019259259259257,0.018132534417576146,1.0,1.0,0.9818674655824239,270.68893582296465,167.37955373858878
ISIC_0024911,otsu,0.023725925925925925,0.8518460819442281,0.9199966349793892,0.9964777777777778,0.8535747736497034,0.9999506817302366,0.9976281700419631,0.1484545738370278,7.280109889280518,3.0634613621852163
ISIC_0024911,adaptive,0.023725925925925925,0.0,0.0,0.943737037037037,0.0,0.9666722307791528,0.0,2.3713705900718076,190.54643876211063,143.15783081337403
ISIC_0024911,kmeans,0.023725925925925925,0.6359662816109897,0.7774809160305344,0.991362962962963,0.6359662816109897,1.0,1.0,0.36403371838901033,19.601588681651148,8.0219345603812
ISIC_0024911,watershed,0.023725925925925925,0.701215710723192,0.8243701328447092,0.9929,0.7023103340618171,0.9999620628694128,0.9977822133510756,0.2992507024664377,15.652475842498529,6.562829367519512
ISIC_0024912,otsu,0.24121481481481483,0.4709034516644147,0.6402914496278589,0.8723740740740741,0.4709034516644147,1.0,1.0,0.5290965483355853,65.09876561435823,36.98273739815703
ISIC_0024912,adaptive,0.24121481481481483,0.23844252352950207,0.38506837257162696,0.8162925925925926,0.23845350694017933,0.9999853567105315,0.9998068628082147,0.7615925561970274,95.48081713628903,49.42136397861282
ISIC_0024912,kmeans,0.24121481481481483,0.2847162510748065,0.44323600769681254,0.827462962962963,0.2847162510748065,1.0,1.0,0.7152837489251934,80.91476937018585,54.29815534215973
ISIC_0024912,watershed,0.24121481481481483,0.2962473897555583,0.4570846461822748,0.8302444444444445,0.2962473897555583,1.0,1.0,0.7037526102444417,99.16549159150779,54.97137214755369
ISIC_0024913,otsu,0.19982592592592593,0.45799670638380313,0.6282547887501744,0.7927740740740741,0.8762997423683576,0.7719153702666549,0.48965367248021874,1.0370322317572702,146.4547711752676,50.96341500490595
ISIC_0024913,adaptive,0.19982592592592593,0.42181237293058377,0.5933446366923375,0.7788111111111111,0.8075361889051582,0.771637652918115,0.46895787139689576,1.1069078642522194,148.7615541731129,55.91269444927459
ISIC_0024913,kmeans,0.19982592592592593,0.4234306405614125,0.5949438328718399,0.8667185185185186,0.4898337441847534,0.9608372252333983,0.7574880334776004,0.6669879339425056,65.84524769193077,24.98750006025002
ISIC_0024913,watershed,0.19982592592592593,0.449255352156376,0.6199809460602232,0.8685148148148149,0.5367449446740682,0.9513670636481877,0.7337708407236608,0.6579986284358609,62.8156029755849,22.842677736213666
ISIC_0024914,otsu,0.10652592592592593,0.5046133405506483,0.6707548403976975,0.9254296296296296,0.7130588971559697,0.9507498818594086,0.6331892559431923,0.7000208608580766,87.04969840553284,27.168893033176357
ISIC_0024914,adaptive,0.10652592592592593,0.3541391100351893,0.5230468678007335,0.9041518518518519,0.49335929351227314,0.9531292748240326,0.556536063066243,0.8997635769417982,108.6742839680958,39.270256894083374
ISIC_0024914,kmeans,0.10652592592592593,0.47122103078519545,0.6405849575623633,0.9433814814814815,0.47364578262985885,0.9993864979812468,0.9892527775760657,0.5314998956957097,45.617978911828175,21.28550918153635
ISIC_0024914,watershed,0.10652592592592593,0.39508618293021963,0.5663968115581018,0.9355296296296296,0.395278492455323,0.9999419660252531,0.9987700957568304,0.6052082608997984,75.81943546972165,28.45328781424828
ISIC_0024915,otsu,0.01834074074074074,0.0,0.0,0.937637037037037,0.0,0.9551552926262413,0.0,3.400242326332795,307.0943767877546,265.1157269638754
ISIC_0024915,adaptive,0.01834074074074074,0.0,0.0,0.9510777777777778,0.0,0.9688471522139386,0.0,2.6674071082390953,307.05862632402955,268.80319879479424
ISIC_0024915,kmeans,0.01834074074074074,0.0,0.0,0.954837037037037,0.0,0.9726766472488002,0.0,2.4624394184168015,317.49173217581586,269.78479973477863
ISIC_0024915,watershed,0.01834074074074074,0.0,0.0,0.9614148148148148,0.0,0.97937732033443,0.0,2.1037964458804526,324.2970435595912,277.877724153009
ISIC_0024916,otsu,0.18938518518518518,0.8713576094183909,0.931257184658794,0.9756370370370371,0.8713576094183909,1.0,1.0,0.12864239058160912,11.704699910719626,7.773623618129298
ISIC_0024916,adaptive,0.18938518518518518,0.8225251300504557,0.902621441524578,0.9663888888888889,0.8225251300504557,1.0,1.0,0.17747486994954434,18.35755975068582,10.514952122418954
ISIC_0024916,kmeans,0.18938518518518518,0.7366331599327258,0.8483463024065044,0.9501222222222222,0.7366331599327258,1.0,1.0,0.26336684006727423,23.259406699226016,16.959915946341763
ISIC_0024916,watershed,0.18938518518518518,0.8163061759299096,0.898864064602961,0.9652111111111111,0.8163061759299096,1.0,1.0,0.18369382407009036,21.02379604162864,11.224909914731404
ISIC_0024917,otsu,0.7617444444444444,0.7086873675409773,0.8295108643085134,0.7780370370370371,0.7088699913940225,0.9991761103079482,0.9996366054838289,0.291387701717792,235.11315914279612,70.23624939311851
ISIC_0024917,adaptive,0.7617444444444444,0.039388149034137045,0.07579102969518926,0.26825925925925925,0.039388149034137045,1.0,1.0,0.960611850965863,250.6118023463036,127.15078918854728
ISIC_0024917,kmeans,0.7617444444444444,0.23497722090134243,0.38053693124776083,0.41724814814814815,0.23497722090134243,1.0,1.0,0.7650227790986576,222.30856807147885,123.63676632365238
ISIC_0024917,watershed,0.7617444444444444,0.28718195564761195,0.44621811918288407,0.4570148148148148,0.28718195564761195,1.0,1.0,0.712818044352388,221.0029411475198,121.19230306503012
ISIC_0024918,otsu,0.11371481481481481,0.7691430804807348,0.8695091866416289,0.9737481481481481,0.7691430804807348,1.0,1.0,0.2308569195192652,17.46424919657298,9.787063771943746
ISIC_0024918,adaptive,0.11371481481481481,0.7019406095337327,0.8248708628276258,0.9660962962962963,0.7021463700615576,0.9999623898335541,0.9995826957852274,0.29814676090284337,42.058887209307734,13.474329853679171
ISIC_0024918,kmeans,0.11371481481481481,0.7450737712927076,0.8539166464473021,0.9710111111111112,0.7450737712927076,1.0,1.0,0.2549262287072924,19.4164878389476,10.958778823965718
ISIC_0024918,watershed,0.11371481481481481,0.6169429697423705,0.7630979957699667,0.9564407407407407,0.6169429697423705,1.0,1.0,0.38305703025762955,33.06735154036217,16.732995896787635
ISIC_0024919,otsu,0.3085777777777778,0.7439867492438427,0.8532022959078334,0.921,0.7439867492438427,1.0,1.0,0.2560132507561573,47.20169488482379,18.77772104005023
ISIC_0024919,adaptive,0.3085777777777778,0.48251132809248004,0.6509377958188265,0.8388444444444444,0.486953286283547,0.995891452936513,0.9814456432338284,0.5222526285467377,100.80573903673289,34.44027705516516
ISIC_0024919,kmeans,0.3085777777777778,0.654724182629987,0.7913393537155914,0.8934555555555556,0.654724182629987,1.0,1.0,0.34527581737001295,56.39590772625567,26.178204437530713
ISIC_0024919,watershed,0.3085777777777778,0.6463344375630131,0.7851800008748524,0.8908666666666667,0.6463344375630131,1.0,1.0,0.3536655624369869,56.36222124324391,26.605408554007646
ISIC_0024920,otsu,0.3274888888888889,0.8132704530546696,0.8970205759263533,0.9388481481481481,0.8132704530546696,1.0,1.0,0.18672954694533034,24.087334297064796,14.421212097574221
ISIC_0024920,adaptive,0.3274888888888889,0.7319588794770592,0.8452381729733259,0.9122185185185185,0.7319671574947412,0.9999944927248896,0.9999845495418939,0.2680441519078962,64.18800166128706,21.098554630941923
ISIC_0024920,kmeans,0.3274888888888889,0.5417430051344688,0.7027669375898594,0.849925925925926,0.5417430051344688,1.0,1.0,0.4582569948655312,59.67914170854671,38.97944742323782
ISIC_0024920,watershed,0.3274888888888889,0.621462984325168,0.7665460023853864,0.8760333333333333,0.621462984325168,1.0,1.0,0.37853701567483206,55.7144504119182,31.56470377422395
ISIC_0024921,otsu,0.35,0.7220830863937905,0.8386158508831333,0.8923185185185185,0.7993650793650794,0.9423703703703704,0.8819202839330329,0.30766137566137564,59.402440891610276,19.167248400811612
ISIC_0024921,adaptive,0.35,0.10938581950185702,0.197200680915453,0.6856,0.11032804232804233,0.9953618233618233,0.9275800711743772,0.8982857142857142,157.2076550712584,64.89840804264621
ISIC_0024921,kmeans,0.35,0.6638691204846775,0.7979823801180894,0.8799962962962963,0.6771746031746032,0.9892079772079773,0.9712538133470943,0.3428677248677249,56.0357029044876,21.922955710283738
ISIC_0024921,watershed,0.35,0.599553895632327,0.7496513837632394,0.8570407407407408,0.6115449735449735,0.9892307692307692,0.9683316298319398,0.40845502645502646,76.5297305073021,25.886933916577593
ISIC_0024922,otsu,0.08326666666666667,0.7611130867709816,0.864354586299157,0.9800962962962962,0.7615870474157104,0.9999434384570011,0.9991830065359477,0.2390356729828307,18.788294228055936,8.873810200238331
ISIC_0024922,adaptive,0.08326666666666667,0.4960407023449753,0.6631379768845249,0.9512074074074074,0.5767725291344187,0.9852172367262179,0.7799230121496451,0.5859798950271328,52.40229002629561,18.20842479497089
ISIC_0024922,kmeans,0.08326666666666667,0.631082643892892,0.7738205617671121,0.9692814814814815,0.631082643892892,1.0,1.0,0.3689173561071079,28.83660268782151,14.089722186119014
ISIC_0024922,watershed,0.08326666666666667,0.4921715149897696,0.6596715056487913,0.9577148148148148,0.4921715149897696,1.0,1.0,0.5078284850102304,44.08482015919848,21.490804723519037
ISIC_0024923,otsu,0.4711925925925926,0.2061520167725381,0.34183421974315736,0.6241629629629629,0.20713398626023802,0.9957556486293406,0.977520587580681,0.7976293408372765,283.9859092342589,81.84822582598274
ISIC_0024923,adaptive,0.4711925925925926,0.1767217620160395,0.30036286864155176,0.6072444444444445,0.17892345663485876,0.9888988499628795,0.9349022506982093,0.8335350804106209,172.53191740619752,42.81931571565692
ISIC_0024923,kmeans,0.4711925925925926,0.14415086633468951,0.2519787740868121,0.5964259259259259,0.14425964062819324,0.9993276275056381,0.9947964659331129,0.8564949458427001,287.82383440191035,87.92602653259618
ISIC_0024923,watershed,0.4711925925925926,0.14466051469085536,0.25275706261244557,0.5969703703703704,0.14466051469085536,1.0,1.0,0.8553394853091446,284.58829089274184,88.34755252623022
ISIC_0024924,otsu,0.1740925925925926,0.7748324646314222,0.8731330760194663,0.9608,0.7748324646314222,1.0,1.0,0.2251675353685778,24.413111231467404,13.238912683709145
ISIC_0024924,adaptive,0.1740925925925926,0.6526825332795482,0.7898462289480107,0.9394111111111111,0.654015530262738,0.9995694970739254,0.9968869576496531,0.3480268056589724,65.62086329966715,19.551589611774833
ISIC_0024924,kmeans,0.1740925925925926,0.7243910222316775,0.8401702547652828,0.9520185185185185,0.7243910222316775,1.0,1.0,0.2756089777683225,28.30194339616981,16.362962937701393
ISIC_0024924,watershed,0.1740925925925926,0.6883948516115307,0.8154429646056727,0.9457518518518518,0.6883948516115307,1.0,1.0,0.3116051483884693,36.477240536682054,18.105362718649033
ISIC_0024925,otsu,0.21660740740740742,0.26036724722200333,0.4131609224150868,0.8262,0.28245332056630873,0.9765455095595605,0.7690409683426443,0.8023732986799809,160.97231961139062,63.1499877989599
ISIC_0024925,adaptive,0.21660740740740742,0.1289885683881266,0.22850287770811614,0.7999222222222222,0.13678954927843512,0.9832778607764897,0.693421166681113,0.923688530196293,186.47115401973028,70.08235050951488
ISIC_0024925,kmeans,0.21660740740740742,0.16134327337391424,0.2778563015312132,0.8183407407407407,0.16134327337391424,1.0,1.0,0.8386567266260858,193.42763367060004,79.10912019543665
ISIC_0024925,watershed,0.21660740740740742,0.2152896518705971,0.35430179387970456,0.830025925925926,0.2152896518705971,1.0,1.0,0.7847103481294029,172.6028654681615,64.74676057167481
ISIC_0024926,otsu,0.2935333333333333,0.5487625367995609,0.7086464500020137,0.866025925925926,0.5550634668281728,0.995229257756388,0.9797331907975323,0.456418603477427,73.88502910832972,20.078418211628563
ISIC_0024926,adaptive,0.2935333333333333,0.07435997531828084,0.13842655539406443,0.7277555555555556,0.07450728038963333,0.9991769158986296,0.9741009567799406,0.9274736921795745,184.1956835574743,84.2786879008478
ISIC_0024926,kmeans,0.2935333333333333,0.13507204683675272,0.23799730988561454,0.7461148148148148,0.13507204683675272,1.0,1.0,0.8649279531632473,169.57475676192774,70.67817827347717
ISIC_0024926,watershed,0.2935333333333333,0.13023948318065964,0.23046351701348575,0.7446962962962963,0.13023948318065964,1.0,1.0,0.8697605168193403,162.8649747490233,69.0321287878198
ISIC_0024927,otsu,0.35108518518518517,0.6867124270054298,0.8142614188532555,0.8867407407407407,0.7071197240302554,0.9839218752675407,0.9596689907941643,0.3225976601647801,146.62836298085818,37.198966229521574
ISIC_0024927,adaptive,0.35108518518518517,0.36615384615384616,0.536036036036036,0.7672962962962963,0.3828869220301077,0.9752749604753235,0.8933714032539937,0.6628126549428756,131.99336322416542,49.096300056857665
ISIC_0024927,kmeans,0.35108518518518517,0.41183187485077805,0.5834007323206329,0.7901481481481482,0.41852246473895754,0.9912103968448749,0.9626331497343071,0.5977234605930818,148.44038957370574,53.60261231114442
ISIC_0024927,watershed,0.35108518518518517,0.41748267947017076,0.5890480152127406,0.7950962962962963,0.4182798307891933,0.998966936252547,0.9954558007582034,0.5836295929024296,114.47903728679763,47.71368418548301
ISIC_0024928,otsu,0.19356296296296296,0.7936933144540966,0.8849821851464659,0.9600666666666666,0.7936933144540966,1.0,1.0,0.20630668554590334,25.495097567963924,11.199997168240767
ISIC_0024928,adaptive,0.19356296296296296,0.7271685573507506,0.8420354275857493,0.9470888888888889,0.7285599479545367,0.9995407324399048,0.9973805532271585,0.27335348819409894,44.27188724235731,14.102302400441712
ISIC_0024928,kmeans,0.19356296296296296,0.610615743752631,0.7582388861168532,0.9246296296296296,0.610615743752631,1.0,1.0,0.389384256247369,47.29693436154187,22.876908480676335
ISIC_0024928,watershed,0.19356296296296296,0.6213883892694501,0.7664892549889658,0.9267148148148148,0.6213883892694501,1.0,1.0,0.37861161073054994,55.0,22.402854429468604
ISIC_0024929,otsu,0.6749185185185185,0.6194071619055981,0.7649801439394966,0.7431111111111111,0.6194547489957636,0.9998404958301053,0.9998759920634921,0.3806220778365564,149.20656101823812,48.44355184507676
ISIC_0024929,adaptive,0.6749185185185185,0.5485541553974358,0.7084726788345993,0.6952222222222222,0.5487136993217289,0.9993961627853986,0.9994702330974371,0.451577145114911,148.4733979840758,50.64139642714234
ISIC_0024929,kmeans,0.6749185185185185,0.2595429901003139,0.412122479566407,0.5002518518518518,0.2595429901003139,1.0,1.0,0.7404570098996861,287.2368360778262,94.4973308491493
ISIC_0024929,watershed,0.6749185185185185,0.28041793796782055,0.4380100116574093,0.5143407407407408,0.28041793796782055,1.0,1.0,0.7195820620321794,293.23761647355576,95.96706046328845
ISIC_0024930,otsu,0.3720333333333333,0.5737837111369949,0.729177341303729,0.8414333333333334,0.5737837111369949,1.0,1.0,0.4262162888630051,105.38573581674487,34.80057331527278
ISIC_0024930,adaptive,0.3720333333333333,0.3144353888355235,0.4784341497592912,0.7435962962962963,0.31610070782187977,0.9968623010185725,0.9835212489158717,0.6891955121504445,111.02972541701752,47.55225812736723
ISIC_0024930,kmeans,0.3720333333333333,0.3285647442981015,0.49461608206634544,0.7502037037037037,0.3285647442981015,1.0,1.0,0.6714352557018984,120.18152563123844,49.121600916290674
ISIC_0024930,watershed,0.3720333333333333,0.30087605774016923,0.46257451807182814,0.7399,0.3008790530517974,0.9999941020695838,0.9999669137109581,0.6991309022489024,125.27988474995436,56.70201759135899
ISIC_0024931,otsu,0.1436962962962963,0.5316007923780776,0.6941767006436116,0.9264370370370371,0.5810093303778545,0.9844032491068416,0.862092703074805,0.511933604824991,73.00684899377592,24.931580183702472
ISIC_0024931,adaptive,0.1436962962962963,0.11235115212124336,0.20200662696665664,0.8724481481481482,0.11235115212124336,1.0,1.0,0.8876488478787566,113.0747534045522,49.85446861203094
ISIC_0024931,kmeans,0.1436962962962963,0.10289190164441465,0.18658565085300305,0.8710888888888889,0.10289190164441465,1.0,1.0,0.8971080983555854,139.3334123682988,67.40488632881524
ISIC_0024931,watershed,0.1436962962962963,0.1240979381443299,0.22079559784477817,0.8741296296296296,0.12410433527501417,0.9999913495557997,0.9995848038198049,0.8759472137739058,132.73495718670313,63.72510362764494
ISIC_0024932,otsu,0.10711111111111112,0.5740318118948824,0.7293776498758815,0.954374074074074,0.5740318118948824,1.0,1.0,0.42596818810511755,45.40924482290254,19.72158077790162
ISIC_0024932,adaptive,0.10711111111111112,0.5442946058091286,0.7049103244441459,0.9511888888888889,0.5442946058091286,1.0,1.0,0.45570539419087136,48.06661071200345,20.32115512065324
ISIC_0024932,kmeans,0.10711111111111112,0.5359612724757953,0.6978838361098604,0.9502962962962963,0.5359612724757953,1.0,1.0,0.4640387275242047,45.51915519040367,21.644834452362108
ISIC_0024932,watershed,0.10711111111111112,0.4193637621023513,0.590917949717404,0.9378074074074074,0.4193637621023513,1.0,1.0,0.5806362378976487,50.461863250546614,29.087701291287615
ISIC_0024933,otsu,0.05194074074074074,0.7977752424415288,0.8875138822782802,0.9894962962962963,0.7977752424415288,1.0,1.0,0.2022247575584712,10.0,6.227125923154779
ISIC_0024933,adaptive,0.05194074074074074,0.7588193456614509,0.8628735492741316,0.9874407407407407,0.7607672561323445,0.9998593618151702,0.9966370854740776,0.24179977181973758,19.215875549641744,7.016017346913343
ISIC_0024933,kmeans,0.05194074074074074,0.6967341699942955,0.821264971632696,0.9842481481481481,0.6967341699942955,1.0,1.0,0.3032658300057045,14.906248123122948,9.697875800714142
ISIC_0024933,watershed,0.05194074074074074,0.7037221905305191,0.826099694471184,0.9846111111111111,0.7037221905305191,1.0,1.0,0.2962778094694809,15.620499351813308,9.55192340443998
ISIC_0024934,otsu,0.27464814814814814,0.8575551210302744,0.9233159342853202,0.9608777777777778,0.8575551210302744,1.0,1.0,0.14244487896972557,15.553131737119646,8.614580371478603
ISIC_0024934,adaptive,0.27464814814814814,0.5868638082040657,0.7396523950826621,0.8862666666666666,0.5882408468747893,0.9991115422910976,0.996026943715036,0.4141055896433147,78.0,25.77130946568693
ISIC_0024934,kmeans,0.27464814814814814,0.6465781134110984,0.7853597811665657,0.9029333333333334,0.6465781134110984,1.0,1.0,0.3534218865889016,58.84767420250202,23.832050023067648
ISIC_0024934,watershed,0.27464814814814814,0.7309554311914234,0.8445687485879447,0.9261074074074074,0.7309554311914234,1.0,1.0,0.26904456880857663,45.56584855411719,16.742642712061926
ISIC_0024935,otsu,0.008311111111111111,0.0,0.0,0.9740814814814814,0.0,0.982245029056305,0.0,3.1185383244206775,309.01294227214584,281.04030425538315
ISIC_0024935,adaptive,0.008311111111111111,0.0,0.0,0.9560444444444445,0.0,0.9640568278581992,0.0,5.288770053475936,245.40069257427808,170.4662089664414
ISIC_0024935,kmeans,0.008311111111111111,0.0,0.0,0.977025925925926,0.0,0.9852141501964475,0.0,2.764260249554367,313.39535729444304,285.92360848028403
ISIC_0024935,watershed,0.008311111111111111,0.0,0.0,0.9801518518518518,0.0,0.9883662737716429,0.0,2.3881461675579323,318.85220317392157,292.96918267029287
ISIC_0024936,otsu,0.6755444444444444,0.7774409131528884,0.8747867874536948,0.8496481481481482,0.7774579625761389,0.9999543394632604,0.999971793244482,0.22256396760911637,55.08175741568164,24.694937996114678
ISIC_0024936,adaptive,0.6755444444444444,0.5968758218637679,0.7475544606432,0.7275,0.5972521477875185,0.9986872595687363,0.9989454572130727,0.40337834503856973,164.7573974060042,56.19103354535887
ISIC_0024936,kmeans,0.6755444444444444,0.659791553589149,0.7950294145821015,0.7701740740740741,0.659791553589149,1.0,1.0,0.3402084464108511,102.89508956282589,43.20099037218061
ISIC_0024936,watershed,0.6755444444444444,0.6597257630333833,0.7949816502548483,0.7701296296296296,0.6597257630333833,1.0,1.0,0.3402742369666168,107.48254351723182,42.670644102428675
ISIC_0024937,otsu,0.20291481481481483,0.5990472192308395,0.7492551965025626,0.9186407407407408,0.5990472192308395,1.0,1.0,0.4009527807691606,51.91722983914506,24.109796020344458
ISIC_0024937,adaptive,0.20291481481481483,0.436343732895457,0.6075756421004497,0.8855777777777778,0.436526913318853,0.9998931291325338,0.9990392246961026,0.5638928942997427,76.10650421917963,31.68914028419244
ISIC_0024937,kmeans,0.20291481481481483,0.4566776790114443,0.6270126680616989,0.8897518518518519,0.4566776790114443,1.0,1.0,0.5433223209885557,63.101497885692005,34.81753051694183
ISIC_0024937,watershed,0.20291481481481483,0.4388632339788636,0.610013827047735,0.8861370370370371,0.4388632339788636,1.0,1.0,0.5611367660211364,59.91076650820925,35.78379333729169
ISIC_0024938,otsu,0.33005555555555555,0.7927800746193405,0.884414196523989,0.9315,0.7940077428042417,0.9992370843353512,0.9980534867975627,0.20754081804410032,29.068883707497267,14.020349212026913
ISIC_0024938,adaptive,0.33005555555555555,0.16635264562725702,0.28525274281483476,0.7246925925925926,0.16644784828592268,0.9997180529065428,0.9965735017468422,0.8341244459406385,248.0,76.88859698458343
ISIC_0024938,kmeans,0.33005555555555555,0.2311507602536049,0.3755035820405782,0.746237037037037,0.2311507602536049,1.0,1.0,0.7688492397463951,151.35614485742593,54.47144795198111
ISIC_0024938,watershed,0.33005555555555555,0.47741682096167876,0.6462858878930579,0.8275185185185185,0.47741682096167876,1.0,1.0,0.5225831790383213,96.42095207992918,37.37156233820108
ISIC_0024939,otsu,0.23796666666666666,0.596037415760066,0.7468965449988786,0.9038703703703703,0.596037415760066,1.0,1.0,0.40396258423993403,67.67196667119103,26.917622997618487
ISIC_0024939,adaptive,0.23796666666666666,0.38970262528423355,0.5608431878791742,0.8469148148148148,0.41077959876110876,0.9831104889938712,0.8836547475559127,0.6433051625655631,79.3551689416288,35.49483393690882
ISIC_0024939,kmeans,0.23796666666666666,0.4919145227311637,0.6594406250978019,0.8790925925925926,0.4919145227311637,1.0,1.0,0.5080854772688362,76.6550715869472,35.62142813335307
ISIC_0024939,watershed,0.23796666666666666,0.44498918304773466,0.6159065939984059,0.8679259259259259,0.44498918304773466,1.0,1.0,0.5550108169522653,89.00758211653591,39.3767287892299
ISIC_0024940,otsu,0.4017851851851852,0.6688008780755511,0.8015346670320636,0.8658888888888889,0.6740288711491307,0.9947498111665573,0.9885355829547913,0.3337880938773253,45.872644085275546,20.402276654371235
ISIC_0024940,adaptive,0.4017851851851852,0.35318358181990245,0.5220039417636213,0.7215407407407407,0.37843144484799324,0.9519867754677497,0.8411121127683986,0.6930550690437123,117.04699910719626,44.315787012684574
ISIC_0024940,kmeans,0.4017851851851852,0.5005346114849295,0.6671417075672786,0.7993074074074074,0.5005715233863682,0.9999504699166656,0.9998527001896486,0.49950222156671154,62.98809098690906,29.989530485031654
ISIC_0024940,watershed,0.4017851851851852,0.5303186685588956,0.6930826623951439,0.8112333333333334,0.5304751018602164,0.9998018796666626,0.9994442418242762,0.46981987795210267,56.938563381947034,27.755909744549694
ISIC_0024941,otsu,0.13613703703703703,0.6963382120898852,0.8209898322481316,0.9586592592592592,0.696357156459994,0.999995712625888,0.9999609329218268,0.3036700492423212,53.85025499593736,15.38629512915795
ISIC_0024941,adaptive,0.13613703703703703,0.391630231105559,0.5628366247755835,0.9170296296296296,0.3923334330875752,0.9997170333086095,0.9954441913439636,0.6094621432652284,78.77182237323191,28.833794154170157
ISIC_0024941,kmeans,0.13613703703703703,0.2706151209293468,0.4259592326139089,0.9007037037037037,0.2706151209293468,1.0,1.0,0.7293848790706532,79.70193907516473,44.13697448607432
ISIC_0024941,watershed,0.13613703703703703,0.5916696139510842,0.7434578241175968,0.9444111111111111,0.5916696139510842,1.0,1.0,0.40833038604891586,62.246220156279605,21.002072098064982
ISIC_0024942,otsu,0.08112592592592592,0.7385865595325055,0.8496402499868705,0.9787925925925925,0.7385865595325055,1.0,1.0,0.26141344046749454,16.278820596099706,10.246541571357039
ISIC_0024942,adaptive,0.08112592592592592,0.6728878368536052,0.8044625850340136,0.9733851851851851,0.674853907962016,0.9997420353411582,0.9956890744981813,0.32806793279766255,28.454348169314542,11.812709889300725
ISIC_0024942,kmeans,0.08112592592592592,0.6409788166544923,0.781215223681282,0.9708740740740741,0.6409788166544923,1.0,1.0,0.35902118334550764,20.760371067035685,14.604453153345032
ISIC_0024942,watershed,0.08112592592592592,0.5656501095690285,0.7225753776170759,0.9647629629629629,0.5656501095690285,1.0,1.0,0.4343498904309715,28.268346401319196,18.156873773599823
ISIC_0024943,otsu,0.08391851851851852,0.0,0.0,0.8720703703703704,0.0,0.9519572090465833,0.0,1.524450525200812,319.06535374156306,236.10611368648432
ISIC_0024943,adaptive,0.08391851851851852,0.0,0.0,0.8765259259259259,0.0,0.9568209200216704,0.0,1.471356695206991,226.72450216789503,125.70595128664458
ISIC_0024943,kmeans,0.08391851851851852,0.0,0.0,0.8845222222222222,0.0,0.9655497246727204,0.0,1.3760702621590608,325.74606600482895,252.32052586231023
ISIC_0024943,watershed,0.08391851851851852,0.0,0.0,0.8904518518518518,0.0,0.9720225436844531,0.0,1.3054108924000354,329.8381421216376,258.2134590067457
ISIC_0024944,otsu,0.4937037037037037,0.6979969992498124,0.822141616926523,0.8509,0.6979969992498124,1.0,1.0,0.30200300075018754,52.009614495783374,28.006611592899496
ISIC_0024944,adaptive,0.4937037037037037,0.10963158565952244,0.19759997295744178,0.5604185185185185,0.1096324081020255,0.9999926847110461,0.9999315771467671,0.8903750937734434,262.0033396616432,96.32127393585299
ISIC_0024944,kmeans,0.4937037037037037,0.41785446361590395,0.5894179894179894,0.7125925925925926,0.41785446361590395,1.0,1.0,0.582145536384096,134.1044369139217,60.688602255950016
ISIC_0024944,watershed,0.4937037037037037,0.46655663915978995,0.6362613303869212,0.7366370370370371,0.46655663915978995,1.0,1.0,0.53344336084021,104.42461173373883,54.710709376752654
ISIC_0024945,otsu,0.9511925925925926,0.25535584957674967,0.4068262392099329,0.2917,0.25535584957674967,1.0,1.0,0.7446441504232504,232.89160111383134,128.6224431761782
ISIC_0024945,adaptive,0.9511925925925926,0.12747739679622463,0.22612851868863557,0.17006296296296297,0.12747739679622463,1.0,1.0,0.8725226032037754,235.21351999037807,149.38327913314737
ISIC_0024945,kmeans,0.9511925925925926,0.08536651844468153,0.15730449943676322,0.1300074074074074,0.08536651844468153,1.0,1.0,0.9146334815553184,385.04804004930446,159.60943095752444
ISIC_0024945,watershed,0.9511925925925926,0.11270062533583572,0.20257133458843948,0.1560074074074074,0.11270062533583572,1.0,1.0,0.8872993746641643,297.4061182996454,119.78736952250995
ISIC_0024946,otsu,0.1516222222222222,0.8250499727421406,0.9041395962462351,0.971474074074074,0.8872441252625922,0.9865276649989959,0.9216910272025984,0.18813816014460893,30.4138126514911,8.58819546440019
ISIC_0024946,adaptive,0.1516222222222222,0.5721546280609887,0.7278605015673981,0.9279777777777778,0.6352288827006694,0.9802979106093547,0.8521200602922865,0.4750109922321559,88.5494206890205,28.329581708688394
ISIC_0024946,kmeans,0.1516222222222222,0.7494448105034531,0.8567801693473015,0.9619740740740741,0.750158776686697,0.9998297404196244,0.9987316660704413,0.2507938834334848,30.477039975536236,12.001099255654674
ISIC_0024946,watershed,0.1516222222222222,0.7523426061493411,0.8586706771943017,0.9624111111111111,0.7531144657775172,0.9998166435288263,0.9986395879895054,0.2479114758903708,29.832867780352597,11.824822043689549
ISIC_0024947,otsu,0.01621111111111111,0.0,0.0,0.8441777777777778,0.0,0.858088343253408,0.0,9.61206305688828,269.4248501923918,186.44643621802547
ISIC_0024947,adaptive,0.01621111111111111,0.0,0.0,0.9586925925925925,0.0,0.9744901608670936,0.0,2.5480923006625544,208.04836433264725,136.03524079360875
ISIC_0024947,kmeans,0.01621111111111111,0.7644910999543587,0.8665287118468702,0.9961777777777778,0.7653644048435001,0.9999811763288571,0.9985096870342772,0.2357779300891021,7.280109889280518,3.582706733437551
ISIC_0024947,watershed,0.01621111111111111,0.0,0.0,0.9510666666666666,0.0,0.9667385730904327,0.0,3.0185058259081563,232.95256604512835,155.25285164912626
ISIC_0024948,otsu,0.1769074074074074,0.561275330765366,0.7189959640113168,0.9223814814814815,0.5613105830629121,0.9999865007762053,0.9998881181472365,0.4387522244321156,55.3803940472678,20.177795577122076
ISIC_0024948,adaptive,0.1769074074074074,0.4544216120800476,0.6248829202010474,0.8946851851851851,0.4958442374123312,0.9804081265327244,0.84471074969684,0.5953103737045954,88.56861720788434,28.163304055708156
ISIC_0024948,kmeans,0.1769074074074074,0.21813043023134093,0.35813969476144647,0.8616814814814815,0.21813043023134093,1.0,1.0,0.7818695697686591,110.1130571008632,54.09861366909945
ISIC_0024948,watershed,0.1769074074074074,0.31508426672249557,0.47918490806336067,0.8788333333333334,0.31508426672249557,1.0,1.0,0.6849157332775044,102.91376614483842,44.62056851966976
ISIC_0024949,otsu,0.42024814814814815,0.0945601404741001,0.1727819915553331,0.5225481481481481,0.11865123780482431,0.8153232864635572,0.3177409076963017,1.1361188715661823,233.37202035889126,83.78782641404933
ISIC_0024949,adaptive,0.42024814814814815,0.07955617051653785,0.14738681078256893,0.6131851851851852,0.07955617051653785,1.0,1.0,0.9204438294834622,247.32983904448875,106.8952081880923
ISIC_0024949,kmeans,0.42024814814814815,0.1180431314831625,0.2111602462537738,0.6293592592592593,0.1180431314831625,1.0,1.0,0.8819568685168375,233.57752291163212,101.40426157979307
ISIC_0024949,watershed,0.42024814814814815,0.11255254831801317,0.20233210285334052,0.6270518518518519,0.11255254831801317,1.0,1.0,0.8874474516819868,252.28009668626706,114.97660981282644
ISIC_0024950,otsu,0.3719037037037037,0.9064243726315161,0.9509156362498044,0.9651555555555555,0.9075527316908001,0.9992629108534903,0.9986302270535636,0.09369211464536818,23.08679276123039,6.8967399702709224
ISIC_0024950,adaptive,0.3719037037037037,0.1635682920272033,0.2811494488943657,0.6888814814814814,0.1635927261138885,0.9999115493024189,0.9990877022260065,0.8365566554464516,161.8791010848731,36.863487446129874
ISIC_0024950,kmeans,0.3719037037037037,0.5713247156770969,0.7271886071376511,0.840574074074074,0.5713247156770969,1.0,1.0,0.4286752843229032,106.15460396615903,36.001100238347874
ISIC_0024950,watershed,0.3719037037037037,0.7486356755895475,0.856251174604621,0.9065148148148148,0.7486505865715936,0.9999882065736558,0.9999733961184937,0.2513693309697851,72.83543093852057,20.663033857235533
ISIC_0024951,otsu,0.18031111111111112,0.874040001642778,0.9327869211720102,0.9772814814814815,0.8742913482869115,0.9999367420340147,0.9996711916952417,0.12599622052419687,16.278820596099706,6.760606627148036
ISIC_0024951,adaptive,0.18031111111111112,0.5888256532647941,0.7412086430689828,0.9253444444444444,0.592925807246734,0.9984682535379277,0.9883923985618901,0.41403746610796155,74.93815114830255,19.178787168235143
ISIC_0024951,kmeans,0.18031111111111112,0.5334812258647605,0.695777968281183,0.9158814814814815,0.5334812258647605,1.0,1.0,0.4665187741352395,61.272307108440046,21.04444052624644
ISIC_0024951,watershed,0.18031111111111112,0.49196861391833047,0.6594892269567013,0.9083962962962963,0.49196861391833047,1.0,1.0,0.5080313860816695,61.42935294684935,22.25460503973703
ISIC_0024952,otsu,0.26868888888888887,0.8854221217717263,0.9392295884803742,0.9692074074074074,0.885617401372922,0.9999189684686054,0.999751027013569,0.11460314834725553,17.0,7.847673202042947
ISIC_0024952,adaptive,0.26868888888888887,0.27719046765812577,0.4340628507295174,0.8057703703703704,0.27721721390565984,0.9999645487050148,0.999652052887961,0.7228792765969179,115.83199039606873,46.45734103837031
ISIC_0024952,kmeans,0.26868888888888887,0.8422655970005238,0.9143802048649822,0.9576185185185185,0.8422655970005238,1.0,1.0,0.1577344029994762,25.0,10.999055824944325
ISIC_0024952,watershed,0.26868888888888887,0.8138284674551319,0.8973599015092791,0.9499777777777778,0.8138284674551319,1.0,1.0,0.1861715325448681,27.271751350301994,13.040415871761546
ISIC_0024953,otsu,0.5664962962962963,0.6266589955149915,0.7704860050481503,0.7885037037037037,0.6266589955149915,1.0,1.0,0.37334100448500857,97.84908547183393,42.411501619511974
ISIC_0024953,adaptive,0.5664962962962963,0.07802345803313414,0.14475280190189704,0.4777037037037037,0.07802345803313414,1.0,1.0,0.9219765419668658,275.69074136776663,151.39710442580432
ISIC_0024953,kmeans,0.5664962962962963,0.21723524719850412,0.35693223261235035,0.5565666666666667,0.21723524719850412,1.0,1.0,0.7827647528014958,197.9077877779231,110.61097305313295
ISIC_0024953,watershed,0.5664962962962963,0.3753089164062398,0.5457812596561117,0.6461148148148148,0.3753089164062398,1.0,1.0,0.6246910835937602,148.39626001679943,80.26269260464935
ISIC_0024954,otsu,0.590937037037037,0.7477590186597274,0.8556774826236032,0.8506518518518519,0.7492118606356508,0.9971932238992458,0.9974134118766114,0.2527310674196035,58.60034129593445,22.694491026300604
ISIC_0024954,adaptive,0.590937037037037,0.24410662589450202,0.3924207472474338,0.5532222222222222,0.24415711393706166,0.9997012141570165,0.9991536074277361,0.7560497138881751,184.29473669010912,70.68813826692703
ISIC_0024954,kmeans,0.590937037037037,0.2204659266826697,0.36128157593373356,0.5393444444444444,0.2204659266826697,1.0,1.0,0.7795340733173303,182.8879438344693,86.52934122250585
ISIC_0024954,watershed,0.590937037037037,0.5860121715041396,0.7389756296111881,0.7553592592592593,0.5860121715041396,1.0,1.0,0.4139878284958603,85.74375619718455,41.64601009619744
ISIC_0024955,otsu,0.15257777777777778,0.7103359549470822,0.8306390950765693,0.9558037037037037,0.7103359549470822,1.0,1.0,0.28966404505291776,34.128617523707334,13.197181463497957
ISIC_0024955,adaptive,0.15257777777777778,0.6896984318455971,0.8163568348610755,0.952362962962963,0.6939508690164093,0.9988898795475604,0.9911933985160529,0.3122147781337994,32.45898025244243,12.987292049399354
ISIC_0024955,kmeans,0.15257777777777778,0.6608894067385183,0.7958259039490222,0.9482592592592592,0.6608894067385183,1.0,1.0,0.3391105932614817,37.14160440877502,15.637217029091017
ISIC_0024955,watershed,0.15257777777777778,0.565710263132343,0.7226244554347995,0.933737037037037,0.565710263132343,1.0,1.0,0.43428973686765704,46.51664755012271,20.983918546932003
ISIC_0024956,otsu,0.1497814814814815,0.6899681016789891,0.8165457099379609,0.953562962962963,0.6899681016789891,1.0,1.0,0.31003189832101086,29.98999443826301,16.00655996993492
ISIC_0024956,adaptive,0.1497814814814815,0.5906158067785716,0.7426253458083367,0.9386666666666666,0.5907618505971662,0.999956438214141,0.9995816074641228,0.40948542320911946,45.69463863518345,19.583144971338772
ISIC_0024956,kmeans,0.1497814814814815,0.3272421552384956,0.49311597578015837,0.8992333333333333,0.3272421552384956,1.0,1.0,0.6727578447615045,63.5554854191775,38.678873847657734
ISIC_0024956,watershed,0.1497814814814815,0.5850992804332237,0.7382493799042167,0.9378555555555556,0.5850992804332237,1.0,1.0,0.41490071956677627,38.258975400778354,22.239686185599844
ISIC_0024957,otsu,0.24480740740740742,0.5980816363581349,0.7484994793145887,0.9016074074074074,0.5980816363581349,1.0,1.0,0.4019183636418651,60.68933423557266,30.61074422703318
ISIC_0024957,adaptive,0.24480740740740742,0.16831069018729766,0.28812659440840166,0.7963962962962963,0.16831069018729766,1.0,1.0,0.8316893098127024,111.82709866486677,58.6111942527674
ISIC_0024957,kmeans,0.24480740740740742,0.47337287058609945,0.6425703636008913,0.8710777777777777,0.47337287058609945,1.0,1.0,0.5266271294139006,74.99499888839479,40.48821340863811
ISIC_0024957,watershed,0.24480740740740742,0.3299797270719235,0.49621767964599756,0.8359740740740741,0.3299797270719235,1.0,1.0,0.6700202729280765,84.57066855257558,52.25810793204338
ISIC_0024958,otsu,0.3345814814814815,0.6215836257568881,0.7666377680235376,0.8733888888888889,0.6215836257568881,1.0,1.0,0.3784163742431119,95.0,28.695070954130284
ISIC_0024958,adaptive,0.3345814814814815,0.27084255733640306,0.4262409309050369,0.7560185185185185,0.27086354428418036,0.9999610381658995,0.9997140055564635,0.7292139433454731,108.85311203635843,44.8217034899733
ISIC_0024958,kmeans,0.3345814814814815,0.32317876396161044,0.488488438242479,0.7735481481481481,0.32317876396161044,1.0,1.0,0.6768212360383896,157.56965927828642,49.86377107873089
ISIC_0024958,watershed,0.3345814814814815,0.3702469641453668,0.5404090997220966,0.7892962962962963,0.3702469641453668,1.0,1.0,0.6297530358546332,160.8648373421887,46.6342672207598
ISIC_0024959,otsu,0.17687777777777777,0.6512343740184685,0.7887849045119075,0.9383111111111111,0.6512343740184685,1.0,1.0,0.3487656259815315,40.311288741492746,21.124707913283743
ISIC_0024959,adaptive,0.17687777777777777,0.5613294314381271,0.7190403512999706,0.922274074074074,0.562305002408024,0.9996265349189851,0.9969187363106508,0.4394329627070377,67.21755560027813,24.7912149352878
ISIC_0024959,kmeans,0.17687777777777777,0.48311242330967186,0.6514845614084627,0.9085740740740741,0.48311242330967186,1.0,1.0,0.5168875766903281,60.601978456639735,32.933262327539545
ISIC_0024959,watershed,0.17687777777777777,0.43748560420461924,0.6086817188638018,0.9005037037037037,0.43748560420461924,1.0,1.0,0.5625143957953808,76.15773105863909,36.651628305594585
ISIC_0024960,otsu,0.16447777777777778,0.6386318088675719,0.7794695616325409,0.9405629629629629,0.6386318088675719,1.0,1.0,0.36136819113242813,45.24101353368751,21.163625808984012
ISIC_0024960,adaptive,0.16447777777777778,0.40833370852280404,0.5798820351337095,0.9026555555555555,0.4084532414600644,0.9999423735875987,0.999283825473777,0.5918394919948659,85.87136361969284,34.10688206981242
ISIC_0024960,kmeans,0.16447777777777778,0.43840212569524195,0.6095682394564639,0.9076296296296297,0.43840212569524195,1.0,1.0,0.561597874304758,76.7534503278715,36.38789138689572
ISIC_0024960,watershed,0.16447777777777778,0.4469814677205071,0.6178122908853234,0.9090407407407407,0.4469814677205071,1.0,1.0,0.5530185322794929,81.62044739291404,35.92911085372436
ISIC_0024961,otsu,0.6669888888888889,0.23188236796659392,0.3764683609350631,0.4876740740740741,0.23188236796659392,1.0,1.0,0.7681176320334061,301.32042394260304,105.28345331828305
ISIC_0024961,adaptive,0.6669888888888889,0.06687878636436834,0.125372792521769,0.3776185185185185,0.06687878636436834,1.0,1.0,0.9331212136356317,268.9442098424848,128.3671547944995
ISIC_0024961,kmeans,0.6669888888888889,0.10241716503689884,0.18580473578433596,0.40132222222222225,0.10241716503689884,1.0,1.0,0.8975828349631012,359.20070653892486,115.98046156418123
ISIC_0024961,watershed,0.6669888888888889,0.11112962068333639,0.20002998500749625,0.40713333333333335,0.11112962068333639,1.0,1.0,0.8888703793166636,372.5240925224591,124.61584033560156
ISIC_0024962,otsu,0.4315888888888889,0.47189199389292025,0.641204647964476,0.771962962962963,0.4721228192123849,0.999628594327267,0.9989650100775335,0.5283663294115628,112.16059914247963,55.827488560295066
ISIC_0024962,adaptive,0.4315888888888889,0.38223712504031826,0.5530702628598098,0.6595074074074074,0.48814458203537314,0.7896214920082621,0.6379163395760906,0.7889280779891701,156.0606942220578,68.40332117306264
ISIC_0024962,kmeans,0.4315888888888889,0.3747479168275708,0.5451878300603004,0.7301481481481481,0.3747479168275708,1.0,1.0,0.6252520831724292,115.3819743287486,66.54415779497319
ISIC_0024962,watershed,0.4315888888888889,0.35126878287808183,0.5199095654824656,0.7200148148148148,0.35126878287808183,1.0,1.0,0.6487312171219182,115.0782298285734,70.82609947289632
ISIC_0024963,otsu,0.12962592592592592,0.0,0.0,0.7182666666666667,0.0,0.8252390415359935,0.0,2.1734335266721905,242.7447218787671,117.71219239281972
ISIC_0024963,adaptive,0.12962592592592592,0.0,0.0,0.7393111111111111,0.0,0.8494176620525019,0.0,2.011086031029458,216.33307652783935,106.58661017094967
ISIC_0024963,kmeans,0.12962592592592592,0.0,0.0,0.7687222222222222,0.0,0.8832090076212442,0.0,1.784193834109546,259.63349140165815,123.54241704171169
ISIC_0024963,watershed,0.12962592592592592,0.0,0.0,0.7597148148148148,0.0,0.8728601154888702,0.0,1.8536815337581074,254.74613951663412,120.66738453005075
ISIC_0024964,otsu,0.4475925925925926,0.6509226313611916,0.7885561915454554,0.8437555555555556,0.6509226313611916,1.0,1.0,0.34907736863880845,118.29370203905886,38.860950780884714
ISIC_0024964,adaptive,0.4475925925925926,0.21712039718659495,0.35677718932075136,0.6495888888888889,0.21712039718659495,1.0,1.0,0.7828796028134051,134.5362404707371,70.2030063014856
ISIC_0024964,kmeans,0.4475925925925926,0.3087050062060405,0.4717717205055736,0.6905814814814815,0.3087050062060405,1.0,1.0,0.6912949937939594,137.99818828688427,70.29770710019496
ISIC_0024964,watershed,0.4475925925925926,0.29092263136119156,0.45072047587303216,0.6826222222222222,0.29092263136119156,1.0,1.0,0.7090773686388084,142.63590010933433,72.11182550611879
ISIC_0024965,otsu,0.2649814814814815,0.45854460591916835,0.6287700822563401,0.8109518518518518,0.6041931651408204,0.8854904134438538,0.6554312227074236,0.7134390942763296,154.8709139896837,64.09129727139864
ISIC_0024965,adaptive,0.2649814814814815,0.2568045001480312,0.40866260443495195,0.7210814814814814,0.3637151443147669,0.8499155979945076,0.4662855914132636,1.0525962680830248,161.4187101918486,68.81746189211151
ISIC_0024965,kmeans,0.2649814814814815,0.1302253876438136,0.23044144834738695,0.7471629629629629,0.14286113634775316,0.9650197777833766,0.5955252578220591,0.9541687050108324,135.10364687909606,51.81269276682371
ISIC_0024965,watershed,0.2649814814814815,0.09947585435739745,0.18095141237192036,0.7613777777777778,0.09947585435739745,1.0,1.0,0.9005241456426025,135.9577140018866,89.17586434835852
ISIC_0024966,otsu,0.13366296296296296,0.6280029926016237,0.7715010297346518,0.9502777777777778,0.6280029926016237,1.0,1.0,0.3719970073983762,33.37663853655727,19.220821384523173
ISIC_0024966,adaptive,0.13366296296296296,0.3285532362549139,0.49460304230047925,0.9101703703703704,0.3288536673224528,0.9998589207006083,0.9972271237711117,0.6720607387292526,70.0,30.457218118223935
ISIC_0024966,kmeans,0.13366296296296296,0.40885034220953753,0.5804028007237826,0.9209851851851852,0.40885034220953753,1.0,1.0,0.5911496577904625,53.152962300936,33.677366667092755
ISIC_0024966,watershed,0.13366296296296296,0.4513840782509906,0.6220050020046202,0.9266703703703704,0.4513840782509906,1.0,1.0,0.5486159217490094,49.99157507427607,31.071968510723806
ISIC_0024967,otsu,0.21416666666666667,0.6873324686554259,0.8146971405145024,0.933037037037037,0.6873324686554259,1.0,1.0,0.31266753134457415,82.8607261082574,22.115439754489607
ISIC_0024967,adaptive,0.21416666666666667,0.6859815019326339,0.8137473645426074,0.9326,0.6874881106787721,0.9994014374926358,0.9968155261904165,0.3147081712062257,81.09870529176159,20.548448858784344
ISIC_0024967,kmeans,0.21416666666666667,0.6177950713359274,0.7637494788827246,0.9181444444444444,0.6177950713359274,1.0,1.0,0.38220492866407263,81.6424926069953,24.60472034093517
ISIC_0024967,watershed,0.21416666666666667,0.5321400778210117,0.6946363266964648,0.8998,0.5321400778210117,1.0,1.0,0.4678599221789883,79.76214641043707,26.759212384641724
ISIC_0024968,otsu,0.06114074074074074,0.8578017370470201,0.923458859943255,0.9912074074074074,0.8675187787739278,0.9992623041358307,0.9871105596912049,0.1438090622728374,10.908136702710054,4.205604915788492
ISIC_0024968,adaptive,0.06114074074074074,0.649520240731278,0.7875262451381957,0.977137037037037,0.6929973346256361,0.9956408880753633,0.9119170984455959,0.37393990792343107,36.78034283249158,12.093888644445723
ISIC_0024968,kmeans,0.06114074074074074,0.6667676278168161,0.8000726876249319,0.9796259259259259,0.6667676278168161,1.0,1.0,0.3332323721831839,20.591260281974,10.665775506023541
ISIC_0024968,watershed,0.06114074074074074,0.6424157984007753,0.7822815623501641,0.978137037037037,0.6424157984007753,1.0,1.0,0.3575842015992246,23.037994840139604,11.470201233644458
ISIC_0024969,otsu,0.024177777777777777,0.8790697674418605,0.9356435643564357,0.9968222222222223,0.9554227941176471,0.9978479686646019,0.9166666666666666,0.13143382352941177,6.324555320336759,2.551796722858269
ISIC_0024969,adaptive,0.024177777777777777,0.7784394564055581,0.8754185627200137,0.9946259259259259,0.7809436274509803,0.999920295135726,0.9958976362570815,0.22227328431372548,9.219544457292887,4.47749490719457
ISIC_0024969,kmeans,0.024177777777777777,0.6443014705882353,0.7836780324203466,0.9914,0.6443014705882353,1.0,1.0,0.3556985294117647,12.529964086141668,8.147194576057593
ISIC_0024969,watershed,0.024177777777777777,0.725385437337811,0.840838715385296,0.993337037037037,0.7279411764705882,0.9999127041962713,0.9951832460732984,0.27558210784313725,17.70310166644022,6.140588441236174
ISIC_0024970,otsu,0.2521703703703704,0.602892640781541,0.7522557973534418,0.8997333333333334,0.6036630144229357,0.9995691234882178,0.9978877342915412,0.39761478130599537,55.91511048308554,26.245655931739705
ISIC_0024970,adaptive,0.2521703703703704,0.3643642266580457,0.5341157728102282,0.8288703703703704,0.3890080192697471,0.9771932604970432,0.8518863979929884,0.6786270305202244,121.7185261630693,46.92706643642706
ISIC_0024970,kmeans,0.2521703703703704,0.31210527861821813,0.4757320676994717,0.8265333333333333,0.31210527861821813,1.0,1.0,0.6878947213817819,87.66413177577246,47.8570308720975
ISIC_0024970,watershed,0.2521703703703704,0.3965279205710425,0.5678768247023684,0.8478222222222223,0.3965279205710425,1.0,1.0,0.6034720794289575,81.83520025025906,40.717108891356716
ISIC_0024971,otsu,0.16162962962962962,0.5883792188786243,0.7408548435857939,0.9333296296296296,0.5896196150320807,0.9995935677681569,0.9964372845912559,0.41248854262144824,59.97914870866108,20.381525271310064
ISIC_0024971,adaptive,0.16162962962962962,0.45996939171749013,0.6301082671005696,0.912437037037037,0.4614344637946838,0.999385933910585,0.9931446044584731,0.5417506874427132,78.26557294366872,29.070585647342014
ISIC_0024971,kmeans,0.16162962962962962,0.303070577451879,0.46516371821475044,0.8873555555555556,0.303070577451879,1.0,1.0,0.696929422548121,85.43564795913369,39.039587262115006
ISIC_0024971,watershed,0.16162962962962962,0.17243354720439963,0.2941463891331965,0.8662407407407408,0.17243354720439963,1.0,1.0,0.8275664527956004,125.177671277703,56.30074473641435
ISIC_0024972,otsu,0.01746296296296296,0.0,0.0,0.9175037037037037,0.0,0.9338108072450384,0.0,4.72407211028632,254.78760633631745,127.01467896466163
ISIC_0024972,adaptive,0.01746296296296296,0.0,0.0,0.9332518518518519,0.0,0.9498388525547996,0.0,3.822269353128314,236.96296578664155,125.38075692508919
ISIC_0024972,kmeans,0.01746296296296296,0.0,0.0,0.9447703703703704,0.0,0.9615620935974518,0.0,3.1626723223753976,161.0912776044916,99.2593115758203
ISIC_0024972,watershed,0.01746296296296296,0.0,0.0,0.9505962962962963,0.0,0.9674915656746518,0.0,2.8290562036055142,159.58456527368085,96.64613403023286
ISIC_0024973,otsu,0.23442222222222223,0.19182891796999682,0.32190680235672203,0.6999111111111112,0.30385186589566154,0.8211856453126662,0.3422429440865573,1.280121338515499,183.37897550862087,76.16013383362949
ISIC_0024973,adaptive,0.23442222222222223,0.0975384404799927,0.17774036312994315,0.7069740740740741,0.1350996934938541,0.8820837324509206,0.25971146545178436,1.2499921003570638,225.36359019035186,86.2869170937235
ISIC_0024973,kmeans,0.23442222222222223,0.048893117371327795,0.0932280259286299,0.6963925925925926,0.06657819066578191,0.8892436600775981,0.15545226501401802,1.2951306600941637,239.15162488301462,91.09093184825423
ISIC_0024973,watershed,0.23442222222222223,0.14900815516861363,0.25936831605298244,0.7140037037037037,0.21362214427907858,0.8672220448366279,0.3300461346937779,1.2200050557714792,184.08245270542497,68.51764522581533
ISIC_0024974,otsu,0.19894074074074075,0.7865581810075791,0.8805290411129827,0.9574444444444444,0.7882861079048293,0.9994544260839814,0.9972209138012247,0.21391071229102282,34.655446902326915,12.659919488041094
ISIC_0024974,adaptive,0.19894074074074075,0.36566928548875394,0.5355165988929538,0.8735074074074074,0.3665338645418327,0.9994128145141156,0.9935907141054756,0.6358305097367539,102.85402205225571,38.684051222573885
ISIC_0024974,kmeans,0.19894074074074075,0.7345012473470603,0.8469307802118776,0.9471814814814815,0.7345012473470603,1.0,1.0,0.26549875265293965,38.8329756778952,16.045222164774668
ISIC_0024974,watershed,0.19894074074074075,0.6299102654801355,0.7729385829649682,0.9263740740740741,0.6299102654801355,1.0,1.0,0.3700897345198645,44.844124750123726,23.23315173345495
ISIC_0024975,otsu,0.9914592592592593,0.3291631489685985,0.495293823371528,0.3348925925925926,0.3291631489685985,1.0,1.0,0.6708368510314016,309.7473148217583,201.148613829554
ISIC_0024975,adaptive,0.9914592592592593,0.27407412941642323,0.43023262632600523,0.28027407407407406,0.27407412941642323,1.0,1.0,0.7259258705835767,312.17206602764344,202.74940906430405
ISIC_0024975,kmeans,0.9914592592592593,0.15375764865854297,0.26653370200806853,0.16098518518518518,0.15375764865854297,1.0,1.0,0.8462423513414571,328.1341185388261,246.59684745697598
ISIC_0024975,watershed,0.9914592592592593,0.18233878981224833,0.308437465442884,0.18932222222222223,0.18233878981224833,1.0,1.0,0.8176612101877517,326.6352682132762,244.55419256633655
ISIC_0024976,otsu,0.2509962962962963,0.6797060602930544,0.8093154824653875,0.9196074074074074,0.6797060602930544,1.0,1.0,0.32029393970694564,42.80186911806539,21.81030522998175
ISIC_0024976,adaptive,0.2509962962962963,0.178946125809736,0.3035696405326925,0.7939185185185185,0.178946125809736,1.0,1.0,0.821053874190264,142.69395419804854,59.21867774588474
ISIC_0024976,kmeans,0.2509962962962963,0.44977792205875844,0.6204783715012723,0.8618962962962963,0.44977792205875844,1.0,1.0,0.5502220779412416,70.61727402887432,41.50614344817133
ISIC_0024976,watershed,0.2509962962962963,0.4681639097522466,0.6377542815791589,0.8665111111111111,0.4681639097522466,1.0,1.0,0.5318360902477534,77.01141487416908,38.87162962518021
ISIC_0024977,otsu,0.1555037037037037,0.7254561044157576,0.8408861895230865,0.9573074074074074,0.7254561044157576,1.0,1.0,0.27454389558424236,27.368655666323153,14.309800295890055
ISIC_0024977,adaptive,0.1555037037037037,0.5977374812843121,0.7482299042065806,0.9373111111111111,0.5990330110036679,0.9996009016990185,0.9963948973932335,0.403134378126042,59.91326946493797,19.497008235064676
ISIC_0024977,kmeans,0.1555037037037037,0.6216119658933931,0.766659322905192,0.9411592592592593,0.6216119658933931,1.0,1.0,0.378388034106607,50.756192050634084,20.39592624782722
ISIC_0024977,watershed,0.1555037037037037,0.5935549945219836,0.7449444751670229,0.9367962962962963,0.5935549945219836,1.0,1.0,0.4064450054780165,39.578310337515525,21.28773525291503
ISIC_0024978,otsu,0.09057037037037037,0.8635677393722686,0.9267897497121903,0.9872814814814814,0.8888525394618467,0.9970840494245478,0.9681097452342776,0.14042692402061013,11.661903789690601,5.233141623337945
ISIC_0024978,adaptive,0.09057037037037037,0.0,0.0,0.8702074074074074,0.0,0.9568716248686601,0.0,1.433057986423489,251.74689670185376,168.52377175016872
ISIC_0024978,kmeans,0.09057037037037037,0.6209618058395354,0.766164635838442,0.9656703703703704,0.6209618058395354,1.0,1.0,0.3790381941604645,25.229933582614983,16.565587235320752
ISIC_0024978,watershed,0.09057037037037037,0.5549787442773054,0.7138087852580111,0.9596777777777777,0.5552056923202748,0.9999592744333038,0.9992640023551924,0.44520323873394946,34.39111511107724,19.731692759981133
ISIC_0024979,otsu,0.5947111111111111,0.6506850168140491,0.7883818053548726,0.7922481481481481,0.6507174351692698,0.9999268925686297,0.9999234413129815,0.349332386717485,75.10157786138468,37.786271308969866
ISIC_0024979,adaptive,0.5947111111111111,0.23431332262442875,0.3796658730478996,0.5445185185185185,0.23437461076650973,0.9996161859853054,0.998885231977917,0.7658869541389532,154.70617257521994,71.14492914939171
ISIC_0024979,kmeans,0.5947111111111111,0.3150985227810577,0.4792013941506289,0.5926814814814815,0.3150985227810577,1.0,1.0,0.6849014772189422,157.18651329922784,80.56618469547365
ISIC_0024979,watershed,0.5947111111111111,0.39984555215105994,0.571270954194398,0.6430814814814815,0.39984555215105994,1.0,1.0,0.60015444784894,181.0897079860101,71.67798923354327
ISIC_0024980,otsu,0.2199222222222222,0.764226410010273,0.8663586551862388,0.9481481481481482,0.764226410010273,1.0,1.0,0.235773589989727,32.23041234640021,13.3123413789627
ISIC_0024980,adaptive,0.2199222222222222,0.2935544880914523,0.45387262893667674,0.843674074074074,0.29537378534498726,0.9982527858095821,0.979449377338471,0.7108236918775999,141.73772699478644,45.731446452814076
ISIC_0024980,kmeans,0.2199222222222222,0.7288940534532411,0.8431911163062537,0.9403777777777778,0.7288940534532411,1.0,1.0,0.27110594654675896,34.6813952582186,15.464115747659624
ISIC_0024980,watershed,0.2199222222222222,0.639064315667155,0.7797916281363665,0.9206222222222222,0.639064315667155,1.0,1.0,0.36093568433284495,54.004629232781554,22.50318380171832
ISIC_0024981,otsu,0.06911111111111111,0.8842882959498246,0.9385912950269386,0.9919370370370371,0.8915862808145766,0.9993872841569189,0.9908284199868977,0.11666666666666667,9.486832980505138,3.844613650893788
ISIC_0024981,adaptive,0.06911111111111111,0.0,0.0,0.7911444444444444,0.0,0.8498806397708284,0.0,3.0220257234726686,229.00392217175528,136.9156325182648
ISIC_0024981,kmeans,0.06911111111111111,0.6662379421221865,0.7996912389038981,0.9769333333333333,0.6662379421221865,1.0,1.0,0.3337620578778135,22.80350850198276,12.013410775884026
ISIC_0024981,watershed,0.06911111111111111,0.6700390771371982,0.8024232322584781,0.9771703703703704,0.6707931404072883,0.9999164478395799,0.9983250917211677,0.33033226152197215,35.06909610855158,11.994173410944823
ISIC_0024982,otsu,0.6170407407407408,0.4253654285765445,0.5968510531384783,0.6434222222222222,0.4277705415933878,0.9908896604415903,0.9869545347532857,0.5778836861723519,146.39441690753955,53.90882429288135
ISIC_0024982,adaptive,0.6170407407407408,0.15517220688827554,0.26865640631411636,0.47852222222222224,0.15522715950084334,0.9994293948684223,0.9977237654320987,0.8451269800301319,159.0,81.38849956607312
ISIC_0024982,kmeans,0.6170407407407408,0.043607181229404386,0.08357010571359552,0.40986666666666666,0.043607181229404386,1.0,1.0,0.9563928187705956,364.68775701352337,153.53517716757952
ISIC_0024982,watershed,0.6170407407407408,0.05983757600494595,0.11291838930735686,0.41988148148148147,0.05983757600494595,1.0,1.0,0.940162423995054,258.83295586136785,135.6658811934932
ISIC_0024983,otsu,0.2813555555555556,0.7690161237249095,0.8694280548507823,0.9350037037037037,0.7691072321828186,0.9999536163765114,0.9998459827158381,0.23101124187136352,33.06055050963308,15.57630993585641
ISIC_0024983,adaptive,0.2813555555555556,0.4740351984847289,0.6431802971489761,0.8519,0.474409604296659,0.9996907758434089,0.9983379040970664,0.5263802227312219,81.35477621720449,30.158342414828905
ISIC_0024983,kmeans,0.2813555555555556,0.7127135823921228,0.832262428136625,0.9191703703703704,0.7127135823921228,1.0,1.0,0.2872864176078772,38.59274491038472,19.983590692525944
ISIC_0024983,watershed,0.2813555555555556,0.6176578995866572,0.7636446491492184,0.892425925925926,0.6176578995866572,1.0,1.0,0.3823421004133428,50.514843301141006,26.996500345873333
ISIC_0024984,otsu,0.07601851851851851,0.8365397988039498,0.9109955573505655,0.9869407407407408,0.8791717417783191,0.9958071951097305,0.9452097847153109,0.1717904993909866,17.08800749063506,5.582214321237582
ISIC_0024984,adaptive,0.07601851851851851,0.40633963731829453,0.5778684274207487,0.9547740740740741,0.40721071863581,0.9998236296222066,0.9947631516305642,0.5949330085261876,47.00106370941726,21.787120549572382
ISIC_0024984,kmeans,0.07601851851851851,0.4480389768574909,0.6188217085562397,0.9580407407407407,0.4480389768574909,1.0,1.0,0.5519610231425092,43.01162633521314,21.5848608324821
ISIC_0024984,watershed,0.07601851851851851,0.6352695685931965,0.7769600569766751,0.972162962962963,0.6378075517661389,0.999671309750476,0.9937751461322402,0.3661875761266748,30.4138126514911,13.139551366300616
ISIC_0024985,otsu,0.1958111111111111,0.7222001551003423,0.8386947974212254,0.9456037037037037,0.7222001551003423,1.0,1.0,0.27779984489965764,26.92582403567252,16.9359034235675
ISIC_0024985,adaptive,0.1958111111111111,0.3521723505267737,0.5208986123545211,0.8731481481481481,0.3521723505267737,1.0,1.0,0.6478276494732262,83.72574275573791,34.69108206299105
ISIC_0024985,kmeans,0.1958111111111111,0.6593088577427226,0.7946788865330688,0.9332888888888888,0.6593088577427226,1.0,1.0,0.3406911422572774,31.651173351054446,21.192830929948272
ISIC_0024985,watershed,0.1958111111111111,0.5536325635060243,0.7126943352122621,0.9125962962962963,0.5536325635060243,1.0,1.0,0.4463674364939757,49.89135429524541,28.309930900958847
ISIC_0024986,otsu,0.06521481481481481,0.7138232621535665,0.8330185240414886,0.981337037037037,0.7138232621535665,1.0,1.0,0.28617673784643344,15.132745950421556,10.088380800161834
ISIC_0024986,adaptive,0.06521481481481481,0.7069112385711852,0.8282929101374056,0.9808851851851852,0.7069513857337574,0.9999960379092839,0.9999196722628324,0.2931054066333485,23.021728866442675,9.988774919395224
ISIC_0024986,kmeans,0.06521481481481481,0.32076328941390275,0.48572411420708633,0.9557037037037037,0.32076328941390275,1.0,1.0,0.6792367105860972,71.19691004531025,29.781979766333244
ISIC_0024986,watershed,0.06521481481481481,0.5708200817810086,0.7267797100401316,0.9720111111111112,0.5708200817810086,1.0,1.0,0.4291799182189914,29.0,15.612683081388957
ISIC_0024987,otsu,0.34392222222222224,0.6414960273884116,0.7815992444514402,0.8766666666666667,0.6416825509643653,0.9998475790471997,0.9995470786573398,0.3586082124511356,82.99176873094164,31.213241623486834
ISIC_0024987,adaptive,0.34392222222222224,0.0870173640538463,0.16010298810559906,0.656874074074074,0.09509040588419,0.9513664256157525,0.5061622241329894,0.9976846616913816,245.5983305051561,71.91070746299216
ISIC_0024987,kmeans,0.34392222222222224,0.11172853466007603,0.20099967065114208,0.6945037037037037,0.11172853466007603,1.0,1.0,0.888271465339924,245.17881160177677,114.65450864039164
ISIC_0024987,watershed,0.34392222222222224,0.17478111976222013,0.29755520721612627,0.7161888888888889,0.17478111976222013,1.0,1.0,0.8252188802377799,164.1063676366381,88.49916729526927
ISIC_0024988,otsu,0.061203703703703705,0.5359152798789713,0.6978448445687719,0.9715962962962963,0.5359152798789713,1.0,1.0,0.46408472012102875,26.40075756488817,16.77976192077408
ISIC_0024988,adaptive,0.061203703703703705,0.17827534039334342,0.30260387242565867,0.9497074074074074,0.17827534039334342,1.0,1.0,0.8217246596066565,71.0580737293434,35.18543056682987
ISIC_0024988,kmeans,0.061203703703703705,0.4668078668683812,0.6364949049053179,0.9673666666666667,0.4668078668683812,1.0,1.0,0.5331921331316187,38.31187058083431,19.97039530457412
ISIC_0024988,watershed,0.061203703703703705,0.353464447806354,0.5223106500938925,0.9604296296296296,0.353464447806354,1.0,1.0,0.646535552193646,44.03974780018483,25.38748568029324
ISIC_0024989,otsu,0.14351481481481482,0.7059008867083765,0.827598944591029,0.9516,0.8094660507367932,0.9754163225240107,0.8465628458071307,0.3372474128364603,47.50999222411277,13.51901631668973
ISIC_0024989,adaptive,0.14351481481481482,0.14823608351183257,0.2581979187737397,0.8777592592592592,0.14823608351183257,1.0,1.0,0.8517639164881674,131.5511307323745,60.85013026170922
ISIC_0024989,kmeans,0.14351481481481482,0.19742444966321712,0.3297484859587491,0.8848185185185186,0.19742444966321712,1.0,1.0,0.8025755503367829,125.23977004130916,57.98843007645341
ISIC_0024989,watershed,0.14351481481481482,0.3556995019226303,0.5247468209853042,0.9075333333333333,0.3556995019226303,1.0,1.0,0.6443004980773698,119.85407794480753,40.8688419003139
ISIC_0024990,otsu,0.33507777777777775,0.7379381238186822,0.8492110434832383,0.9121888888888889,0.7379381238186822,1.0,1.0,0.26206187618131777,39.72901153021205,20.804701641621737
ISIC_0024990,adaptive,0.33507777777777775,0.3857146007453635,0.5567013590502562,0.7936592592592593,0.38666534027478416,0.998757860846994,0.9936656724897032,0.6157995379734943,115.30024547830274,46.36303932179148
ISIC_0024990,kmeans,0.33507777777777775,0.37131235423505876,0.5415430745421718,0.7893407407407408,0.37131235423505876,1.0,1.0,0.6286876457649413,91.706052144883,55.34442251230047
ISIC_0024990,watershed,0.33507777777777775,0.6192149970708846,0.7648335745296672,0.8724074074074074,0.6192149970708846,1.0,1.0,0.38078500292911543,64.25453812548456,30.885910809341727
ISIC_0024991,otsu,0.1920148148148148,0.8385927011804645,0.912211498111624,0.9690074074074074,0.8385927011804645,1.0,1.0,0.16140729881953553,16.0,8.786826587433827
ISIC_0024991,adaptive,0.1920148148148148,0.7626173991861609,0.8653238071271486,0.9544111111111111,0.7627497878250135,0.9999587451181723,0.9997724572093141,0.2374238098912121,30.046612182626177,12.60236147044941
ISIC_0024991,kmeans,0.1920148148148148,0.7992245968675257,0.888410038701101,0.9614481481481482,0.7992245968675257,1.0,1.0,0.20077540313247436,19.697715603592208,11.067373072407419
ISIC_0024991,watershed,0.1920148148148148,0.7464894684052157,0.8548456568557071,0.9513222222222222,0.7464894684052157,1.0,1.0,0.25351053159478437,26.419689627245813,14.1104294382713
ISIC_0024992,otsu,0.4794814814814815,0.6091843040321335,0.7571342853714148,0.8126111111111111,0.6091843040321335,1.0,1.0,0.3908156959678665,80.62009659744167,38.62733935314342
ISIC_0024992,adaptive,0.4794814814814815,0.32305779123476436,0.4883502343964365,0.6754037037037037,0.3230727637880426,0.9999573075281059,0.99985656570486,0.6769735825737679,141.088624630053,63.634180763392344
ISIC_0024992,kmeans,0.4794814814814815,0.44699521087594624,0.6178254185172531,0.7348444444444444,0.44699521087594624,1.0,1.0,0.5530047891240537,122.18715151964004,58.36647515142257
ISIC_0024992,watershed,0.4794814814814815,0.33855244863278233,0.5058486112794234,0.6828481481481481,0.33855244863278233,1.0,1.0,0.6614475513672177,195.25415194483625,74.64663966660316
ISIC_0024993,otsu,0.03785555555555556,0.7344682516387829,0.846908844765343,0.9899481481481481,0.7344682516387829,1.0,1.0,0.2655317483612171,9.348206462151097,7.081001078390358
ISIC_0024993,adaptive,0.03785555555555556,0.6956266510126211,0.8204950666435866,0.9884777777777778,0.6956266510126211,1.0,1.0,0.30437334898737894,12.083045973594572,7.944561632634985
ISIC_0024993,kmeans,0.03785555555555556,0.7102044809705508,0.8305491990846682,0.9890296296296296,0.7102044809705508,1.0,1.0,0.28979551902944917,10.295630140987,7.819156840801443
ISIC_0024993,watershed,0.03785555555555556,0.6554153213971236,0.7918439716312057,0.9869555555555556,0.6554153213971236,1.0,1.0,0.34458467860287645,13.915807776477108,9.370028869607035
ISIC_0024994,otsu,0.3423703703703704,0.6283403177078257,0.7717555241674846,0.8587555555555556,0.6974686282994375,0.9427235863933319,0.8637532822463962,0.41254868022501084,100.12492197250393,27.189547410192525
ISIC_0024994,adaptive,0.3423703703703704,0.06694169594224385,0.12548332527791203,0.6783333333333333,0.06740588489831242,0.9963899526920478,0.9067229336437719,0.939528342708784,259.05308327515604,91.80854310188947
ISIC_0024994,kmeans,0.3423703703703704,0.341243168372113,0.5088460861072418,0.7727703703703703,0.34380138468195587,0.9960970939400766,0.9786598509576893,0.6636953699697101,129.80599801718947,47.6035505148943
ISIC_0024994,watershed,0.3423703703703704,0.3388942669678391,0.5062300665986488,0.7723592592592593,0.3408372998701861,0.9970150934895247,0.9834566282735587,0.6648961488533103,134.83174697080298,47.54672579249886
ISIC_0024995,otsu,0.0777962962962963,0.6032287994061978,0.752517419384708,0.9604037037037036,0.7738157581528208,0.976144099279102,0.732360097323601,0.5089740537967151,109.91877796078367,22.518799873914272
ISIC_0024995,adaptive,0.0777962962962963,0.6139978013924514,0.7608409390182991,0.9609851851851852,0.797714829802428,0.9747585292877367,0.7272253808428454,0.5014996429421567,116.50339525072263,22.571227880596
ISIC_0024995,kmeans,0.0777962962962963,0.7263032611283028,0.8414550067565704,0.9787074074074074,0.7263032611283028,1.0,1.0,0.2736967388716972,19.026297590440446,10.27054518246865
ISIC_0024995,watershed,0.0777962962962963,0.7311116400856938,0.8446730102854628,0.9790814814814814,0.7311116400856938,1.0,1.0,0.2688883599143061,19.318371911983945,9.856924747556365
ISIC_0024996,otsu,0.1504185185185185,0.7611510437179992,0.8643790621287302,0.964062962962963,0.7613572008962648,0.9999520461054898,0.9996443812233285,0.23891364833920173,24.023945238140723,12.088334701732206
ISIC_0024996,adaptive,0.1504185185185185,0.431378818436716,0.6027458460058078,0.9143740740740741,0.43185679462241156,0.9998038249770039,0.997440855323021,0.569251224977224,72.78392071557207,32.0725573504795
ISIC_0024996,kmeans,0.1504185185185185,0.2740501809765346,0.4302031192625089,0.8908037037037037,0.2740501809765346,1.0,1.0,0.7259498190234654,101.09252981286575,48.69847401966868
ISIC_0024996,watershed,0.1504185185185185,0.5684632999285943,0.7248665620094191,0.9350888888888889,0.5684632999285943,1.0,1.0,0.4315367000714057,52.009614495783374,23.47871364359462
ISIC_0024997,otsu,0.3479777777777778,0.0,0.0,0.6342814814814814,0.0,0.972791202299399,0.0,1.0509823956404198,500.0886421322484,292.5340464412389
ISIC_0024997,adaptive,0.3479777777777778,0.08688294271664858,0.15987543699873674,0.6822555555555555,0.08688294271664858,1.0,1.0,0.9131170572833515,149.11002301368893,82.09692215139799
ISIC_0024997,kmeans,0.3479777777777778,0.0,0.0,0.636437037037037,0.0,0.9760971564250253,0.0,1.0447878749175128,505.3548088305839,299.6281188286557
ISIC_0024997,watershed,0.3479777777777778,0.0,0.0,0.6407518518518519,0.0,0.982714745009827,0.0,1.0323881899653022,511.89607768033704,319.62907461126434
ISIC_0024998,otsu,0.1492851851851852,0.7703128488848091,0.8702561802791636,0.9657111111111111,0.7703128488848091,1.0,1.0,0.22968715111519092,21.02379604162864,12.287802561126158
ISIC_0024998,adaptive,0.1492851851851852,0.7203026168919757,0.8374138477953686,0.958237037037037,0.7204455801721785,0.9999651709020301,0.9997245842944193,0.27975289651921503,41.252865236161654,14.332481672888715
ISIC_0024998,kmeans,0.1492851851851852,0.6654923462425881,0.7991538931343195,0.950062962962963,0.6654923462425881,1.0,1.0,0.33450765375741187,28.089053566450623,18.53497528898906
ISIC_0024998,watershed,0.1492851851851852,0.6290470637854467,0.7722883859766684,0.9446222222222223,0.6290470637854467,1.0,1.0,0.37095293621455333,30.364452901377952,20.836535938401564
ISIC_0024999,otsu,0.6034851851851852,0.26192916454422155,0.41512498784164964,0.5545851851851852,0.26192916454422155,1.0,1.0,0.7380708354557785,242.0433845408711,114.42118110974704
ISIC_0024999,adaptive,0.6034851851851852,0.19786303017656698,0.33036002479749565,0.5159222222222222,0.19786303017656698,1.0,1.0,0.8021369698234331,236.31123533652823,112.03826006429304
ISIC_0024999,kmeans,0.6034851851851852,0.11125499413898282,0.20023306032506946,0.46365555555555554,0.11125499413898282,1.0,1.0,0.8887450058610171,359.4865065456556,99.43513777018725
ISIC_0024999,watershed,0.6034851851851852,0.12473226505299465,0.22179903418546912,0.47178888888888887,0.12473226505299465,1.0,1.0,0.8752677349470054,341.27649392433443,94.99516388928264
ISIC_0025000,otsu,0.02035925925925926,0.0,0.0,0.8817703703703703,0.0,0.9000956510890236,0.0,5.807167545934146,303.0686389301836,256.31988053516324
ISIC_0025000,adaptive,0.02035925925925926,0.6990994172699982,0.8229058407815423,0.9936888888888888,0.7202110241950155,0.9993724078743909,0.9597575757575758,0.3099872657813353,21.316548798894654,5.2005611575488215
ISIC_0025000,kmeans,0.02035925925925926,0.4338730216481717,0.6051763511799035,0.9884740740740741,0.4338730216481717,1.0,1.0,0.5661269783518282,40.074918169506205,13.053564276994162
ISIC_0025000,watershed,0.02035925925925926,0.8500539374325782,0.9189504373177843,0.9969111111111111,0.8601055120975077,0.999754256095394,0.9864385562278323,0.15171911951973804,9.899494936611665,2.7159429969832196
ISIC_0025001,otsu,0.011974074074074074,0.0,0.0,0.9677333333333333,0.0,0.9794614776190458,0.0,2.694710794927312,342.3416420873645,295.8430450146988
ISIC_0025001,adaptive,0.011974074074074074,0.0,0.0,0.9732925925925926,0.0,0.9850881105983874,0.0,2.230436127435818,154.5453007449147,96.43164072438204
ISIC_0025001,kmeans,0.011974074074074074,0.0,0.0,0.9699,0.0,0.9816544025310477,0.0,2.5137643055985155,346.57351277647234,299.98888182741825
ISIC_0025001,watershed,0.011974074074074074,0.0,0.0,0.9746592592592592,0.0,0.9864713401582654,0.0,2.1163006495515,356.904887467149,310.11144565553406
ISIC_0025002,otsu,0.4525888888888889,0.6339004410838059,0.7759352101812572,0.8343074074074074,0.6339004410838059,1.0,1.0,0.36609955891619406,72.23412584921235,28.439567756061393
ISIC_0025002,adaptive,0.4525888888888889,0.09149829376672478,0.16765632028789923,0.5888222222222222,0.09149829376672478,1.0,1.0,0.9085017062332752,199.4043174968224,101.98758383914868
ISIC_0025002,kmeans,0.4525888888888889,0.27604972217448587,0.4326629556473335,0.6723481481481481,0.27604972217448587,1.0,1.0,0.7239502778255141,125.0011999808006,64.24027241613346
ISIC_0025002,watershed,0.4525888888888889,0.36238430756389167,0.531985439867373,0.7114222222222222,0.36238430756389167,1.0,1.0,0.6376156924361083,125.0308486761318,57.507799365753186
ISIC_0025003,otsu,0.13543333333333332,0.462849016873137,0.6328049054064159,0.9272518518518519,0.462849016873137,1.0,1.0,0.537150983126863,77.47257579298626,31.02053080970203
ISIC_0025003,adaptive,0.13543333333333332,0.2990401181393059,0.460401667298219,0.9050666666666667,0.2990401181393059,1.0,1.0,0.700959881860694,102.9606720931709,40.91172412094479
ISIC_0025003,kmeans,0.13543333333333332,0.38821888588071213,0.5593050056143254,0.9171444444444444,0.38821888588071213,1.0,1.0,0.6117811141192879,93.69122997288873,36.61846363555976
ISIC_0025003,watershed,0.13543333333333332,0.3092405721005278,0.47239686684073107,0.9064481481481481,0.3092405721005278,1.0,1.0,0.6907594278994722,106.47065323364932,43.44666888624783
ISIC_0025004,otsu,0.1083925925925926,0.679252374769357,0.808993793875267,0.9652333333333334,0.679252374769357,1.0,1.0,0.32074762523064304,25.0,14.889814159648854
ISIC_0025004,adaptive,0.1083925925925926,0.42961115287364177,0.6010181887712421,0.938174074074074,0.42961115287364177,1.0,1.0,0.5703888471263582,50.182162027905534,24.73765837536645
ISIC_0025004,kmeans,0.1083925925925926,0.3847809745096699,0.5557282799121573,0.9333148148148148,0.3847809745096699,1.0,1.0,0.61521902549033,49.920419407804914,32.0263169947996
ISIC_0025004,watershed,0.1083925925925926,0.5127793343811932,0.6779301154202335,0.9471888888888889,0.5127793343811932,1.0,1.0,0.4872206656188068,42.05948168962618,23.174981007836397
ISIC_0025005,otsu,0.41004814814814816,0.7374034670843009,0.8488569075113066,0.8919444444444444,0.739994399934967,0.9975578672459146,0.9952743087613587,0.26351918925510104,78.65425133462378,21.917241106947962
ISIC_0025005,adaptive,0.41004814814814816,0.09542001968912853,0.17421631515591246,0.6290518518518519,0.0954269146351377,0.9999497761901474,0.9992433557173933,0.9046453442685141,211.94574777522666,95.59365167739497
ISIC_0025005,kmeans,0.41004814814814816,0.15920442947079386,0.27467878041748806,0.6552333333333333,0.15920442947079386,1.0,1.0,0.8407955705292062,204.03320456027873,79.52902521433812
ISIC_0025005,watershed,0.41004814814814816,0.32168886881914655,0.4867845624009184,0.7218296296296296,0.3217237361466133,0.999924664285221,0.9996632146164857,0.6783846522088643,143.99131364550556,51.00043507168136
ISIC_0025006,otsu,0.22954074074074074,0.7779140312378986,0.8750862162848949,0.9490222222222222,0.7779140312378986,1.0,1.0,0.22208596876210146,32.57832983065106,13.821026499077929
ISIC_0025006,adaptive,0.22954074074074074,0.17529207299411026,0.2982953378517149,0.8101888888888888,0.17576158512972764,0.9992020151520978,0.9849896012297676,0.8269168710468568,132.972118675783,52.44884255747538
ISIC_0025006,kmeans,0.22954074074074074,0.6951884600490512,0.8201901752315321,0.9300333333333334,0.6951884600490512,1.0,1.0,0.30481153995094873,42.31716962274867,20.37001898883383
ISIC_0025006,watershed,0.22954074074074074,0.6766006195946818,0.8071100674628762,0.9257666666666666,0.6766006195946818,1.0,1.0,0.3233993804053182,44.487579330997036,21.777349939194377
ISIC_0025007,otsu,0.08557037037037037,0.6668542243767313,0.800135026356106,0.9714925925925926,0.6668542243767313,1.0,1.0,0.3331457756232687,23.853720883753127,14.018196046126587
ISIC_0025007,adaptive,0.08557037037037037,0.6079395900755125,0.7561721768999571,0.9663481481481482,0.6098078254847645,0.9997124295249822,0.9949858757062147,0.3932652354570637,32.25522975118294,15.375081606123164
ISIC_0025007,kmeans,0.08557037037037037,0.5813279085872576,0.735240180648693,0.9641740740740741,0.5813279085872576,1.0,1.0,0.41867209141274236,30.0,18.682219620014983
ISIC_0025007,watershed,0.08557037037037037,0.485803324099723,0.6539268235842461,0.956,0.485803324099723,1.0,1.0,0.514196675900277,35.54993213728952,23.852362963447163
ISIC_0025008,otsu,0.30448148148148146,0.7955441735199346,0.8861315530437461,0.9370185185185185,0.804853424157645,0.9948772565099313,0.9856693828300734,0.2068483152901107,40.316247081465576,14.55741247220468
ISIC_0025008,adaptive,0.30448148148148146,0.6504808685472949,0.7882319400888654,0.8872037037037037,0.689441673762316,0.9737792214707919,0.9200688278168271,0.3704537160929327,53.66236854364667,19.43839326456139
ISIC_0025008,kmeans,0.30448148148148146,0.6285001824595547,0.7718760970727299,0.8868851851851852,0.6285001824595547,1.0,1.0,0.3714998175404452,74.69118016468111,29.759687965931438
ISIC_0025008,watershed,0.30448148148148146,0.6485464055467705,0.786810008337822,0.8929888888888889,0.6485464055467705,1.0,1.0,0.35145359445322955,75.02532883123023,28.004201921229466
ISIC_0025009,otsu,0.1551962962962963,0.49364007350309047,0.6609893270275452,0.9214148148148148,0.49364007350309047,1.0,1.0,0.5063599264969095,44.2515366748217,25.115921599423594
ISIC_0025009,adaptive,0.1551962962962963,0.43383193597560976,0.6051363832685471,0.911962962962963,0.43467054864806814,0.99964488792049,0.9955725608089642,0.5672624871727562,58.184190140255104,25.778271419391732
ISIC_0025009,kmeans,0.1551962962962963,0.4016418872157125,0.5731020039841316,0.9071370370370371,0.4016418872157125,1.0,1.0,0.5983581127842875,54.6635082983878,31.956339959287583
ISIC_0025009,watershed,0.1551962962962963,0.3297854568885283,0.49599799002189443,0.8959851851851852,0.3297854568885283,1.0,1.0,0.6702145431114718,59.98582180482302,35.875901335514705
ISIC_0025010,otsu,0.5195962962962963,0.5354513119159462,0.697451371802609,0.7586222222222222,0.5354513119159462,1.0,1.0,0.46454868808405386,140.43735188504,54.244876408615205
ISIC_0025010,adaptive,0.5195962962962963,0.0577941564319878,0.10927297353755754,0.5104333333333333,0.0577941564319878,1.0,1.0,0.9422058435680122,241.02738423131908,100.68287035314611
ISIC_0025010,kmeans,0.5195962962962963,0.12951650497893663,0.22933087636705562,0.5477,0.12951650497893663,1.0,1.0,0.8704834950210634,192.63117399642067,93.81260691960188
ISIC_0025010,watershed,0.5195962962962963,0.2839811534595947,0.4423447379962361,0.6279592592592592,0.2839811534595947,1.0,1.0,0.7160188465404053,147.24859929748445,78.76407423439525
ISIC_0025011,otsu,0.16415925925925925,0.7207770232159375,0.8377343647567851,0.954162962962963,0.7207770232159375,1.0,1.0,0.27922297678406244,34.48187929913333,15.673609174475487
ISIC_0025011,adaptive,0.16415925925925925,0.25390237300369933,0.4049794919766856,0.8774962962962963,0.2539539291112966,0.9999601199945054,0.9992010652463382,0.7462491257360738,99.43035547320355,36.74617678671554
ISIC_0025011,kmeans,0.16415925925925925,0.5842790424835864,0.7375961264596981,0.9317555555555556,0.5842790424835864,1.0,1.0,0.4157209575164136,70.83562731987622,26.217850260205605
ISIC_0025011,watershed,0.16415925925925925,0.49504771788913204,0.6622500565909606,0.9171074074074074,0.49504771788913204,1.0,1.0,0.504952282110868,71.06507022502167,30.572075812792264
ISIC_0025012,otsu,0.11514444444444444,0.5107272668789604,0.6761343070666638,0.9436629629629629,0.5107272668789604,1.0,1.0,0.4892727331210396,48.48298249554216,22.79381200268452
ISIC_0025012,adaptive,0.11514444444444444,0.4050229925716307,0.5765357502517623,0.9314740740740741,0.40512721541381197,0.9999665147272415,0.9993652305006745,0.595130110328412,57.55505868734137,25.119756026143733
ISIC_0025012,kmeans,0.11514444444444444,0.28527775097301294,0.4439161119175134,0.9177037037037037,0.28527775097301294,1.0,1.0,0.714722249026987,63.13121065221097,34.830213226380955
ISIC_0025012,watershed,0.11514444444444444,0.25188973591945707,0.402415210688592,0.9138592592592593,0.25188973591945707,1.0,1.0,0.7481102640805429,76.92203845452875,40.07684635909239
ISIC_0025013,otsu,0.44371481481481484,0.6187240720182299,0.7644589744647498,0.8308222222222222,0.6187240720182299,1.0,1.0,0.38127592798177007,69.46221994724903,35.975951781847186
ISIC_0025013,adaptive,0.44371481481481484,0.4104245944322051,0.5819872909936455,0.7383333333333333,0.4105239434738696,0.9998069202447453,0.999410700859564,0.5897181205812876,135.03147769741247,55.32502184595571
ISIC_0025013,kmeans,0.44371481481481484,0.44146640735206966,0.6125240312232182,0.7521703703703704,0.44146640735206966,1.0,1.0,0.5585335926479303,84.13144305647097,56.07805725060707
ISIC_0025013,watershed,0.44371481481481484,0.39812859444254317,0.5695164179104477,0.7329407407407408,0.39812859444254317,1.0,1.0,0.6018714055574568,87.79322256159038,59.81611349830821
ISIC_0025014,otsu,0.6128074074074074,0.7701228641365051,0.8701349264952675,0.8566962962962963,0.7834254010081109,0.972661705343307,0.978427258042602,0.23384786471491253,132.08090299474281,37.442499548601674
ISIC_0025014,adaptive,0.6128074074074074,0.1793227557661738,0.3041114146053642,0.4932925925925926,0.1806742496585236,0.9880717797631574,0.9599563276709162,0.8268624061695415,190.48985881325615,65.473593151155
ISIC_0025014,kmeans,0.6128074074074074,0.07870275236011556,0.1459211116091439,0.4354222222222222,0.07870275236011556,1.0,1.0,0.9212972476398844,213.45959805077868,127.73847315179297
ISIC_0025014,watershed,0.6128074074074074,0.16020794518901377,0.2761710878697934,0.4824703703703704,0.16111037242079562,0.9910849228061449,0.966218420384936,0.8445224770032274,277.24537868105216,93.72148531960342
ISIC_0025015,otsu,0.06937037037037037,0.7456486919380673,0.8542941032542207,0.9823555555555555,0.7456486919380673,1.0,1.0,0.25435130806193273,14.212670403551895,8.48380413306789
ISIC_0025015,adaptive,0.06937037037037037,0.6318739989321943,0.7744151807623099,0.974462962962963,0.6318739989321943,1.0,1.0,0.3681260010678057,31.269783278286774,11.375963302928078
ISIC_0025015,kmeans,0.06937037037037037,0.6632140950347036,0.7975089881869543,0.9766370370370371,0.6632140950347036,1.0,1.0,0.3367859049652963,17.88854381999832,11.671897638498145
ISIC_0025015,watershed,0.06937037037037037,0.5006940736785905,0.6672833357051373,0.965362962962963,0.5006940736785905,1.0,1.0,0.4993059263214095,30.247264502057043,18.691208871816613
ISIC_0025016,otsu,0.0639962962962963,0.4573691247557338,0.6276640790402258,0.9413777777777778,0.7720932924359049,0.9529520696736717,0.5287543101739923,0.9160252329417211,99.79978073118694,33.170166437884305
ISIC_0025016,adaptive,0.0639962962962963,0.3848980763709446,0.5558504021892362,0.9603259259259259,0.38792754210313096,0.9994618571468141,0.9801140517619535,0.619943283754847,44.07945614913261,18.673313130482615
ISIC_0025016,kmeans,0.0639962962962963,0.5746719087435628,0.7298941519850899,0.9715518518518519,0.6006134614271659,0.9969135924596689,0.930094999103782,0.444528039817119,32.34190109824552,14.773834688535327
ISIC_0025016,watershed,0.0639962962962963,0.4472066292435178,0.6180273365349095,0.9617037037037037,0.48411366398518435,0.9943574139070358,0.8543560412623838,0.5984142600844956,45.70557952810576,20.19422664115395
ISIC_0025017,otsu,0.14212222222222223,0.8462460584264978,0.9167207746379471,0.9781481481481481,0.8462460584264978,1.0,1.0,0.1537539415735022,13.45362404707371,7.55503396461264
ISIC_0025017,adaptive,0.14212222222222223,0.8324425302267656,0.908560586752754,0.9760814814814814,0.8361087222786855,0.9992703786691535,0.9947601773478436,0.1682954160477419,17.481413089350728,7.899978960569209
ISIC_0025017,kmeans,0.14212222222222223,0.8162249498345191,0.8988148190662036,0.9738814814814815,0.8162249498345191,1.0,1.0,0.18377505016548093,14.198563447587704,9.23882132341542
ISIC_0025017,watershed,0.14212222222222223,0.7683066659717517,0.8689744609988652,0.9670703703703704,0.7683266880358586,0.9999956827140186,0.9999660832994166,0.23169937195423865,22.305703012659695,11.674820578790062
ISIC_0025018,otsu,0.04507037037037037,0.6937299695948722,0.8191742273543253,0.9861962962962963,0.6937299695948722,1.0,1.0,0.3062700304051278,14.212670403551895,9.252216327711299
ISIC_0025018,adaptive,0.04507037037037037,0.7865823616357366,0.8805441926736223,0.9903740740740741,0.7871641055140111,0.9999650934139029,0.9990613266583229,0.21357547867532253,11.180339887498949,5.964967859007348
ISIC_0025018,kmeans,0.04507037037037037,0.6643931300846413,0.7983608176162733,0.9848740740740741,0.6643931300846413,1.0,1.0,0.3356068699153587,15.0,10.270597969126582
ISIC_0025018,watershed,0.04507037037037037,0.5846823896786918,0.7379174445135864,0.9812814814814815,0.5846823896786918,1.0,1.0,0.41531761032130826,20.8806130178211,13.001635597101673
ISIC_0025019,otsu,0.32783703703703704,0.5157305685995944,0.6805042786411379,0.8346148148148148,0.5372475032762438,0.9796510987194463,0.9279386512644396,0.5044737674544715,96.0,34.36378316105801
ISIC_0025019,adaptive,0.32783703703703704,0.15093066722702086,0.26227586339438436,0.7156592592592592,0.1541755162908401,0.9895142271495008,0.877620578778135,0.8673234217542591,150.16572326260106,66.27747193624187
ISIC_0025019,kmeans,0.32783703703703704,0.18755931131094944,0.31587358968016893,0.7336518518518519,0.18755931131094944,1.0,1.0,0.8124406886890506,164.93965969849592,73.29191911693735
ISIC_0025019,watershed,0.32783703703703704,0.2725608929459081,0.4283659736155253,0.7615185185185185,0.2725608929459081,1.0,1.0,0.7274391070540919,161.05433805017995,62.907024817063416
ISIC_0025020,otsu,0.2576074074074074,0.6533341001236449,0.790323141674493,0.9106962962962963,0.6533341001236449,1.0,1.0,0.34666589987635504,95.74051529650491,27.994267280678244
ISIC_0025020,adaptive,0.2576074074074074,0.19225350087701643,0.32250440151460336,0.7919185185185185,0.19225350087701643,1.0,1.0,0.8077464991229836,141.99718271444553,50.565653706353196
ISIC_0025020,kmeans,0.2576074074074074,0.21163412600281795,0.3493366874718181,0.7969111111111111,0.21163412600281795,1.0,1.0,0.788365873997182,160.8575657371627,55.44193205113855
ISIC_0025020,watershed,0.2576074074074074,0.35159732006786093,0.5202693359146465,0.8329666666666666,0.35159732006786093,1.0,1.0,0.6484026799321391,99.22901860729215,38.87055989585703
ISIC_0025021,otsu,0.5036074074074074,0.5230705870239899,0.6868632241740625,0.7598148148148148,0.5230705870239899,1.0,1.0,0.4769294129760101,85.29595377669872,46.38235148222251
ISIC_0025021,adaptive,0.5036074074074074,0.07193286951917278,0.13421151933038317,0.5326185185185185,0.07193286951917278,1.0,1.0,0.9280671304808272,257.9529992220952,116.90571622567215
ISIC_0025021,kmeans,0.5036074074074074,0.4074381867121656,0.5789784454604834,0.7015814814814815,0.4074381867121656,1.0,1.0,0.5925618132878344,107.00443915540531,59.973007738921446
ISIC_0025021,watershed,0.5036074074074074,0.18601350258137586,0.31367855791947513,0.5900703703703704,0.18601350258137586,1.0,1.0,0.8139864974186242,152.25715214829808,91.38032276450592
ISIC_0025022,otsu,0.44374814814814817,0.8236742503015431,0.9033129136580715,0.9214925925925926,0.8264447634627583,0.9973166964071697,0.9959465304110802,0.17691883951524054,29.0,14.694338910083983
ISIC_0025022,adaptive,0.44374814814814817,0.6811032747260024,0.8103050954284926,0.8573185185185185,0.6867425633492471,0.9933949450022638,0.9880872322029013,0.32153707475044235,73.84578048832239,26.04002823255043
ISIC_0025022,kmeans,0.44374814814814817,0.691723550912095,0.8177737438710377,0.8631777777777778,0.6918505658865556,0.9998535169254534,0.9997346648334419,0.3083330551196875,55.70254534967731,26.2155364914457
ISIC_0025022,watershed,0.44374814814814817,0.7155220617076855,0.834174130055118,0.8737518518518519,0.7155877541481654,0.9999267584627267,0.9998717156285352,0.2845040563549561,53.990732788777386,24.904246802364288
ISIC_0025023,otsu,0.5630703703703703,0.7641107946510205,0.866284359199988,0.8671777777777778,0.7641107946510205,1.0,1.0,0.23588920534897947,53.23532661682466,26.373005778090683
ISIC_0025023,adaptive,0.5630703703703703,0.4805453853522827,0.6491464430696141,0.7067851851851852,0.48173703701267523,0.9968042993617076,0.994878761122054,0.5207427530273829,141.36265317194875,55.268817675422596
ISIC_0025023,kmeans,0.5630703703703703,0.5661617191456894,0.7229926670082569,0.7557185185185186,0.5661617191456894,1.0,1.0,0.4338382808543107,100.37423674967471,49.947414039477
ISIC_0025023,watershed,0.5630703703703703,0.60605542363628,0.7547129628491974,0.7781814814814815,0.60605542363628,1.0,1.0,0.3939445763637201,82.3033959463392,43.22430395759586
ISIC_0025024,otsu,0.22102592592592593,0.8291810186268936,0.9066145014442941,0.962162962962963,0.8309734068401562,0.9993866576646396,0.9974054184516985,0.17118822997134575,19.78380848324185,9.843941313866258
ISIC_0025024,adaptive,0.22102592592592593,0.5386354949675117,0.700146976628646,0.8927037037037037,0.5667510096016891,0.9851894467081584,0.9156672171535317,0.4854466544900045,80.0,27.445089764420075
ISIC_0025024,kmeans,0.22102592592592593,0.7002530288050672,0.8237044921451521,0.9337481481481481,0.7002530288050672,1.0,1.0,0.2997469711949327,33.421549934136806,18.30341627021571
ISIC_0025024,watershed,0.22102592592592593,0.6976892270053789,0.8219280842537483,0.9331814814814815,0.6976892270053789,1.0,1.0,0.30231077299462106,34.48187929913333,17.980889995510204
ISIC_0025025,otsu,0.5233814814814814,0.6465576415474867,0.7853446793880007,0.8150148148148149,0.6465576415474867,1.0,1.0,0.3534423584525132,91.27458539243814,42.527949609882924
ISIC_0025025,adaptive,0.5233814814814814,0.475094294226292,0.6441544734948429,0.7252740740740741,0.475094294226292,1.0,1.0,0.524905705773708,121.96925454686158,60.49349472754178
ISIC_0025025,kmeans,0.5233814814814814,0.42001797428403614,0.5915671236426517,0.6964481481481481,0.42001797428403614,1.0,1.0,0.5799820257159638,116.76214902690778,66.16784274404837
ISIC_0025025,watershed,0.5233814814814814,0.5049924635383864,0.6710896908428353,0.7409222222222223,0.5049924635383864,1.0,1.0,0.4950075364616136,107.00232905138083,60.27669170932845
ISIC_0025026,otsu,0.14737407407407407,0.7084767912341987,0.8293665970403931,0.957037037037037,0.7084767912341987,1.0,1.0,0.2915232087658013,29.154759474226502,16.142897239062776
ISIC_0025026,adaptive,0.14737407407407407,0.5977507781905814,0.7482403217697335,0.9406518518518519,0.5984267799251087,0.999804525452958,0.9981137611602464,0.40270412907441383,51.60424604857943,21.121413501172153
ISIC_0025026,kmeans,0.14737407407407407,0.4216782689552914,0.593211949796712,0.9147703703703703,0.4216782689552914,1.0,1.0,0.5783217310447086,51.07837115648854,34.744895000997936
ISIC_0025026,watershed,0.14737407407407407,0.5223040386016938,0.6862020008584542,0.9296,0.5223040386016938,1.0,1.0,0.47769596139830617,49.040799340956916,27.28252387318001
ISIC_0025027,otsu,0.03573703703703704,0.0,0.0,0.8657962962962963,0.0,0.8978840104320706,0.0,3.7553114312363975,225.98307091736697,127.50104805460674
ISIC_0025027,adaptive,0.03573703703703704,0.4621204269872526,0.6321236178055004,0.9807777777777777,0.4621204269872526,1.0,1.0,0.5378795730127475,29.0,15.261531081936445
ISIC_0025027,kmeans,0.03573703703703704,0.46522955746709505,0.6350261706040459,0.9808888888888889,0.46522955746709505,1.0,1.0,0.534770442532905,28.41912719777669,15.602519631947896
ISIC_0025027,watershed,0.03573703703703704,0.0,0.0,0.9187444444444445,0.0,0.9527944966602778,0.0,2.273707119908799,240.67602687736834,165.219341601601
ISIC_0025028,otsu,0.359237037037037,0.8005690956328096,0.8892400714580184,0.9283555555555556,0.8005856032331897,0.9999884397072933,0.9999742447266078,0.1994350165989649,26.40075756488817,15.986323478694278
ISIC_0025028,adaptive,0.359237037037037,0.6200876470528425,0.765498889125987,0.8616148148148148,0.6287502319731118,0.9921679016912708,0.9782643567532884,0.3852197043116069,88.79749677984404,31.056293143025343
ISIC_0025028,kmeans,0.359237037037037,0.7082190650968101,0.8291899786947678,0.8951814814814815,0.7082190650968101,1.0,1.0,0.2917809349031899,38.2099463490856,24.75497825713244
ISIC_0025028,watershed,0.359237037037037,0.6751345444048086,0.8060660520193503,0.8832962962962962,0.6751345444048086,1.0,1.0,0.3248654555951915,54.44412186381529,26.992047011246278
ISIC_0025029,otsu,0.38455555555555554,0.3362108788543712,0.5032302672803094,0.7445444444444445,0.3364634498699798,0.9995306011915508,0.9977722560191928,0.6642877780988153,142.00563268566378,53.04721170237106
ISIC_0025029,adaptive,0.38455555555555554,0.36658612677164626,0.5364991193605203,0.7465851851851852,0.3813830299528075,0.9747788409460192,0.9042932176295958,0.658981026678224,123.66911456743476,40.87706014136863
ISIC_0025029,kmeans,0.38455555555555554,0.0,0.0,0.5773444444444444,0.0,0.9380935186856834,0.0,1.0990754117307138,415.3990248600109,198.09258418834082
ISIC_0025029,watershed,0.38455555555555554,0.05412693826447077,0.10269529465509365,0.6362592592592593,0.05412693826447077,1.0,1.0,0.9458730617355292,299.01003281357123,135.44028864832816
ISIC_0025030,otsu,0.11972592592592593,0.14220751098187218,0.24900468542642798,0.8973,0.14220751098187218,1.0,1.0,0.8577924890181278,99.67745793371084,51.07201511655377
ISIC_0025030,adaptive,0.11972592592592593,0.0,0.0,0.8335111111111111,0.0,0.9468768144601429,0.0,1.3905834312936955,215.14704260637433,96.09180042875533
ISIC_0025030,kmeans,0.11972592592592593,0.0,0.0,0.8639666666666667,0.0,0.9814746249063844,0.0,1.1362061498484193,383.29609948875964,257.7100162606576
ISIC_0025030,watershed,0.11972592592592593,0.0,0.0,0.8554333333333334,0.0,0.9717806743690938,0.0,1.207480047020974,366.3726974867572,235.23996615274683
ISIC_0025031,otsu,0.12412592592592593,0.8196629371021564,0.9008953475828697,0.9761814814814814,0.8721728232977263,0.9909212384665477,0.9315740829269847,0.19188995643611625,20.61067455886544,7.84392755503199
ISIC_0025031,adaptive,0.12412592592592593,0.29174927113702626,0.4517119191098472,0.9100259259259259,0.29859163334725786,0.9966763360198913,0.9271750208468452,0.7248612520140837,113.58916836919036,39.35004498537685
ISIC_0025031,kmeans,0.12412592592592593,0.6246794298324089,0.7689879226166441,0.9533851851851852,0.625052216983947,0.9999154283974527,0.9990461655856543,0.3755445485468759,39.2893067167294,16.250506575892555
ISIC_0025031,watershed,0.12412592592592593,0.7007695922923276,0.8240617605913542,0.9622703703703703,0.7118517634421436,0.9977588525324966,0.978267109525567,0.3039625231246643,39.395431207184416,13.78891523126596
ISIC_0025032,otsu,0.3727259259259259,0.2968146847224327,0.4577595985288557,0.7078629629629629,0.3308358837791645,0.9318922557332137,0.7426888844274911,0.7837851265948567,149.8672163016019,57.09937098968252
ISIC_0025032,adaptive,0.3727259259259259,0.09457931554321748,0.17281400114212772,0.6351925925925926,0.10223975515720021,0.9518728891618053,0.5579718004338394,0.9787551174529989,271.4594808060608,81.3805470613725
ISIC_0025032,kmeans,0.3727259259259259,0.16815818631211113,0.2879031081278272,0.6746666666666666,0.17644779204260902,0.9707080607449045,0.7816269037767409,0.8728486823800627,235.1578186801864,60.289231646612286
ISIC_0025032,watershed,0.3727259259259259,0.16316028025910748,0.28054651285506693,0.6717666666666666,0.17169800071544974,0.9689072057816301,0.766422710135285,0.8806291982988195,248.8298586882954,63.175080293543076
ISIC_0025033,otsu,0.0669074074074074,0.8379186271796292,0.9118125414131679,0.9891555555555556,0.8379186271796292,1.0,1.0,0.16208137282037088,11.0,5.642241866820912
ISIC_0025033,adaptive,0.0669074074074074,0.8196848216754217,0.9009085660457625,0.9879222222222223,0.8205923055632438,0.9999206144442019,0.998652654271086,0.1805148076390811,13.98209706929603,6.166296428261975
ISIC_0025033,kmeans,0.0669074074074074,0.5058400221422641,0.6718376649634231,0.966937037037037,0.5058400221422641,1.0,1.0,0.49415997785773597,45.62556067985382,18.844572222503242
ISIC_0025033,watershed,0.0669074074074074,0.5216163852753944,0.6856082654249127,0.9679925925925926,0.5216163852753944,1.0,1.0,0.4783836147246056,47.07440918375928,18.820610798651845
ISIC_0025034,otsu,0.4934962962962963,0.8305439644561856,0.9074285901709244,0.9163740740740741,0.8305439644561856,1.0,1.0,0.16945603554381436,25.942243542145693,15.691225131801417
ISIC_0025034,adaptive,0.4934962962962963,0.7349909217772309,0.8472562162162162,0.8691777777777778,0.7352225991414247,0.9996928836760361,0.9995714548088892,0.26509261205007356,67.47592163134935,24.489876197856066
ISIC_0025034,kmeans,0.4934962962962963,0.6797529344660923,0.8093487089899337,0.8419592592592593,0.6797529344660923,1.0,1.0,0.3202470655339077,51.66236541235796,31.806569922289448
ISIC_0025034,watershed,0.4934962962962963,0.7311398637086848,0.8446918461485103,0.8673185185185185,0.7311398637086848,1.0,1.0,0.26886013629131517,42.05948168962618,25.621480347730685
ISIC_0025035,otsu,0.11510370370370371,0.5458201943497007,0.706188464020316,0.9477222222222222,0.5458201943497007,1.0,1.0,0.45417980565029925,83.95814066115092,20.44173199978864
ISIC_0025035,adaptive,0.11510370370370371,0.4706600289063755,0.6400663914914062,0.9389592592592593,0.47152326404530537,0.9997614284159684,0.9961253483787642,0.5303108308127936,83.94343285911731,22.767124917499267
ISIC_0025035,kmeans,0.11510370370370371,0.496331810283802,0.6633980603401931,0.9420259259259259,0.496331810283802,1.0,1.0,0.503668189716198,87.40403070720852,23.163726020880695
ISIC_0025035,watershed,0.11510370370370371,0.47982495656091123,0.6484888019134595,0.9401259259259259,0.47982495656091123,1.0,1.0,0.5201750434390887,85.42833253669417,23.25060662101334
ISIC_0025036,otsu,0.27035555555555557,0.8274743631951811,0.9055934024140438,0.9475962962962963,0.9296673790344676,0.9542395078272522,0.8827347581201139,0.19383253876924764,26.570660511172846,10.874647962752233
ISIC_0025036,adaptive,0.27035555555555557,0.1536511225310451,0.2663736367610743,0.7700407407407407,0.15441942024220506,0.9981472457412032,0.968634527799261,0.8505808537454107,107.16039223528732,55.61725495312889
ISIC_0025036,kmeans,0.27035555555555557,0.611821676264996,0.7591679467703197,0.8949,0.6127185051235684,0.999456863820024,0.9976133651551312,0.38874732862074635,73.40469911429852,27.730750122039584
ISIC_0025036,watershed,0.27035555555555557,0.5302684180468303,0.6930397462213099,0.8720555555555556,0.534234752589183,0.9972284826704026,0.9861922464152948,0.4732451093210587,83.33065041075903,34.12265101250069
ISIC_0025037,otsu,0.3384740740740741,0.907277352583058,0.9513848118149328,0.9684111111111111,0.9131942924672823,0.9966631581304728,0.9929090671140142,0.09332735151223355,20.12461179749811,6.4879238489277435
ISIC_0025037,adaptive,0.3384740740740741,0.2520522063933287,0.4026225186238715,0.7448777777777777,0.25400490217534033,0.9960361005979441,0.9704025751431796,0.7537422856392524,149.4983076174091,40.1337786238628
ISIC_0025037,kmeans,0.3384740740740741,0.6452925985906246,0.7844107475392391,0.8799407407407407,0.6452925985906246,1.0,1.0,0.3547074014093754,86.63999653688833,29.598661826032405
ISIC_0025037,watershed,0.3384740740740741,0.6621871343750342,0.7967660447859379,0.8855777777777778,0.6626581170394362,0.9996360826820146,0.9989278173660596,0.3380531360791351,83.0,27.062496947466457
ISIC_0025038,otsu,0.11305925925925926,0.360671702682073,0.5301377282575054,0.9100370370370371,0.4488960230623075,0.9688191619967095,0.6472838923004252,0.795715128087532,80.05935182474276,27.365503254537636
ISIC_0025038,adaptive,0.11305925925925926,0.2557657912077568,0.40734632683658173,0.9121555555555556,0.2670182794994431,0.9943918755271971,0.8585422372024436,0.776977003210378,67.93820377343624,28.09362294023577
ISIC_0025038,kmeans,0.11305925925925926,0.0,0.0,0.8568185185185185,0.0,0.9660380667629889,0.0,1.2664286182270852,284.06566134061353,195.0025785438525
ISIC_0025038,watershed,0.11305925925925926,0.0,0.0,0.8486333333333334,0.0,0.9568095075039461,0.0,1.338825918888816,233.4442099022053,145.23971220231553
ISIC_0025039,otsu,0.1894888888888889,0.9100041040473724,0.952881831111293,0.9829444444444444,0.9101286110785348,0.9999680128679662,0.9998496918683301,0.09000820921777881,8.94427190999916,4.950829573338836
ISIC_0025039,adaptive,0.1894888888888889,0.8754112402421694,0.9335672320372024,0.9762962962962963,0.8789531292756343,0.9990540948098593,0.9954179210200106,0.12509284234392715,15.269245675219441,6.485724367419724
ISIC_0025039,kmeans,0.1894888888888889,0.846331261483132,0.9167707649636891,0.9708814814814815,0.846331261483132,1.0,1.0,0.153668738516868,14.317821063276353,8.778882384951775
ISIC_0025039,watershed,0.1894888888888889,0.8455570538000039,0.9163163523544299,0.9707296296296296,0.8457057972714124,0.9999588736873852,0.9997920373408508,0.15447011453813378,19.193712781635174,8.732394642099731
ISIC_0025040,otsu,0.016596296296296296,0.0,0.0,0.7970296296296296,0.0,0.8104806059076751,0.0,12.229859406382504,241.3698375599192,201.170311346738
ISIC_0025040,adaptive,0.016596296296296296,0.8060066740823136,0.8925843803892585,0.9967703703703704,0.8085248828386521,0.999947273076503,0.9961506736321144,0.19459941977237225,8.602325267042627,3.3749023563616696
ISIC_0025040,kmeans,0.016596296296296296,0.6456148181209551,0.784648765934364,0.9941185185185185,0.6456148181209551,1.0,1.0,0.35438518187904483,10.63014581273465,6.632331248945274
ISIC_0025040,watershed,0.016596296296296296,0.0,0.0,0.9488703703703704,0.0,0.9648838689509979,0.0,3.0807855389422003,314.6091225592473,277.21165382428217
ISIC_0025041,otsu,0.6857925925925926,0.6009807521980515,0.7507657432769764,0.7263555555555555,0.6009807521980515,1.0,1.0,0.39901924780194853,131.77897198846443,61.14699612381057
ISIC_0025041,adaptive,0.6857925925925926,0.08373657946469076,0.1545330868245718,0.3716333333333333,0.08373657946469076,1.0,1.0,0.9162634205353093,424.89498473604755,175.27470500691817
ISIC_0025041,kmeans,0.6857925925925926,0.35966494566978463,0.5290493761940889,0.560862962962963,0.35966494566978463,1.0,1.0,0.6403350543302154,145.8595171065183,84.99725612348692
ISIC_0025041,watershed,0.6857925925925926,0.3641258559979262,0.5338596206455597,0.5639222222222222,0.3641258559979262,1.0,1.0,0.6358741440020739,150.9854296502031,85.66253846729381
ISIC_0025042,otsu,0.25851111111111114,0.7779019456144876,0.8750785694715296,0.9425851851851852,0.7779019456144876,1.0,1.0,0.22209805438551247,31.09661112728608,14.459033033064053
ISIC_0025042,adaptive,0.25851111111111114,0.618676931442554,0.764422991919942,0.9013037037037037,0.6194303561706639,0.999575428816895,0.9980378578024007,0.38178744376629703,76.83161320813538,24.17372840588338
ISIC_0025042,kmeans,0.25851111111111114,0.574500702025846,0.7297560442960226,0.8900037037037037,0.574500702025846,1.0,1.0,0.425499297974154,58.0,29.57634674987306
ISIC_0025042,watershed,0.25851111111111114,0.6670821513510415,0.8002990744162463,0.913937037037037,0.6670821513510415,1.0,1.0,0.3329178486489584,48.001562330494686,22.581173305067697
ISIC_0025043,otsu,0.058277777777777776,0.6579599618684462,0.7936982520699172,0.9800666666666666,0.6579599618684462,1.0,1.0,0.34204003813155387,22.41086615065875,11.725499237943115
ISIC_0025043,adaptive,0.058277777777777776,0.0,0.0,0.891962962962963,0.0,0.9471614260712249,0.0,1.853829043533524,177.01059110788012,107.82546506724707
ISIC_0025043,kmeans,0.058277777777777776,0.45395614871306006,0.6244426960398636,0.9681777777777778,0.45395614871306006,1.0,1.0,0.54604385128694,33.83784863137726,20.76536877663267
ISIC_0025043,watershed,0.058277777777777776,0.4897362567524627,0.6574804829145514,0.970262962962963,0.4897362567524627,1.0,1.0,0.5102637432475373,34.49636749393527,18.92011162342468
ISIC_0025044,otsu,0.08873703703703703,0.6797028256605033,0.809313189543783,0.9715777777777778,0.6797028256605033,1.0,1.0,0.3202971743394966,29.0,13.129789694892581
ISIC_0025044,adaptive,0.08873703703703703,0.527275762761384,0.6904787931788369,0.9580518518518518,0.527275762761384,1.0,1.0,0.47272423723861595,50.45244912509052,19.405609211531335
ISIC_0025044,kmeans,0.08873703703703703,0.6297842147001127,0.7728436795738578,0.9671481481481482,0.6297842147001127,1.0,1.0,0.3702157852998873,31.556134702043213,15.396511367528646
ISIC_0025044,watershed,0.08873703703703703,0.5267331691639885,0.6900133956641789,0.9580037037037037,0.5267331691639885,1.0,1.0,0.4732668308360115,34.20964617061512,20.425937982422017
ISIC_0025045,otsu,0.19091851851851852,0.7393885310778304,0.8501706408511968,0.9502444444444444,0.7393885310778304,1.0,1.0,0.26061146892216963,38.046679246373216,15.189289045770854
ISIC_0025045,adaptive,0.19091851851851852,0.5347663876592372,0.6968700799798476,0.910862962962963,0.5366648560564911,0.9991622873674766,0.9934283764857974,0.4668852331807248,77.67042491554326,25.65474719781451
ISIC_0025045,kmeans,0.19091851851851852,0.5636688135330178,0.7209567763386432,0.9166962962962963,0.5636688135330178,1.0,1.0,0.4363311864669822,53.0,26.634926873073905
ISIC_0025045,watershed,0.19091851851851852,0.6426825483044929,0.7824793037070279,0.9317814814814814,0.6426825483044929,1.0,1.0,0.3573174516955071,41.11508032829289,21.786187435467014
ISIC_0025046,otsu,0.20083703703703704,0.3251730231188337,0.490763119148818,0.8642148148148148,0.32578467893630364,0.9995272831759155,0.9942593426384512,0.6760963375502527,101.87001370839526,44.48550877009952
ISIC_0025046,adaptive,0.20083703703703704,0.1631320768634972,0.28050481988838155,0.831925925925926,0.1631320768634972,1.0,1.0,0.8368679231365028,149.26970343358678,56.9957711021187
ISIC_0025046,kmeans,0.20083703703703704,0.1500756094862243,0.2609839009685075,0.8293037037037037,0.1500756094862243,1.0,1.0,0.8499243905137757,162.23669971861213,70.20136762789728
ISIC_0025046,watershed,0.20083703703703704,0.18089108545716076,0.3063637073475443,0.8354925925925926,0.18089108545716076,1.0,1.0,0.8191089145428392,162.08206123410454,65.79488464845568
ISIC_0025047,otsu,0.4399296296296296,0.9231953040904198,0.9600640165113625,0.9661740740740741,0.9242134684840168,0.9991337067432002,0.9988081157310527,0.07688940150360749,16.1245154965971,6.202453821003573
ISIC_0025047,adaptive,0.4399296296296296,0.13320372334158123,0.23509227969846633,0.6185518518518518,0.13324521598572162,0.9997553217518963,0.997667675239536,0.8670662816443707,236.40854468483155,67.04102412209883
ISIC_0025047,kmeans,0.4399296296296296,0.80339448228252,0.8909803042822664,0.9135074074074074,0.80339448228252,1.0,1.0,0.19660551771748006,29.698484809834994,17.421608441580997
ISIC_0025047,watershed,0.4399296296296296,0.29958011830734665,0.46104139958302576,0.6917037037037037,0.2997364898426516,0.9995899986112856,0.998261601009393,0.7007854791591248,77.0,24.056785507337025
ISIC_0025048,otsu,0.1976925925925926,0.764598984581374,0.8665980103833781,0.953462962962963,0.764598984581374,1.0,1.0,0.235401015418626,33.10740067538016,12.515892978317366
ISIC_0025048,adaptive,0.1976925925925926,0.5199694354883799,0.684184067584634,0.9046037037037037,0.5226970417970287,0.9987074318054869,0.9900638750887154,0.4825486632819379,71.8481035191732,24.54469099662297
ISIC_0025048,kmeans,0.1976925925925926,0.7111864660808963,0.8312203026122753,0.9429037037037037,0.7111864660808963,1.0,1.0,0.28881353391910375,35.35533905932738,15.678888257689412
ISIC_0025048,watershed,0.1976925925925926,0.5870318676583547,0.7397858601598376,0.9183592592592592,0.5870318676583547,1.0,1.0,0.41296813234164526,48.83185409188518,22.19013171143254
ISIC_0025049,otsu,0.29888148148148147,0.8425898608447657,0.9145712551120481,0.9525740740740741,0.8493766883937645,0.9965663331607696,0.9906059861546688,0.15867803415202358,26.05953383332202,12.202632486780795
ISIC_0025049,adaptive,0.29888148148148147,0.4589273339273339,0.6291298041444361,0.838062962962963,0.45955290093930456,0.9994189179195149,0.9970426132544696,0.5418102059530595,115.55085460523432,43.89480288343469
ISIC_0025049,kmeans,0.29888148148148147,0.2672556940692458,0.4217865349826431,0.7809962962962963,0.2672556940692458,1.0,1.0,0.7327443059307541,112.77410605689425,62.62915050398615
ISIC_0025049,watershed,0.29888148148148147,0.7300025854745577,0.8439323635742549,0.9187777777777778,0.7347517906267813,0.9972266537067754,0.9912233775786553,0.2717539468140474,37.58124478692147,19.26668475082624
ISIC_0025050,otsu,0.808162962962963,0.6033207457241847,0.7525889592998162,0.6794185185185185,0.6033207457241847,1.0,1.0,0.3966792542758153,141.00088651367508,67.28921414737397
ISIC_0025050,adaptive,0.808162962962963,0.12737621675129696,0.22596931682371402,0.2947777777777778,0.12737621675129696,1.0,1.0,0.872623783248703,243.75602556654883,94.82387842471601
ISIC_0025050,kmeans,0.808162962962963,0.08447599494051439,0.15579135976199834,0.2601074074074074,0.08447599494051439,1.0,1.0,0.9155240050594856,422.95234848723885,169.46218768674186
ISIC_0025050,watershed,0.808162962962963,0.12398947773643013,0.2206239118646003,0.29204074074074077,0.12398947773643013,1.0,1.0,0.8760105222635699,299.5986104808506,117.73021243543347
ISIC_0025051,otsu,0.16532222222222223,0.6565181351793355,0.7926482919044656,0.9432148148148148,0.6565181351793355,1.0,1.0,0.34348186482066445,56.442441150931515,19.7408143745545
ISIC_0025051,adaptive,0.16532222222222223,0.28074536943716544,0.43840934527140457,0.8810592592592592,0.28082084369469273,0.9999467525725163,0.9990435960787439,0.7194479915764949,121.8400590938793,41.41905708441776
ISIC_0025051,kmeans,0.16532222222222223,0.40773349463449604,0.5792765408915129,0.9020851851851852,0.40773349463449604,1.0,1.0,0.592266505365504,78.59230121480113,34.529894601351934
ISIC_0025051,watershed,0.16532222222222223,0.5301207518426417,0.692913616398243,0.9223185185185185,0.5301207518426417,1.0,1.0,0.46987924815735826,66.83351055080873,26.493552620444603
ISIC_0025052,otsu,0.07392962962962962,0.8473278622898318,0.9173551480347807,0.9887,0.8483041931766946,0.9999080143497614,0.9986435480066054,0.1528480537047242,15.709372654946733,5.284774072860631
ISIC_0025052,adaptive,0.07392962962962962,0.633986603820392,0.7759997570825615,0.9726777777777778,0.6401482891638696,0.9992241210371182,0.9850447116867098,0.36957066279244527,50.03398521134841,13.751191805500723
ISIC_0025052,kmeans,0.07392962962962962,0.787134913080507,0.8808903091974323,0.984262962962963,0.787134913080507,1.0,1.0,0.21286508691949302,17.72004514666935,7.569961677267134
ISIC_0025052,watershed,0.07392962962962962,0.6837332798957968,0.8121634086107887,0.9766185185185186,0.6837332798957968,1.0,1.0,0.3162667201042032,26.923035718143336,12.043008982725649
ISIC_0025053,otsu,0.37226296296296296,0.8256142122931582,0.9044782920002604,0.9347777777777778,0.8294912994597606,0.9972151585058617,0.9943705647325422,0.17520470396275034,61.68143805110709,15.030391398103664
ISIC_0025053,adaptive,0.37226296296296296,0.1313357407904816,0.2321781873499644,0.6765962962962963,0.13134880759319875,0.9999409991208869,0.9992431123221314,0.8687506840047358,232.15058178772773,69.18196290933606
ISIC_0025053,kmeans,0.37226296296296296,0.37561062968232334,0.5461002140832032,0.767562962962963,0.37561062968232334,1.0,1.0,0.6243893703176767,134.1169248046236,50.75622398350371
ISIC_0025053,watershed,0.37226296296296296,0.5973774014784451,0.7479477309814766,0.8501185185185185,0.5973774014784451,1.0,1.0,0.40262259852155485,116.2497311824849,36.17195309358862
ISIC_0025054,otsu,0.21095185185185186,0.41064470183547874,0.5822085480506368,0.8375518518518519,0.5365626700844497,0.9180212445374878,0.636342814308916,0.7700721596994223,144.40286250368322,53.80506528233417
ISIC_0025054,adaptive,0.21095185185185186,0.1656280653164849,0.2841868178105586,0.7857703703703703,0.20159067366609898,0.9419506860117441,0.48144576292507024,1.015538037466861,163.48683121058377,62.31332902784504
ISIC_0025054,kmeans,0.21095185185185186,0.24984667407051336,0.3998037187342511,0.8323851851851852,0.26463823586214164,0.9841722093661843,0.8171862293304418,0.794564320452271,168.15764895403936,61.708027748767144
ISIC_0025054,watershed,0.21095185185185186,0.34692239519756535,0.5151334574798262,0.8553481481481482,0.3642572466948751,0.9866411945006407,0.8793709998728436,0.6857102726618326,166.14029629445318,57.08605128009023
ISIC_0025055,otsu,0.22057037037037036,0.8743325385364543,0.932953486705368,0.9722814814814815,0.8743325385364543,1.0,1.0,0.12566746146354568,13.341664064126334,7.7516293025147815
ISIC_0025055,adaptive,0.22057037037037036,0.8508394895903291,0.9194092673899633,0.9670962962962963,0.8509252107331161,0.9999714891231004,0.9998816147744761,0.14917553816704168,21.213203435596427,8.718905073910145
ISIC_0025055,kmeans,0.22057037037037036,0.8108607314370151,0.8955528355773154,0.9582814814814815,0.8108607314370151,1.0,1.0,0.18913926856298485,18.110770276274835,11.945886159648271
ISIC_0025055,watershed,0.22057037037037036,0.8043456358934749,0.8915649195949971,0.9568444444444445,0.8043456358934749,1.0,1.0,0.19565436410652517,26.0,12.355132207621583
ISIC_0025056,otsu,0.20065185185185186,0.4966774955699941,0.6637067732228307,0.8990074074074074,0.4966774955699941,1.0,1.0,0.5033225044300059,73.77921372761583,35.24566695263925
ISIC_0025056,adaptive,0.20065185185185186,0.2353994388659185,0.381090409239642,0.8465814814814815,0.2353994388659185,1.0,1.0,0.7646005611340815,101.74228095675423,55.78827695448588
ISIC_0025056,kmeans,0.20065185185185186,0.44824276432368576,0.6190160591384145,0.8892888888888889,0.44824276432368576,1.0,1.0,0.5517572356763142,77.42929769102555,39.45201268713187
ISIC_0025056,watershed,0.20065185185185186,0.39257235676314234,0.5638089178728594,0.8781185185185185,0.39257235676314234,1.0,1.0,0.6074276432368576,78.73849002198452,44.11997796134648
ISIC_0025057,otsu,0.16486666666666666,0.7890775935660691,0.8821055010735946,0.9652259259259259,0.7890775935660691,1.0,1.0,0.2109224064339309,20.591260281974,11.527390358112743
ISIC_0025057,adaptive,0.16486666666666666,0.7413336326897171,0.8514550213385939,0.9573296296296296,0.7417666352158871,0.9998846935064705,0.9992131941292177,0.25881745068967066,26.40075756488817,13.533322588528648
ISIC_0025057,kmeans,0.16486666666666666,0.6710023812733072,0.8031136146700187,0.9457592592592593,0.6710023812733072,1.0,1.0,0.32899761872669275,28.178005607210743,18.728580567876218
ISIC_0025057,watershed,0.16486666666666666,0.6366985667430471,0.7780278906335786,0.9401037037037037,0.6366985667430471,1.0,1.0,0.36330143325695285,38.80249098148928,20.65472182793226
ISIC_0025058,otsu,0.32496296296296295,0.9137704769662413,0.9549425994017569,0.9717703703703704,0.9205607476635514,0.9964226928563591,0.991992336223625,0.08687029860952815,20.615528128088304,6.608077489558328
ISIC_0025058,adaptive,0.32496296296296295,0.15262049735389518,0.26482350037027896,0.7242407407407407,0.15283793024846137,0.9993141665752222,0.990764684152198,0.8485867335308868,145.0482529142096,32.57671817006057
ISIC_0025058,kmeans,0.32496296296296295,0.5886710736266241,0.7410861611306406,0.8663333333333333,0.5886710736266241,1.0,1.0,0.41132892637337587,88.11236955663982,35.789821285642205
ISIC_0025058,watershed,0.32496296296296295,0.4898222019603374,0.6575579304910608,0.8342111111111111,0.4898222019603374,1.0,1.0,0.5101777980396627,113.21660655575224,45.50331420931576
ISIC_0025059,otsu,0.10801111111111111,0.6304221102081404,0.7733237991082695,0.9600814814814815,0.6304221102081404,1.0,1.0,0.36957788979185957,40.35215116873893,16.153103120818937
ISIC_0025059,adaptive,0.10801111111111111,0.5655099392034975,0.7224610014181303,0.9528851851851852,0.5677399444501594,0.9995224986193982,0.993102207293666,0.43620340842848815,45.35416188179427,18.265964662031173
ISIC_0025059,kmeans,0.10801111111111111,0.5326612488427117,0.6950802067252836,0.9495222222222223,0.5326612488427117,1.0,1.0,0.46733875115728835,42.59687195863199,21.235655251384394
ISIC_0025059,watershed,0.10801111111111111,0.5024174467647361,0.6688120506675796,0.9462555555555555,0.5024174467647361,1.0,1.0,0.49758255323526385,44.721359549995796,24.018864820313315
ISIC_0025060,otsu,0.4225851851851852,0.7733264386755245,0.872176066187918,0.9042111111111111,0.7733264386755245,1.0,1.0,0.22667356132447544,55.48330958470794,22.109164890314666
ISIC_0025060,adaptive,0.4225851851851852,0.2546495118231696,0.4059293203774982,0.6850259259259259,0.2546495118231696,1.0,1.0,0.7453504881768305,126.2507424672468,66.28552967293673
ISIC_0025060,kmeans,0.4225851851851852,0.5495100702904521,0.7092694404850789,0.8096296296296296,0.5495100702904521,1.0,1.0,0.45048992970954793,87.05858781100001,40.28101417208258
ISIC_0025060,watershed,0.4225851851851852,0.6201686269697979,0.7655605924547491,0.8394888888888888,0.6201686269697979,1.0,1.0,0.3798313730302021,84.0,33.8747636215403
ISIC_0025061,otsu,0.04227037037037037,0.672040655392973,0.8038568359272651,0.986137037037037,0.672040655392973,1.0,1.0,0.3279593446070271,16.31086088205534,9.05492948640534
ISIC_0025061,adaptive,0.04227037037037037,0.6617544471573072,0.7964527470220916,0.9856333333333334,0.6649434854989924,0.9997873056263462,0.9928048142333856,0.33987558047840183,17.0,8.58960201029571
ISIC_0025061,kmeans,0.04227037037037037,0.6386576710768422,0.7794888247246284,0.9847259259259259,0.6386576710768422,1.0,1.0,0.3613423289231578,17.0,10.06643356443487
ISIC_0025061,watershed,0.04227037037037037,0.5571716463681766,0.7156200765248706,0.9812814814814815,0.5571716463681766,1.0,1.0,0.4428283536318234,22.606226313629744,13.122800769509288
ISIC_0025062,otsu,0.07472592592592593,0.6231661379857256,0.7678402393966228,0.9718407407407408,0.6231661379857256,1.0,1.0,0.3768338620142744,30.753795481041596,14.924735107410603
ISIC_0025062,adaptive,0.07472592592592593,0.6293526177621477,0.7725186198510412,0.9722851851851851,0.6297581284694687,0.9999479633662098,0.9989779070681657,0.37088620142743856,34.64095858495454,13.14309596517316
ISIC_0025062,kmeans,0.07472592592592593,0.5811360031720857,0.7350866743989216,0.9687,0.5811360031720857,1.0,1.0,0.41886399682791436,32.66035776199794,16.5846871903033
ISIC_0025062,watershed,0.07472592592592593,0.47759714512291834,0.6464510935193881,0.9609629629629629,0.47759714512291834,1.0,1.0,0.5224028548770817,46.84015371452148,22.15035760294606
ISIC_0025063,otsu,0.10528888888888889,0.6309014380918976,0.7736843237198099,0.961025925925926,0.6327212607288589,0.9996605566870332,0.995461840721678,0.3701632193611932,50.388455575582114,13.296426736465614
ISIC_0025063,adaptive,0.10528888888888889,0.4946565376939419,0.6618999418517003,0.9418555555555556,0.5405586041930491,0.9890798602487043,0.8534851430158289,0.5522372308991136,65.86191485381383,19.96154880857457
ISIC_0025063,kmeans,0.10528888888888889,0.35493175742225974,0.5239108988005607,0.9320814814814815,0.35493175742225974,1.0,1.0,0.6450682425777402,69.35416353759881,24.64215197253366
ISIC_0025063,watershed,0.10528888888888889,0.2692415927958351,0.4242558616484674,0.9230592592592592,0.2692415927958351,1.0,1.0,0.730758407204165,81.8413098624405,38.38471151961973
ISIC_0025064,otsu,0.03515185185185185,0.5615846591507744,0.7192497132447203,0.9845888888888888,0.5615846591507744,1.0,1.0,0.43841534084922557,20.27543951105322,12.16173991431025
ISIC_0025064,adaptive,0.03515185185185185,0.5940364555895058,0.7453235507964836,0.9857296296296296,0.5940364555895058,1.0,1.0,0.40596354441049415,19.79898987322333,10.65051581582482
ISIC_0025064,kmeans,0.03515185185185185,0.5476767463913181,0.7077404860780175,0.9841,0.5476767463913181,1.0,1.0,0.4523232536086819,21.00118980208143,12.630832942396228
ISIC_0025064,watershed,0.03515185185185185,0.42240016858076074,0.593925925925926,0.9796962962962963,0.42240016858076074,1.0,1.0,0.5775998314192393,30.494253429263686,17.078128133160156
ISIC_0025065,otsu,0.036474074074074075,0.3273761169780666,0.49326805385556916,0.9754666666666667,0.3273761169780666,1.0,1.0,0.6726238830219334,30.16204777120756,21.60640502095727
ISIC_0025065,adaptive,0.036474074074074075,0.5722989439480097,0.7279772668561095,0.9844,0.5722989439480097,1.0,1.0,0.42770105605199027,23.188103349390996,10.828949690111017
ISIC_0025065,kmeans,0.036474074074074075,0.0,0.0,0.951725925925926,0.0,0.987753313447523,0.0,1.3235174654752233,380.7967737687001,316.0120062583478
ISIC_0025065,watershed,0.036474074074074075,0.0,0.0,0.9540185185185185,0.0,0.990132691657185,0.0,1.2606620633631194,385.5165219410215,323.7682890248259
ISIC_0025066,otsu,0.2629740740740741,0.2731433883075363,0.4290850360078321,0.8088555555555555,0.2731433883075363,1.0,1.0,0.7268566116924637,171.00457695720314,52.69856562332294
ISIC_0025066,adaptive,0.2629740740740741,0.29011792386767876,0.4497541170467992,0.8122703703703704,0.2917482359900286,0.9979949446474068,0.981102585961921,0.7138712448769771,134.3377892529523,36.841900614056094
ISIC_0025066,kmeans,0.2629740740740741,0.20818838640620818,0.34462901439645627,0.7917740740740741,0.20818838640620818,1.0,1.0,0.7918116135937918,182.18780908433317,57.33104060685116
ISIC_0025066,watershed,0.2629740740740741,0.16757038434995705,0.2870411695878216,0.7810925925925926,0.16757038434995705,1.0,1.0,0.8324296156500429,190.57976946965357,74.13426609076127
ISIC_0025067,otsu,0.29507777777777777,0.5866132977540582,0.7394533987386125,0.8416407407407407,0.7615569027626112,0.8751635326198319,0.7185967738114978,0.5366695535389289,176.9385269582863,57.85682414241848
ISIC_0025067,adaptive,0.29507777777777777,0.03493149993437724,0.06750495068821882,0.6459592592592592,0.04342860011798522,0.8981763157479943,0.15148861646234676,1.1998217670168567,253.37412858291876,121.4530388842814
ISIC_0025067,kmeans,0.29507777777777777,0.5238048190092749,0.6874959476107113,0.8571925925925926,0.5323517967641928,0.9931697219026002,0.9702605632191796,0.4839653073263797,56.22277118748239,31.05585112742789
ISIC_0025067,watershed,0.29507777777777777,0.6005326560053266,0.7504159990139283,0.8800074074074075,0.6113265805625635,0.9924761859727104,0.9714382591698746,0.4066473371741286,49.5766653440594,26.831353754769268
ISIC_0025068,otsu,0.30845185185185187,0.2661886623347524,0.42045655636170587,0.769537037037037,0.2710309550683221,0.9918861598774623,0.9371030016191306,0.7471602507144401,348.28418468053593,76.81674032410051
ISIC_0025068,adaptive,0.30845185185185187,0.09803057025279248,0.17855708740463125,0.6817851851851852,0.1121250690425302,0.9358712068466886,0.4381569069069069,1.0316514973223505,274.1658256672018,73.03251748607155
ISIC_0025068,kmeans,0.30845185185185187,0.08569508771087807,0.1578621634764157,0.7177777777777777,0.08575682620494224,0.9996786597971272,0.991668980838656,0.9149636175884345,376.38695408179115,117.11083996930677
ISIC_0025068,watershed,0.30845185185185187,0.12183112090861169,0.2172004656279035,0.7285222222222222,0.12210321558079777,0.9990038453710943,0.9820376629647514,0.8801301601786701,374.93332137908527,113.44094242680592
ISIC_0025069,otsu,0.23451851851851852,0.6343651295009476,0.7762832405689548,0.9142518518518519,0.6343651295009476,1.0,1.0,0.3656348704990524,62.96824596572466,25.461694019794766
ISIC_0025069,adaptive,0.23451851851851852,0.42398675287809495,0.5954925521900437,0.8647222222222222,0.4245893872394188,0.9995645442229534,0.9966635773864689,0.5768319646241314,83.48652585896721,35.812381746272195
ISIC_0025069,kmeans,0.23451851851851852,0.33730259001895135,0.5044521599470937,0.8445851851851852,0.33730259001895135,1.0,1.0,0.6626974099810486,95.30791687497141,46.42611348624488
ISIC_0025069,watershed,0.23451851851851852,0.4363076437144662,0.607540655546637,0.8678037037037037,0.4363076437144662,1.0,1.0,0.5636923562855338,87.46427842267951,39.27487322230212
ISIC_0025070,otsu,0.8764851851851851,0.7176813112980719,0.8356396574585907,0.7525518518518518,0.7176813112980719,1.0,1.0,0.28231868870192817,108.59188476417454,55.62658760959043
ISIC_0025070,adaptive,0.8764851851851851,0.2841502114910861,0.4425498028943922,0.372562962962963,0.28415261291944677,0.9999400281867522,0.9999702588963076,0.7158558383442284,191.78555167028517,94.97165532112481
ISIC_0025070,kmeans,0.8764851851851851,0.232097054312046,0.3767512526708211,0.3269444444444444,0.232097054312046,1.0,1.0,0.767902945687954,178.0058802995951,99.99318266679802
ISIC_0025070,watershed,0.8764851851851851,0.2329464063114037,0.37786947610854826,0.32768888888888886,0.2329464063114037,1.0,1.0,0.7670535936885963,177.28718998371974,100.1960241182594
ISIC_0025071,otsu,0.30911481481481484,0.6542369230401015,0.7909833397235103,0.8929888888888889,0.6550364841063491,0.9994531974546877,0.9981377346089243,0.346185643594014,65.8387505656495,23.12604762455727
ISIC_0025071,adaptive,0.30911481481481484,0.32153802630958556,0.48661184151845444,0.7868222222222222,0.32683528833826575,0.9926288872568203,0.952012005723659,0.689639472328393,103.07764064044152,42.406453559926035
ISIC_0025071,kmeans,0.30911481481481484,0.416457986364889,0.5880273052555004,0.8196185185185185,0.416457986364889,1.0,1.0,0.583542013635111,88.00227265390687,44.9233223263056
ISIC_0025071,watershed,0.30911481481481484,0.42925438228633733,0.600668974825421,0.8235740740740741,0.42925438228633733,1.0,1.0,0.5707456177136627,87.09190547921202,45.36119370697301
ISIC_0025072,otsu,0.2951814814814815,0.8142634997868125,0.8976242975537937,0.9451444444444445,0.8147028193578338,0.9997740421752908,0.9993381968171884,0.18583671062372176,26.419689627245813,13.131870440223631
ISIC_0025072,adaptive,0.2951814814814815,0.3597284783999799,0.5291181057313439,0.8110037037037037,0.3597284783999799,1.0,1.0,0.6402715216000201,143.00559166991687,53.33321321092393
ISIC_0025072,kmeans,0.2951814814814815,0.4637448399603508,0.633641639307726,0.8417074074074075,0.4637448399603508,1.0,1.0,0.5362551600396491,103.03270916427867,44.430597695240394
ISIC_0025072,watershed,0.2951814814814815,0.6458675767575502,0.7848354094561423,0.8954666666666666,0.6458675767575502,1.0,1.0,0.3541324232424497,58.52349955359813,26.553445828367494
ISIC_0025073,otsu,0.008314814814814815,0.0,0.0,0.9306703703703704,0.0,0.9384736046012213,0.0,8.338084632516704,297.5382248602147,183.10086515936413
ISIC_0025073,adaptive,0.008314814814814815,0.0,0.0,0.982574074074074,0.0,0.9908124964986649,0.0,2.0957683741648108,130.88822826653276,78.77149431911786
ISIC_0025073,kmeans,0.008314814814814815,0.864953080375357,0.9275869612776197,0.998774074074074,0.9443207126948775,0.9992306399507012,0.9114359415305245,0.14743875278396437,5.0,1.597865948165435
ISIC_0025073,watershed,0.008314814814814815,0.0,0.0,0.9757740740740741,0.0,0.9839554816903513,0.0,2.91358574610245,241.95133798430393,213.70522673714635
ISIC_0025074,otsu,0.0837962962962963,0.7173922651933702,0.83544368952028,0.9763185185185185,0.7173922651933702,1.0,1.0,0.2826077348066298,15.524174696260024,9.454627510194745
ISIC_0025074,adaptive,0.0837962962962963,0.6683448154036389,0.8012070517232251,0.9721851851851852,0.6689060773480663,0.9999231935320869,0.9987461228799578,0.33193370165745856,33.97351795263345,10.724884982796445
ISIC_0025074,kmeans,0.0837962962962963,0.6268287292817679,0.7706142853261608,0.9687296296296296,0.6268287292817679,1.0,1.0,0.37317127071823203,20.56571876832221,12.687316633561203
ISIC_0025074,watershed,0.0837962962962963,0.6049502762430939,0.7538554747741794,0.9668962962962963,0.6049502762430939,1.0,1.0,0.39504972375690606,26.0,13.582976232875838
ISIC_0025075,otsu,0.2276037037037037,0.2818175578282655,0.4397155525092638,0.8062370370370371,0.33406017606951655,0.9453744239907551,0.6431189499075843,0.851317266854344,136.22958380928287,51.79178768453958
ISIC_0025075,adaptive,0.2276037037037037,0.3029022532721483,0.464965430079548,0.786762962962963,0.40709159845735765,0.8986415532230144,0.5420214494637634,0.9368785901420598,122.54019748026215,47.70513820152367
ISIC_0025075,kmeans,0.2276037037037037,0.048982041456996445,0.0933896664026054,0.7711111111111111,0.05179568125233919,0.9830733599620229,0.47415462535379116,1.0056465917042292,238.94999470198505,91.580043377457
ISIC_0025075,watershed,0.2276037037037037,0.1662739107116738,0.2851369805746774,0.81,0.16648495598262086,0.9996259835912288,0.9924337957124842,0.8347843067059378,140.51935218841282,57.498104703901994
ISIC_0025076,otsu,0.05787777777777778,0.869915353867858,0.9304328691333187,0.9918037037037037,0.9470147821078901,0.9945552397463567,0.9144216510133465,0.1416138734242017,19.788862446260204,4.40703270307031
ISIC_0025076,adaptive,0.05787777777777778,0.5240436809502522,0.6877016551435156,0.9723962962962963,0.5251167850515134,0.9998742004851143,0.9961155620296188,0.4769309528380367,44.0,15.34668528727024
ISIC_0025076,kmeans,0.05787777777777778,0.5529532219875856,0.7121312015823307,0.974125925925926,0.5529532219875856,1.0,1.0,0.44704677801241444,37.06749862811309,15.127149576785087
ISIC_0025076,watershed,0.05787777777777778,0.7737487231869254,0.8724445724157789,0.9868740740740741,0.7755807256671146,0.9998545443109135,0.9969564859751583,0.22678697126767774,13.0,7.13157430544775
ISIC_0025077,otsu,0.3029925925925926,0.6947242323489146,0.8198669955713276,0.9075037037037037,0.6947242323489146,1.0,1.0,0.3052757676510855,37.48866154100905,22.7146765726935
ISIC_0025077,adaptive,0.3029925925925926,0.6181520450684949,0.7640222029226296,0.8842703703703704,0.6183258361040485,0.9998777843904098,0.9995455174185389,0.38195530999413263,58.0,25.613591560646388
ISIC_0025077,kmeans,0.3029925925925926,0.4841458048112654,0.6524235061565704,0.8437,0.4841458048112654,1.0,1.0,0.5158541951887345,61.68792349753188,41.47941366098831
ISIC_0025077,watershed,0.3029925925925926,0.5455823391355369,0.7059893547188016,0.8623148148148149,0.5455823391355369,1.0,1.0,0.4544176608644631,57.658469272159735,37.02874488879892
ISIC_0025078,otsu,0.729,0.28528171518569323,0.4439209113691883,0.4789703703703704,0.28528171518569323,1.0,1.0,0.7147182848143068,248.12265102314393,84.68773244775574
ISIC_0025078,adaptive,0.729,0.1780228376374017,0.3022400448440161,0.40066296296296294,0.17805720672661687,0.9994806614732814,0.9989169160609948,0.8221358532743992,191.61523421934163,112.8801251054014
ISIC_0025078,kmeans,0.729,0.07282426459381192,0.13576177757572314,0.32408888888888887,0.07282426459381192,1.0,1.0,0.927175735406188,394.6815171293039,145.09849852134232
ISIC_0025078,watershed,0.729,0.0656251587664482,0.12316743505270636,0.31884074074074076,0.0656251587664482,1.0,1.0,0.9343748412335517,398.7885316408307,148.3026710676257
ISIC_0025079,otsu,0.1973074074074074,0.6854125998225377,0.8133469512387731,0.9343444444444444,0.725001407842622,0.9858024150198176,0.92621103117506,0.3327576821279072,78.01148291532425,20.401172024209842
ISIC_0025079,adaptive,0.1973074074074074,0.0807589805187493,0.14944864113918555,0.8185962962962963,0.08077262403093499,0.9999584731021054,0.99791280148423,0.919396317083701,165.0189340043638,59.556193575416515
ISIC_0025079,kmeans,0.1973074074074074,0.16885969028625059,0.28893064187181833,0.8360037037037037,0.1688660296960937,0.9999907718004679,0.9997777283840854,0.8311715127738254,130.6422130212936,43.49251260861478
ISIC_0025079,watershed,0.1973074074074074,0.21974746352662372,0.3603163279245913,0.8439148148148148,0.22279578773487507,0.9965901802728778,0.941386421319797,0.7910761549002309,137.94562927730544,36.210684495762806
ISIC_0025080,otsu,0.22557777777777777,0.7606734541236091,0.8640710204860118,0.9419296296296297,0.8182116704429777,0.977966847446603,0.9153762789074411,0.2574294814960759,43.67490531545974,14.743830825830477
ISIC_0025080,adaptive,0.22557777777777777,0.09341980028714772,0.1708763647093538,0.7918592592592593,0.09508094440613404,0.9948205113489627,0.8424498108815828,0.922700554953535,177.6512583541588,72.4619507549961
ISIC_0025080,kmeans,0.22557777777777777,0.5255861265606799,0.6890284558965866,0.8929037037037038,0.5259744524348997,0.9997847857901231,0.9985972568578554,0.47476439102879847,84.38009243891595,29.97215703955871
ISIC_0025080,watershed,0.22557777777777777,0.5649265477439664,0.7219847456206521,0.9017185185185185,0.5657242307818606,0.9995887017322352,0.9975102773435238,0.4356877811709848,78.28149880007425,26.738286251271614
ISIC_0025081,otsu,0.07627407407407408,0.7289501796639798,0.8432286693253946,0.9793259259259259,0.7289501796639798,1.0,1.0,0.2710498203360202,20.869334755021498,9.796366774215679
ISIC_0025081,adaptive,0.07627407407407408,0.6303579212476389,0.7732755035351435,0.9717333333333333,0.6319801884043896,0.9997874950883299,0.9959442913988369,0.3705933767116636,36.49915227676188,12.884950912727104
ISIC_0025081,kmeans,0.07627407407407408,0.6739341555792949,0.8052098743944537,0.9751296296296297,0.6739341555792949,1.0,1.0,0.3260658444207051,25.03196808670867,12.052029469007307
ISIC_0025081,watershed,0.07627407407407408,0.6004661551908322,0.7503640776699029,0.9695259259259259,0.6004661551908322,1.0,1.0,0.3995338448091677,35.69511061014002,15.32704032044353
ISIC_0025082,otsu,0.2773925925925926,0.5988837855159154,0.7491273486430062,0.8887333333333334,0.5988837855159154,1.0,1.0,0.4011162144840846,235.69641489971738,52.40016701815337
ISIC_0025082,adaptive,0.2773925925925926,0.3833053490045574,0.5541876192127623,0.8286,0.3840525528733177,0.9992516811546662,0.9949498443445175,0.6178968169194616,223.4464966247505,48.75974346778619
ISIC_0025082,kmeans,0.2773925925925926,0.5678273873104037,0.724349366398692,0.8801185185185185,0.5678273873104037,1.0,1.0,0.4321726126895962,236.5616131419559,54.21525547228903
ISIC_0025082,watershed,0.2773925925925926,0.46284180730613117,0.6327981672310402,0.8509962962962963,0.46284180730613117,1.0,1.0,0.5371581926938689,240.67176804433208,61.364624024416855
ISIC_0025083,otsu,0.14506666666666668,0.6919919945279052,0.8179613104150446,0.9549703703703704,0.6973805147058824,0.9986786927289111,0.9889572773352643,0.310406454248366,57.254256120127344,14.824816562367678
ISIC_0025083,adaptive,0.14506666666666668,0.47329515351817747,0.6424987584978681,0.9226777777777778,0.4789624183006536,0.9979682193110141,0.975609756097561,0.5330116421568627,59.41379953454373,18.522229780318767
ISIC_0025083,kmeans,0.14506666666666668,0.22623059640522875,0.3689854046513565,0.8877518518518519,0.22623059640522875,1.0,1.0,0.7737694035947712,144.94324815256024,54.64749364781357
ISIC_0025083,watershed,0.14506666666666668,0.24726817810457516,0.39649560927681005,0.8908037037037037,0.24726817810457516,1.0,1.0,0.7527318218954249,141.55987951790544,51.830450846021556
ISIC_0025084,otsu,0.1655,0.737307406226756,0.8487932574098765,0.9542185185185185,0.7764126664428779,0.9894813927168631,0.936056550830995,0.2766252657491328,34.38597245948049,13.54618452097559
ISIC_0025084,adaptive,0.1655,0.2849919455879721,0.44357001079499947,0.881637037037037,0.2850621013763008,0.9999511794598673,0.999137187230371,0.715184066241468,82.51480788800208,36.49295186754908
ISIC_0025084,kmeans,0.1655,0.6195591361754503,0.7650960342683433,0.937037037037037,0.6195591361754503,1.0,1.0,0.3804408638245496,48.82622246293481,21.676138419325884
ISIC_0025084,watershed,0.1655,0.5729215620454291,0.7284807785334206,0.9293185185185185,0.5729215620454291,1.0,1.0,0.4270784379545709,52.534743340793725,24.58968496384234
ISIC_0025085,otsu,0.0885,0.837413684871312,0.9115134950461223,0.9856111111111111,0.837413684871312,1.0,1.0,0.162586315128688,13.072767298673476,6.26684181881267
ISIC_0025085,adaptive,0.0885,0.8268651722984276,0.9052284589323322,0.9846666666666667,0.8274534421427077,0.9999309237926901,0.9991409368841275,0.17325800376647835,21.28138806550379,6.54508921931809
ISIC_0025085,kmeans,0.0885,0.771918811466834,0.8712801133679735,0.9798148148148148,0.771918811466834,1.0,1.0,0.22808118853316595,20.388696988218417,9.081843690263716
ISIC_0025085,watershed,0.0885,0.7457208621050428,0.8543414680922472,0.9774962962962963,0.7457208621050428,1.0,1.0,0.2542791378949571,20.12461179749811,10.113316631907518
ISIC_0025086,otsu,0.2807074074074074,0.48512356348379093,0.6533107081619417,0.8554703703703703,0.48512356348379093,1.0,1.0,0.5148764365162091,132.3215469062177,36.699262450699585
ISIC_0025086,adaptive,0.2807074074074074,0.16916256547611194,0.2893738996975579,0.7667777777777778,0.16916256547611194,1.0,1.0,0.830837434523888,172.52028829224813,69.729241064826
ISIC_0025086,kmeans,0.2807074074074074,0.17174862450686756,0.29314926583190704,0.7675037037037037,0.17174862450686756,1.0,1.0,0.8282513754931324,180.6834246957862,80.21475494499975
ISIC_0025086,watershed,0.2807074074074074,0.16644456465807286,0.2853878696016108,0.7660148148148148,0.16644456465807286,1.0,1.0,0.8335554353419271,180.67650649710936,83.93197101935577
ISIC_0025087,otsu,0.20502222222222222,0.7041874412891105,0.8264201744808506,0.9393518518518519,0.7041874412891105,1.0,1.0,0.2958125587108895,37.768612090222774,17.17600602083356
ISIC_0025087,adaptive,0.20502222222222222,0.42700099460817675,0.598459280997799,0.8783777777777778,0.4420659007153696,0.9909012131715771,0.9260899182561307,0.5932148276609581,76.03450893394798,29.378412929849254
ISIC_0025087,kmeans,0.20502222222222222,0.55415853746658,0.7131299981402269,0.9085925925925926,0.55415853746658,1.0,1.0,0.44584146253342005,67.1159285647417,28.170047154058157
ISIC_0025087,watershed,0.20502222222222222,0.39280294818989814,0.5640466926070039,0.8755111111111111,0.39280294818989814,1.0,1.0,0.6071970518101019,73.72311678290708,39.30334727515405
ISIC_0025088,otsu,0.06988518518518519,0.5607080396417404,0.7185303405888146,0.9693,0.5607080396417404,1.0,1.0,0.43929196035825957,25.65927939589689,16.82797282427902
ISIC_0025088,adaptive,0.06988518518518519,0.4690232656738566,0.6385511742847866,0.9628925925925926,0.4690232656738566,1.0,1.0,0.5309767343261435,38.04272507781683,19.6211289955944
ISIC_0025088,kmeans,0.06988518518518519,0.4195770841062059,0.5911296946165907,0.9594370370370371,0.4195770841062059,1.0,1.0,0.580422915893794,32.2490309931942,24.760678622698972
ISIC_0025088,watershed,0.06988518518518519,0.4349992050453124,0.6062710049119179,0.9605148148148148,0.4349992050453124,1.0,1.0,0.5650007949546876,35.414664923135305,23.065782248737474
ISIC_0025089,otsu,0.3438925925925926,0.5778756487842698,0.7324729920631129,0.8548111111111111,0.5779690041033484,0.9999153255169377,0.999720566318927,0.42219254504528764,103.75451797391764,34.95608664775464
ISIC_0025089,adaptive,0.3438925925925926,0.17458969701529434,0.2972777599853594,0.7155666666666667,0.1749469580295312,0.9989274565478777,0.9884386028964343,0.8270993311865247,126.29485488861134,49.26675057414683
ISIC_0025089,kmeans,0.3438925925925926,0.08030069681532778,0.14866360273958945,0.6837222222222222,0.08030069681532778,1.0,1.0,0.9196993031846722,181.73263309174217,90.16606842362155
ISIC_0025089,watershed,0.3438925925925926,0.19125265209852343,0.32109502843349097,0.7218777777777777,0.19125265209852343,1.0,1.0,0.8087473479014765,194.9274988730153,76.02747098646267
ISIC_0025090,otsu,0.4396851851851852,0.7736174872594028,0.8723611407945667,0.9004629629629629,0.7736174872594028,1.0,1.0,0.22638251274059723,36.0,18.736285087147174
ISIC_0025090,adaptive,0.4396851851851852,0.7107838267434929,0.8309452259628646,0.8706111111111111,0.7232194752137472,0.9862709455663152,0.9763800122819387,0.2942762077243819,60.837898713214386,22.62763627468079
ISIC_0025090,kmeans,0.4396851851851852,0.5354504485532579,0.6974506393974139,0.7957444444444445,0.5354504485532579,1.0,1.0,0.4645495514467422,79.95778775175134,40.944568177966204
ISIC_0025090,watershed,0.4396851851851852,0.5910036642378806,0.7429318706452911,0.8201703703703703,0.5910036642378806,1.0,1.0,0.40899633576211936,71.0949904308213,36.32198995626838
ISIC_0025091,otsu,0.25881481481481483,0.6118059530623927,0.7591558424262872,0.8995296296296297,0.6118059530623927,1.0,1.0,0.38819404693760734,55.760178219200895,27.951160738378896
ISIC_0025091,adaptive,0.25881481481481483,0.4182151232983167,0.5897767079590599,0.8447259259259259,0.4312678878076703,0.9891015390765541,0.9325143882666006,0.599942759015455,96.00520819205592,36.592808374222685
ISIC_0025091,kmeans,0.25881481481481483,0.4445764167143675,0.615511109790286,0.8562481481481482,0.4445764167143675,1.0,1.0,0.5554235832856325,69.46221994724903,43.38094946823042
ISIC_0025091,watershed,0.25881481481481483,0.4880652547223812,0.655972919431462,0.8675037037037037,0.4880652547223812,1.0,1.0,0.5119347452776187,70.00142849854971,37.838130942111604
ISIC_0025092,otsu,0.5471925925925926,0.7773686561708925,0.8747410431391665,0.8781777777777777,0.7773686561708925,1.0,1.0,0.2226313438291075,34.73036585828699,20.93650108415431
ISIC_0025092,adaptive,0.5471925925925926,0.22904116635756927,0.3727152069875152,0.578137037037037,0.22904116635756927,1.0,1.0,0.7709588336424307,190.76176111427424,82.428720996491
ISIC_0025092,kmeans,0.5471925925925926,0.45201770654248624,0.6226063284294531,0.7001481481481482,0.45201770654248624,1.0,1.0,0.5479822934575138,125.36745380199969,55.217426832043856
ISIC_0025092,watershed,0.5471925925925926,0.4890552449540415,0.6568664884816088,0.7204148148148148,0.4890552449540415,1.0,1.0,0.5109447550459585,122.60768528692066,51.79848470766954
ISIC_0025093,otsu,0.10361111111111111,0.7429133154602323,0.8524960006563026,0.973362962962963,0.7429133154602323,1.0,1.0,0.25708668453976763,22.521057864356226,11.41075968240969
ISIC_0025093,adaptive,0.10361111111111111,0.347646954359794,0.5159317924254804,0.9319740740740741,0.34988382484361036,0.999256275178184,0.9819422150882825,0.656550491510277,70.89709203980341,27.059269336630184
ISIC_0025093,kmeans,0.10361111111111111,0.6753887399463807,0.8062471996415541,0.9663666666666667,0.6753887399463807,1.0,1.0,0.3246112600536193,25.942243542145693,14.938513142179529
ISIC_0025093,watershed,0.10361111111111111,0.6144057193923146,0.7611540420255519,0.9600481481481481,0.6144057193923146,1.0,1.0,0.3855942806076854,33.53505548889027,17.633838067879978
ISIC_0025094,otsu,0.040655555555555556,0.8589253187613843,0.9241095487727206,0.994262962962963,0.8591600619477089,0.9999884180169328,0.9996820012719949,0.1411132367677872,7.0710678118654755,3.7367964283769055
ISIC_0025094,adaptive,0.040655555555555556,0.8659690627843494,0.9281708684839323,0.9945444444444445,0.8669946251252619,0.999949811406709,0.9986358866736621,0.13418966930855425,7.0710678118654755,3.5040561721396095
ISIC_0025094,kmeans,0.040655555555555556,0.8302213316331177,0.9072359908430377,0.9930962962962963,0.830372597248793,0.9999922786779553,0.9997806295930679,0.1698096018948711,8.246211251235321,4.561053932145779
ISIC_0025094,watershed,0.040655555555555556,0.8114582384552327,0.8959171359613838,0.9923333333333333,0.8116060854513983,0.9999922786779553,0.9997755582987319,0.18857611369226565,8.54400374531753,5.090831866353868
ISIC_0025095,otsu,0.338262962962963,0.677141386823751,0.8074946956095969,0.8907888888888889,0.677141386823751,1.0,1.0,0.32285861317624903,45.254833995939045,25.19111920487787
ISIC_0025095,adaptive,0.338262962962963,0.10275809965948035,0.18636562214543867,0.6964962962962963,0.10275809965948035,1.0,1.0,0.8972419003405196,194.80409090119335,95.45154942898155
ISIC_0025095,kmeans,0.338262962962963,0.46779297281317406,0.6374100182760807,0.8199740740740741,0.46779297281317406,1.0,1.0,0.5322070271868259,78.56844150166147,45.284467178407056
ISIC_0025095,watershed,0.338262962962963,0.503268331672707,0.6695655340689756,0.8319740740740741,0.503268331672707,1.0,1.0,0.49673166832729304,69.77101437360133,41.534935770439645
ISIC_0025096,otsu,0.2260111111111111,0.8434360814774757,0.915069516054475,0.9646148148148148,0.8434360814774757,1.0,1.0,0.1565639185225243,25.277444457762353,9.582771691137289
ISIC_0025096,adaptive,0.2260111111111111,0.6108365516789945,0.7584091024533957,0.9119222222222222,0.6116873965553972,0.9995932566741794,0.9977280017106811,0.3897055208691805,91.38955081724754,26.969929305929487
ISIC_0025096,kmeans,0.2260111111111111,0.7732494305425823,0.872127087395688,0.9487518518518518,0.7732494305425823,1.0,1.0,0.2267505694574177,31.07408898439527,14.251899296706977
ISIC_0025096,watershed,0.2260111111111111,0.7027022598036806,0.8253965198644903,0.9328074074074074,0.7027022598036806,1.0,1.0,0.29729774019631944,37.05401462729781,18.67857371652453
ISIC_0025097,otsu,0.8328518518518518,0.1704569710768793,0.2912656770629514,0.3091074074074074,0.17045848712589495,0.9999556835807667,0.9999478256332663,0.8295504069017655,204.658216738241,76.38578626845552
ISIC_0025097,adaptive,0.8328518518518518,0.343409952996527,0.51125116682445,0.45314074074074073,0.34342064303819986,0.9998448925326834,0.9999093639941993,0.6566104860586116,334.45687257201155,161.4811054657219
ISIC_0025097,kmeans,0.8328518518518518,0.11456397029394762,0.20557630310574868,0.26256296296296294,0.11456397029394762,1.0,1.0,0.8854360297060524,205.52420773696383,78.3984995295448
ISIC_0025097,watershed,0.8328518518518518,0.09082581046827055,0.16652669857395616,0.2427925925925926,0.09082581046827055,1.0,1.0,0.9091741895317295,171.75503228921696,55.463724761898625
ISIC_0025098,otsu,0.7600666666666667,0.39529965548998874,0.566616144330905,0.5403851851851852,0.39530158173259655,0.9999845636133494,0.9999876731916573,0.604703291134306,178.4567171036711,79.4427939634076
ISIC_0025098,adaptive,0.7600666666666667,0.031678507733239776,0.0614115880010769,0.2640111111111111,0.031678507733239776,1.0,1.0,0.9683214922667602,318.7715403471305,166.99194807314947
ISIC_0025098,kmeans,0.7600666666666667,0.07052012981317428,0.13174928308070463,0.2935333333333333,0.07052012981317428,1.0,1.0,0.9294798701868258,313.5778622400999,127.59462497509017
ISIC_0025098,watershed,0.7600666666666667,0.07857497880302898,0.1457014678575785,0.29965555555555556,0.07857497880302898,1.0,1.0,0.921425021196971,258.0175366488996,134.35227600968847
ISIC_0025099,otsu,0.1403148148148148,0.7035766134353966,0.8259993802293152,0.9584074074074074,0.7035766134353966,1.0,1.0,0.29642338656460343,37.57192551470539,15.625841180104164
ISIC_0025099,adaptive,0.1403148148148148,0.6657799784034344,0.799361244624336,0.953,0.667256169988122,0.9996381104194042,0.9966880889484683,0.33496106638511286,49.678969393496885,17.040600946716584
ISIC_0025099,kmeans,0.1403148148148148,0.6639567110993797,0.7980456542775107,0.9528481481481481,0.6639567110993797,1.0,1.0,0.3360432889006203,42.941821107167776,17.961097418188697
ISIC_0025099,watershed,0.1403148148148148,0.6345255378117989,0.7764033331180157,0.9487185185185185,0.6345255378117989,1.0,1.0,0.3654744621882011,39.44616584663204,19.77594232425848
ISIC_0025100,otsu,0.17233703703703704,0.8800334032629284,0.936189114231236,0.9781851851851852,0.9285637531967935,0.9885174229982682,0.9439407510978087,0.12658227848101267,53.54493143240959,9.984525889669714
ISIC_0025100,adaptive,0.17233703703703704,0.8041923457353725,0.8914707432788613,0.9618740740740741,0.9085985686961381,0.9729671677055878,0.8749767172333864,0.22122885818056778,85.64687625081235,19.179741198388278
ISIC_0025100,kmeans,0.17233703703703704,0.7850250370720595,0.879567536329597,0.9629518518518518,0.7850250370720595,1.0,1.0,0.21497496292794052,17.46424919657298,11.815328526933843
ISIC_0025100,watershed,0.17233703703703704,0.8929570845705253,0.9434520115104666,0.9814407407407407,0.8983688293825621,0.9987380800021479,0.9932991160536071,0.10769164642926221,11.635888835820703,5.375231865080778
ISIC_0025101,otsu,0.4645962962962963,0.8421761658031088,0.914327501828205,0.9266703703703704,0.8422365893129041,0.9999377416833265,0.9999148211243611,0.15783515756411381,29.053389472376224,12.42421594284767
ISIC_0025101,adaptive,0.4645962962962963,0.07161807940213365,0.13366343994884836,0.5684296296296296,0.07165918639041462,0.9995019334666122,0.9920538571901556,0.9289147886257284,239.0,80.95652330432969
ISIC_0025101,kmeans,0.4645962962962963,0.14637160099170127,0.25536501578559406,0.6034074074074074,0.14637160099170127,1.0,1.0,0.8536283990082987,263.2508309578528,97.72486786509795
ISIC_0025101,watershed,0.4645962962962963,0.5435304246617932,0.7042691429692907,0.7879259259259259,0.5435304246617932,1.0,1.0,0.4564695753382068,101.68994403008845,37.388822644291196
ISIC_0025102,otsu,0.33293333333333336,0.175621857339919,0.2987726984547545,0.7255370370370371,0.175621857339919,1.0,1.0,0.824378142660081,182.80945384555207,70.57833275350902
ISIC_0025102,adaptive,0.33293333333333336,0.07949269742088418,0.14727787897186803,0.6879037037037037,0.08095269879410849,0.9908332778110911,0.8150761648745519,0.9374137854314066,204.95901839831686,80.07729254789275
ISIC_0025102,kmeans,0.33293333333333336,0.06161838650825435,0.11608387211702696,0.6875814814814815,0.06161838650825435,1.0,1.0,0.9383816134917456,236.57863385964185,112.81822645504681
ISIC_0025102,watershed,0.33293333333333336,0.0948471499132292,0.17326098884350424,0.6986444444444444,0.0948471499132292,1.0,1.0,0.9051528500867708,234.81694946310319,104.91729276654372
ISIC_0025103,otsu,0.5374518518518518,0.008181003923349608,0.01622923640003754,0.4176259259259259,0.008937923810573902,0.8924956761258087,0.08809345921347551,1.083583714647996,420.1791093310205,174.4273096974573
ISIC_0025103,adaptive,0.5374518518518518,0.05564667291471415,0.10542670069914549,0.49245555555555554,0.05564667291471415,1.0,1.0,0.9443533270852859,225.49944567559362,123.1244235996647
ISIC_0025103,kmeans,0.5374518518518518,0.0,0.0,0.43372962962962963,0.0,0.9376961757734931,0.0,1.0536206516345994,464.9779550807361,242.47974541839633
ISIC_0025103,watershed,0.5374518518518518,0.0030850826408307407,0.00615118835724008,0.43749629629629627,0.003238877556645901,0.9420761001857665,0.06100726895119418,1.0466122719003252,461.64553490569625,229.3464128248221
ISIC_0025104,otsu,0.18752962962962963,0.882270456026702,0.9374534389591312,0.9779222222222222,0.882270456026702,1.0,1.0,0.11772954397329805,13.0,6.82863012488627
ISIC_0025104,adaptive,0.18752962962962963,0.6491695795564508,0.7872684381324169,0.9342037037037038,0.6492208638634882,0.9999817657168124,0.9998783306971651,0.350858135998262,80.65884945311518,24.676845005528182
ISIC_0025104,kmeans,0.18752962962962963,0.864653486856398,0.9274146568798788,0.9746185185185186,0.864653486856398,1.0,1.0,0.135346513143602,14.317821063276353,8.01937889966423
ISIC_0025104,watershed,0.18752962962962963,0.829696048031916,0.9069222715153871,0.968062962962963,0.829696048031916,1.0,1.0,0.17030395196808407,21.93513012955713,10.310147599242619
ISIC_0025105,otsu,0.6286925925925926,0.3923014839732072,0.5635295063446998,0.6179444444444444,0.3923014839732072,1.0,1.0,0.6076985160267928,221.4587995612963,64.69179225672309
ISIC_0025105,adaptive,0.6286925925925926,0.1980489351955176,0.3306191080804169,0.49427777777777776,0.19865446812020243,0.9948230975631652,0.9848422897196262,0.8044030233229453,257.3161256164358,85.62726970893591
ISIC_0025105,kmeans,0.6286925925925926,0.1392601931109239,0.24447478100793232,0.45885925925925924,0.1392601931109239,1.0,1.0,0.8607398068890761,250.0023998656052,119.74390169745445
ISIC_0025105,watershed,0.6286925925925926,0.2412354857523255,0.38870220602194633,0.5229703703703704,0.2412354857523255,1.0,1.0,0.7587645142476744,252.28545990059231,97.62123266488969
ISIC_0025106,otsu,0.11481851851851851,0.6660107738460049,0.7995275712515489,0.9616518518518519,0.6660107738460049,1.0,1.0,0.333989226153995,30.149512836203883,12.955182722505608
ISIC_0025106,adaptive,0.11481851851851851,0.27618463920518693,0.4328286530344008,0.9168925925925926,0.27618463920518693,1.0,1.0,0.7238153607948131,105.51065698215751,29.499106561277536
ISIC_0025106,kmeans,0.11481851851851851,0.2296700106448179,0.3735473885784738,0.9115518518518518,0.2296700106448179,1.0,1.0,0.770329989355182,128.79829191413992,44.065681576885034
ISIC_0025106,watershed,0.11481851851851851,0.4579207122350892,0.6281832865013165,0.9377592592592593,0.4579207122350892,1.0,1.0,0.5420792877649108,52.33927096418739,21.688034217321068
ISIC_0025107,otsu,0.12051851851851852,0.5700983405039951,0.726194437376446,0.9481888888888889,0.5700983405039951,1.0,1.0,0.4299016594960049,49.92192681234156,21.994867092500638
ISIC_0025107,adaptive,0.12051851851851852,0.4294751712065842,0.6008851078456647,0.9311925925925926,0.42977873386601106,0.9999031415817401,0.9983580810965162,0.5709280885064536,63.83767750178984,25.536146995680337
ISIC_0025107,kmeans,0.12051851851851852,0.5027043638598648,0.6690662194772793,0.9400666666666667,0.5027043638598648,1.0,1.0,0.4972956361401352,51.45385709371509,26.403724471291707
ISIC_0025107,watershed,0.12051851851851852,0.39330055316533497,0.5645595306365521,0.9268814814814815,0.39330055316533497,1.0,1.0,0.606699446834665,58.98260631990282,33.16564950092937
ISIC_0025108,otsu,0.08366296296296297,0.76555998229305,0.8672149232775047,0.9803851851851851,0.765593873124087,0.999995958142524,0.9999421798207574,0.23445039621054495,15.811388300841896,8.587100951128173
ISIC_0025108,adaptive,0.08366296296296297,0.654021311402927,0.7908257371220829,0.9710185185185185,0.654831997875072,0.9998868279906714,0.998110661268556,0.3464075434946213,32.202484376209235,12.505838572695605
ISIC_0025108,kmeans,0.08366296296296297,0.4638098189384214,0.6337022923849271,0.9551407407407407,0.4638098189384214,1.0,1.0,0.5361901810615787,37.00974284826212,22.322432975847335
ISIC_0025108,watershed,0.08366296296296297,0.6080201832425972,0.7562345169281586,0.9672,0.608127849838417,0.9999838325700959,0.999708900371152,0.3920492275001107,29.154759474226502,14.436220669027772
ISIC_0025109,otsu,0.5342777777777777,0.7780012625168645,0.8751414061602615,0.8671444444444445,0.8714498630896677,0.8622052566702454,0.8788643577231225,0.24866382447748778,89.93970200117246,24.783578344567886
ISIC_0025109,adaptive,0.5342777777777777,0.190077992539844,0.3194378750491517,0.5576925925925926,0.19428789296731483,0.9745914350471192,0.8976683108064826,0.8278603861217982,158.015030829625,76.77068266385037
ISIC_0025109,kmeans,0.5342777777777777,0.030388368141204845,0.05898429966950173,0.4758925925925926,0.03074416831305674,0.986568054395801,0.7241998693664272,0.980964264670202,219.53220363985653,104.2601036284951
ISIC_0025109,watershed,0.5342777777777777,0.28034852878523425,0.4379253343637964,0.6121185185185185,0.28281861980520606,0.9898922422362718,0.9697877296821887,0.7259921666493362,164.82656312728128,75.13860219260297
ISIC_0025110,otsu,0.39424444444444445,0.8029423369595852,0.8907021822047145,0.9223111111111111,0.8029423369595852,1.0,1.0,0.19705766304041486,26.04992625352686,15.375437456484367
ISIC_0025110,adaptive,0.39424444444444445,0.47172557563009426,0.6410509995086998,0.7916407407407408,0.4719294290062567,0.9997187473250425,0.9990851415047434,0.5285027149916389,105.68774761412583,40.98912694751094
ISIC_0025110,kmeans,0.39424444444444445,0.4112038028671815,0.5827702590252768,0.7678703703703704,0.4112038028671815,1.0,1.0,0.5887961971328185,107.17085405136736,52.373897105362616
ISIC_0025110,watershed,0.39424444444444445,0.6405501380981906,0.7808967531352001,0.8582888888888889,0.6405501380981906,1.0,1.0,0.3594498619018094,57.77012798714974,29.64057805920118
ISIC_0025111,otsu,0.4998222222222222,0.4719351248211162,0.6412444636491303,0.7294,0.48384610824589486,0.9747793377169599,0.9504235684550668,0.5413924951093723,113.13442805219097,50.21234899646183
ISIC_0025111,adaptive,0.4998222222222222,0.0500795795240034,0.09538244624603455,0.5247407407407407,0.05012893473234928,0.9990151649783781,0.9807190489997101,0.950856600865493,355.390086362205,128.47788517120975
ISIC_0025111,kmeans,0.4998222222222222,0.2423528365641117,0.39015137959417384,0.6213111111111111,0.2423528365641117,1.0,1.0,0.7576471634358883,160.73642320960434,74.80587090133498
ISIC_0025111,watershed,0.4998222222222222,0.19691445847412414,0.32903681141116603,0.5986,0.19691445847412414,1.0,1.0,0.8030855415258759,172.2444480899407,83.07653800970596
ISIC_0025112,otsu,0.036085185185185185,0.0,0.0,0.8899148148148148,0.0,0.9232297306124331,0.0,3.050703068869958,248.2790498431674,166.17132150811312
ISIC_0025112,adaptive,0.036085185185185185,0.5213603929200259,0.6853870987391119,0.9808703703703704,0.5774402134866058,0.9959732110951867,0.8429727299970033,0.530124191727394,30.4138126514911,11.360232342553859
ISIC_0025112,kmeans,0.036085185185185185,0.6910486967064053,0.8173019476639981,0.988674074074074,0.7020424920455712,0.9994044348470934,0.9778413152251608,0.3138663655958124,18.082889180713625,7.5997038746512615
ISIC_0025112,watershed,0.036085185185185185,0.5548172757475083,0.7136752136752137,0.9836222222222222,0.5656368674946115,0.9992699523932114,0.9666725135941063,0.4538643128399877,28.653097563788805,12.39343633700938
ISIC_0025113,otsu,0.4646074074074074,0.467424350049723,0.6370677303179336,0.7223111111111111,0.5245687318644175,0.8939096267190569,0.8109933448360858,0.5976850227990179,129.17080826149814,40.40409840625482
ISIC_0025113,adaptive,0.4646074074074074,0.1596223834490131,0.27530062497458074,0.6040296296296296,0.16188099869264372,0.987721021611002,0.9196177882438185,0.8522687414304391,159.5888426975028,85.03595756140041
ISIC_0025113,kmeans,0.4646074074074074,0.3111712899357534,0.47464628355460803,0.6787481481481481,0.31235451675648096,0.9967002407371538,0.9879727685325265,0.6914479767864545,153.38790694007545,68.45285695415343
ISIC_0025113,watershed,0.4646074074074074,0.2809062211026434,0.43860544429369813,0.6659037037037037,0.2809062211026434,1.0,1.0,0.7190937788973566,148.63308984665338,76.10214689473564
ISIC_0025114,otsu,0.18007407407407408,0.8072603866721514,0.8933526044452538,0.9652925925925926,0.8072603866721514,1.0,1.0,0.1927396133278486,21.470910553583888,11.243713390615858
ISIC_0025114,adaptive,0.18007407407407408,0.7741213342287889,0.8726813880126183,0.9588925925925926,0.7823529411764706,0.997664649019785,0.9865905848787446,0.22828054298642533,36.24528293510928,12.884914856569187
ISIC_0025114,kmeans,0.18007407407407408,0.47361168243521184,0.6427903471185116,0.9052111111111111,0.47361168243521184,1.0,1.0,0.5263883175647881,61.546702919899545,35.234394378235066
ISIC_0025114,watershed,0.18007407407407408,0.7212052653229124,0.8380235406584214,0.9497962962962962,0.7212052653229124,1.0,1.0,0.2787947346770876,29.988326844640184,16.888863025357768
ISIC_0025115,otsu,0.015744444444444443,0.0,0.0,0.6560777777777778,0.0,0.6665725929354391,0.0,21.844036697247706,326.46822201814007,195.31465305286224
ISIC_0025115,adaptive,0.015744444444444443,0.6191484356621971,0.76478279819846,0.9940037037037037,0.6191484356621971,1.0,1.0,0.3808515643378029,10.816653826391969,6.824217335429152
ISIC_0025115,kmeans,0.015744444444444443,0.46318513290990354,0.6331189710610933,0.9915481481481482,0.46318513290990354,1.0,1.0,0.5368148670900964,14.317821063276353,10.857374912464332
ISIC_0025115,watershed,0.015744444444444443,0.0,0.0,0.9330888888888889,0.0,0.9480148561236355,0.0,4.249823570924488,186.64270275347627,149.57705258094774
ISIC_0025116,otsu,0.19911851851851853,0.32689083046509576,0.49271699368141003,0.6892703703703704,0.7578587106134445,0.672217649071856,0.3650143787570662,1.5605260220973922,220.83930809527547,90.64965213281884
ISIC_0025116,adaptive,0.19911851851851853,0.2256817107829108,0.3682550025793489,0.5691148148148149,0.6307057029128381,0.5538018294656814,0.2600446342978534,2.163963394218965,254.84661718712204,107.77372795694399
ISIC_0025116,kmeans,0.19911851851851853,0.13722378384194317,0.2413311887979564,0.7624074074074074,0.1897808861277482,0.9047762187959563,0.3313307787231279,1.1932219783490197,156.5608483199592,60.800886293682986
ISIC_0025116,watershed,0.19911851851851853,0.23114839477698002,0.3755004608016438,0.8469074074074074,0.23114839477698002,1.0,1.0,0.76885160522302,101.71921920937332,60.942481387663136
ISIC_0025117,otsu,0.023996296296296297,0.7527396203117765,0.8589292004226841,0.9940666666666667,0.7527396203117765,1.0,1.0,0.24726037968822348,8.94427190999916,5.483485473652353
ISIC_0025117,adaptive,0.023996296296296297,0.8795162278015921,0.9358963916266189,0.9970851851851852,0.8867109121778052,0.9997988775088134,0.9908589168678855,0.12146936255594999,6.708203932499369,2.469872509422621
ISIC_0025117,kmeans,0.023996296296296297,0.0,0.0,0.9588222222222222,0.0,0.9823960898751902,0.0,1.7160055564130268,357.08990464378854,299.53789085996294
ISIC_0025117,watershed,0.023996296296296297,0.7050470751659207,0.8270118584231013,0.9929222222222223,0.7050470751659207,1.0,1.0,0.2949529248340793,11.180339887498949,6.570064675541745
ISIC_0025118,otsu,0.1645148148148148,0.7219883383236904,0.8385519486462105,0.954262962962963,0.7219883383236904,1.0,1.0,0.2780116616763097,28.24445913210513,14.599481191009138
ISIC_0025118,adaptive,0.1645148148148148,0.5964221422142214,0.7471985340756925,0.9335740740740741,0.5967041131047525,0.9999069070533423,0.9992083239086179,0.4037686575564511,62.96824596572466,21.789013534521782
ISIC_0025118,kmeans,0.1645148148148148,0.5588149215425832,0.716974047168585,0.9274185185185185,0.5588149215425832,1.0,1.0,0.4411850784574169,48.507731342539614,22.959083590662363
ISIC_0025118,watershed,0.1645148148148148,0.577005335554605,0.731773472854716,0.9304111111111111,0.577005335554605,1.0,1.0,0.42299466444539496,53.19397146957551,24.300450072246726
ISIC_0025119,otsu,0.3838037037037037,0.5578383993098652,0.7161697895712316,0.813962962962963,0.6115298136586025,0.940050368749737,0.8640125434589951,0.48471923340442163,108.79797442949513,36.89562982599097
ISIC_0025119,adaptive,0.3838037037037037,0.0486070232661372,0.09270779651034382,0.6348518518518519,0.0486070232661372,1.0,1.0,0.9513929767338628,220.44269474636005,123.46201713131917
ISIC_0025119,kmeans,0.3838037037037037,0.2528555219364599,0.40364673740773727,0.7073407407407407,0.25806015806691307,0.9871794101206326,0.9261298701298701,0.7625232806121957,179.04125173460335,65.19918031605313
ISIC_0025119,watershed,0.3838037037037037,0.27657033226434435,0.43330214603024925,0.7151,0.28378704391712584,0.9837473628533476,0.9157947184853015,0.7423065417314021,187.5446613476374,66.82765604852266
ISIC_0025120,otsu,0.5111629629629629,0.8197596505588596,0.9009537609069486,0.9078444444444445,0.8199675395249757,0.9997348203597352,0.9996908181834243,0.1802860579361514,46.010868281309364,17.0560456248802
ISIC_0025120,adaptive,0.5111629629629629,0.43499117298063844,0.6062632038037039,0.7107740740740741,0.4356152274406944,0.9984998408922159,0.996717452212404,0.5658194096251105,137.36720833099474,50.5617775483188
ISIC_0025120,kmeans,0.5111629629629629,0.385265262944339,0.5562331969914115,0.6857703703703704,0.385265262944339,1.0,1.0,0.6147347370556611,153.58792083305806,69.24116281493099
ISIC_0025120,watershed,0.5111629629629629,0.6943281116408481,0.8195910896720421,0.8437518518518519,0.6943281116408481,1.0,1.0,0.305671888359152,71.39150698003456,30.580510238872833
ISIC_0025121,otsu,0.8177740740740741,0.28289530296785764,0.4410263289816495,0.41357037037037037,0.28289530296785764,1.0,1.0,0.7171046970321423,281.06760101748773,105.39206439752708
ISIC_0025121,adaptive,0.8177740740740741,0.1347780386894778,0.23754079492960412,0.28354814814814816,0.1364725383720035,0.9435783825532001,0.9156461758181652,0.8760999823368765,104.01922899156675,44.32401025966018
ISIC_0025121,kmeans,0.8177740740740741,0.07504110072962288,0.1396060126049004,0.24359259259259258,0.07504110072962288,1.0,1.0,0.9249588992703771,106.02004494006869,53.558274992503605
ISIC_0025121,watershed,0.8177740740740741,0.0651995706502294,0.12241756840068879,0.23554444444444445,0.0651995706502294,1.0,1.0,0.9348004293497706,117.55423656604675,62.855352790927355
ISIC_0025122,otsu,0.2141037037037037,0.7278923332410739,0.8425204733396071,0.9417407407407408,0.7278923332410739,1.0,1.0,0.2721076667589261,54.509161827118085,17.2816873927528
ISIC_0025122,adaptive,0.2141037037037037,0.552061000069161,0.7113908538962848,0.9040481481481482,0.5523283974536396,0.9998680440355904,0.999123822636668,0.44815596457237755,91.99428172546739,31.32216866627175
ISIC_0025122,kmeans,0.2141037037037037,0.5417070301688348,0.7027366673024921,0.9018777777777778,0.5417070301688348,1.0,1.0,0.45829296983116524,75.59067401420356,30.921689742106594
ISIC_0025122,watershed,0.2141037037037037,0.5301515361195682,0.6929399129500876,0.8994037037037037,0.5301515361195682,1.0,1.0,0.4698484638804318,80.98641725862035,31.573242334761314
ISIC_0025123,otsu,0.3204851851851852,0.6076666165882747,0.7559609813604767,0.8742629629629629,0.6076666165882747,1.0,1.0,0.3923333834117253,76.51731542938047,32.838732782431194
ISIC_0025123,adaptive,0.3204851851851852,0.25291164079182776,0.4037182392718295,0.7602814814814814,0.25321561059042424,0.9994331467441366,0.9952759482171247,0.7479862708162393,150.18865951852965,56.71395389750746
ISIC_0025123,kmeans,0.3204851851851852,0.22217471195294172,0.3635727523733878,0.7507185185185186,0.22217471195294172,1.0,1.0,0.7778252880470583,197.219926763963,82.7938313171658
ISIC_0025123,watershed,0.3204851851851852,0.302955010343114,0.46502758412715306,0.7766074074074074,0.302955010343114,1.0,1.0,0.697044989656886,198.0563048518921,71.33232250357226
ISIC_0025124,otsu,0.19691481481481482,0.9091587390412237,0.952418172936004,0.9819629629629629,0.9167340643632328,0.9979569530468149,0.9909928227232987,0.09159817179829594,12.70821920618677,5.057736712242401
ISIC_0025124,adaptive,0.19691481481481482,0.10702179176755448,0.19335083114610674,0.8224296296296296,0.1080745575262851,0.9975880055157655,0.9165736162067315,0.9017623713957906,163.27205339420433,61.01547749601416
ISIC_0025124,kmeans,0.19691481481481482,0.8464267612772428,0.9168267911062311,0.9697,0.848082457163278,0.999520368209636,0.9976988095764925,0.15387364342543308,18.32477810274845,8.778945521545875
ISIC_0025124,watershed,0.19691481481481482,0.7170648271714001,0.8352216128643832,0.9442481481481482,0.7175503601858295,0.9998339736110279,0.9990572461111402,0.2831267515564166,51.22986921429732,18.358039276801126
ISIC_0025125,otsu,0.3949185185185185,0.6700061566015559,0.8023996246397211,0.8471407407407407,0.7858817571369622,0.8871226403545284,0.8196267532619965,0.387065311175301,118.21061687928275,38.03468190535712
ISIC_0025125,adaptive,0.3949185185185185,0.059477810706381064,0.11227759582189963,0.6285703703703703,0.059477810706381064,1.0,1.0,0.940522189293619,208.09613163151303,120.24834353580925
ISIC_0025125,kmeans,0.3949185185185185,0.3279251228570357,0.4938909840812464,0.7345851851851852,0.3279251228570357,1.0,1.0,0.6720748771429643,146.83051292267035,58.167841617066735
ISIC_0025125,watershed,0.3949185185185185,0.2491465656300409,0.3989068576662612,0.703474074074074,0.2491465656300409,1.0,1.0,0.7508534343699591,166.4620060123254,74.57290200894349
ISIC_0025126,otsu,0.19495555555555555,0.5762946920475702,0.7312017162209393,0.9173962962962963,0.5762946920475702,1.0,1.0,0.4237053079524298,56.61271941887264,26.85450194394991
ISIC_0025126,adaptive,0.19495555555555555,0.5288954747520802,0.6918661000521882,0.9081555555555556,0.5288954747520802,1.0,1.0,0.47110452524791974,63.83721946308025,29.38241493163305
ISIC_0025126,kmeans,0.19495555555555555,0.5026216801550211,0.6689929831215626,0.9030333333333334,0.5026216801550211,1.0,1.0,0.49737831984497893,60.65433651079726,33.16745517524793
ISIC_0025126,watershed,0.19495555555555555,0.43774459515939057,0.6089323467230444,0.8903851851851852,0.43774459515939057,1.0,1.0,0.5622554048406094,64.0,37.225828664322215
ISIC_0025127,otsu,0.11337037037037037,0.6065313221579153,0.7550818509323727,0.9514037037037038,0.660764456060111,0.9885667738836209,0.8808082567608762,0.42865076772296634,42.720018726587654,17.179049037578014
ISIC_0025127,adaptive,0.11337037037037037,0.37969913199271,0.5504085973357215,0.925625925925926,0.40156811499509965,0.9926354484314299,0.8745642120241907,0.6560274420124143,48.79549159502341,21.14411531802376
ISIC_0025127,kmeans,0.11337037037037037,0.3950669715779157,0.5663770695267312,0.9314185185185185,0.3950669715779157,1.0,1.0,0.6049330284220843,47.037749417678754,23.206119485077288
ISIC_0025127,watershed,0.11337037037037037,0.5170830212031398,0.6816805856716546,0.9450851851851851,0.5186540346292061,0.9996115125945111,0.9941762164193124,0.4843841881737994,42.53821445237836,21.089681870544204
ISIC_0025128,otsu,0.048514814814814816,0.501794030078632,0.6682594550630337,0.9758296296296296,0.501794030078632,1.0,1.0,0.49820596992136806,35.212863331893494,17.43769166594816
ISIC_0025128,adaptive,0.048514814814814816,0.5329228921090172,0.6953029338296518,0.9769592592592593,0.5418734254523246,0.9991436389893383,0.969937141295436,0.47492174975188944,33.35863762008311,12.889502615904183
ISIC_0025128,kmeans,0.048514814814814816,0.48217421177189096,0.6506309554468195,0.9748777777777777,0.48217421177189096,1.0,1.0,0.517825788228109,36.0951001530442,18.25427878125713
ISIC_0025128,watershed,0.048514814814814816,0.38522024582029163,0.5561862772113529,0.9701740740740741,0.38522024582029163,1.0,1.0,0.6147797541797084,38.59468036516506,22.640423547057633
ISIC_0025129,otsu,0.044585185185185186,0.5520019936866589,0.7113418615853985,0.980025925925926,0.5520019936866589,1.0,1.0,0.4479980063133411,22.090722034374522,14.151276988586666
ISIC_0025129,adaptive,0.044585185185185186,0.5798340248962656,0.7340442296580344,0.9812481481481482,0.5804120285761755,0.999953481520534,0.9982854693527646,0.4205848147532813,24.02914139223983,11.932071217115594
ISIC_0025129,kmeans,0.044585185185185186,0.46037547765409537,0.6304891922639363,0.9759407407407408,0.46037547765409537,1.0,1.0,0.5396245223459046,30.55480968412638,18.36798289555919
ISIC_0025129,watershed,0.044585185185185186,0.4365343080245888,0.6077603654657954,0.9748777777777777,0.4365343080245888,1.0,1.0,0.5634656919754112,26.401704168006052,18.836636028263424
ISIC_0025130,otsu,0.2744962962962963,0.32252120118087285,0.48773690870572844,0.7331185185185185,0.4628545214129584,0.8353736356860623,0.5154465680971271,0.9722589524246431,172.7830725342577,57.50349643323917
ISIC_0025130,adaptive,0.2744962962962963,0.2623332185814582,0.4156322826967258,0.7381037037037037,0.3393016164287449,0.8889915563133659,0.5362748443231254,0.9540977413174299,169.3574910283766,60.61766766607281
ISIC_0025130,kmeans,0.2744962962962963,0.22692029857934023,0.3699022647878479,0.7621777777777777,0.25431092641066466,0.9543305800312427,0.6781319709289775,0.8663950130879456,144.30904337192314,68.93050353204553
ISIC_0025130,watershed,0.2744962962962963,0.21182920536635708,0.3496024100233125,0.7737074074074074,0.2215640769625172,0.9826123357463015,0.8282140515458718,0.8243921526297325,152.60078256763927,59.41549646296858
ISIC_0025131,otsu,0.5719444444444445,0.8637655819977336,0.926903673231137,0.9220814814814815,0.8637655819977336,1.0,1.0,0.13623441800226646,61.72583992961841,16.491049085580634
ISIC_0025131,adaptive,0.5719444444444445,0.7854904905552894,0.8798596180828732,0.8772703703703704,0.785760077707625,0.9995414233181916,0.9995634051106315,0.2145831309697264,84.5269186318804,23.890463024922283
ISIC_0025131,kmeans,0.5719444444444445,0.13358588311478065,0.2356872736412764,0.5044592592592593,0.13358588311478065,1.0,1.0,0.8664141168852194,246.5461409252896,93.24342937786379
ISIC_0025131,watershed,0.5719444444444445,0.5022662522662522,0.6686780742209387,0.7152962962962963,0.502315039663267,0.999870214146658,0.9998066636592124,0.4977820948680589,123.4086703907868,42.38187146822547
ISIC_0025132,otsu,0.250437037037037,0.5428891932053261,0.7037306315918683,0.8837888888888888,0.551110651010086,0.9949402614857052,0.9732560265350362,0.46403324558549497,73.7563556583431,27.713364478008167
ISIC_0025132,adaptive,0.250437037037037,0.1277468287448738,0.22655231739742454,0.7802148148148148,0.12853086456269042,0.9979494223794606,0.9544256534153306,0.8776065544677453,152.06413102121456,64.07350043580006
ISIC_0025132,kmeans,0.250437037037037,0.3293501730308498,0.4955055179779281,0.8320444444444445,0.3293501730308498,1.0,1.0,0.6706498269691502,88.3676952338617,48.40577941681345
ISIC_0025132,watershed,0.250437037037037,0.3239078351918128,0.4893208221626452,0.8306814814814815,0.3239078351918128,1.0,1.0,0.6760921648081871,88.50649148286192,48.9983135157558
ISIC_0025133,otsu,0.5711851851851852,0.401556218389314,0.5730147861650351,0.6581777777777778,0.401556218389314,1.0,1.0,0.598443781610686,143.41059194850828,62.45826845839647
ISIC_0025133,adaptive,0.5711851851851852,0.19325814057222965,0.32391673519956427,0.5311037037037037,0.19665413046297497,0.9765935394714113,0.9179732429323809,0.8209181688496953,169.16249378030352,66.81068270821017
ISIC_0025133,kmeans,0.5711851851851852,0.09749708209052003,0.17767169258401475,0.4845037037037037,0.09749708209052003,1.0,1.0,0.90250291790948,207.9463869680974,126.81328789737549
ISIC_0025133,watershed,0.5711851851851852,0.10437686421994553,0.18902399643018605,0.48843333333333333,0.10437686421994553,1.0,1.0,0.8956231357800545,219.66189926443528,131.71051206673738
ISIC_0025134,otsu,0.018692592592592594,0.0,0.0,0.8911925925925926,0.0,0.908168618585183,0.0,5.820883693283139,225.42347486666097,134.20659345075597
ISIC_0025134,adaptive,0.018692592592592594,0.0,0.0,0.9577814814814815,0.0,0.9760259366755614,0.0,2.258569447196354,195.9004594075509,113.97400746799572
ISIC_0025134,kmeans,0.018692592592592594,0.6819893005745987,0.8109317940864649,0.9940555555555556,0.6819893005745987,1.0,1.0,0.3180106994254012,11.40175425099138,6.028423802489956
ISIC_0025134,watershed,0.018692592592592594,0.0,0.0,0.9504962962962963,0.0,0.968601978464105,0.0,2.6483059243114724,250.67784154428125,199.38630677487893
ISIC_0025135,otsu,0.602574074074074,0.5058388927369278,0.6718366688185926,0.6987703703703704,0.5117182457973509,0.9823773356320767,0.9777908274120618,0.4999047297089646,130.88200326438982,50.58483181160597
ISIC_0025135,adaptive,0.602574074074074,0.041175205138449245,0.0790937105210338,0.422237037037037,0.041175205138449245,1.0,1.0,0.9588247948615507,202.23896751169653,153.9225004705194
ISIC_0025135,kmeans,0.602574074074074,0.3229539936691355,0.4882316319608991,0.5920296296296297,0.3229539936691355,1.0,1.0,0.6770460063308645,176.69068496358204,78.73157637976483
ISIC_0025135,watershed,0.602574074074074,0.29421273248023994,0.4546589986275413,0.5746925925925926,0.2942253910691785,0.9999347653883789,0.9998537889547999,0.7058176342235472,182.02692103281063,80.76099451267297
ISIC_0025136,otsu,0.8069296296296297,0.6682459672795821,0.8011360199710771,0.7321037037037037,0.6687305791041488,0.9969690575303574,0.9989167323711906,0.3319946206700295,169.23947530053383,47.30061331233948
ISIC_0025136,adaptive,0.8069296296296297,0.42713872156132293,0.5985945375990125,0.5375333333333333,0.4273308517425449,0.998120048341614,0.9989485091361681,0.5731189557123252,174.01206818260567,60.631009188420734
ISIC_0025136,kmeans,0.8069296296296297,0.1259637979145249,0.22374395721750756,0.29465925925925923,0.12597362659555425,0.9996738859368106,0.999380985325711,0.8741044012282497,371.5023492155921,126.14461828236394
ISIC_0025136,watershed,0.8069296296296297,0.1202612399258321,0.2147021348945253,0.29007037037037037,0.12026841571388575,0.9997506186575611,0.9995041196216051,0.8797912526219643,367.87008575886045,134.9667956014825
ISIC_0025137,otsu,0.2708333333333333,0.8,0.8888888888888888,0.9458333333333333,0.8,1.0,1.0,0.2,23.0,13.74928549971678
ISIC_0025137,adaptive,0.2708333333333333,0.4596645421915303,0.6298221665388859,0.853362962962963,0.4605948717948718,0.999248253968254,0.9956250554258181,0.5414290598290599,97.12362599970383,40.06649006687742
ISIC_0025137,kmeans,0.2708333333333333,0.6346529914529915,0.7764987367610889,0.9010518518518519,0.6346529914529915,1.0,1.0,0.3653470085470085,45.04275687929517,27.358979329675925
ISIC_0025137,watershed,0.2708333333333333,0.6688820512820512,0.801592959512279,0.9103222222222223,0.6688820512820512,1.0,1.0,0.3311179487179487,39.05124837953327,23.8928588382781
ISIC_0025138,otsu,0.12719259259259258,0.7333585696814396,0.8461706452534145,0.9660851851851852,0.7333585696814396,1.0,1.0,0.26664143031856036,25.04395370592744,12.99710040808518
ISIC_0025138,adaptive,0.12719259259259258,0.5671819262782402,0.723823975720789,0.944725925925926,0.5694776075941995,0.9994101621841822,0.9929427294882209,0.4345699143905422,62.625873247404705,20.159605718282904
ISIC_0025138,kmeans,0.12719259259259258,0.66527866752082,0.7989998076553183,0.9574259259259259,0.66527866752082,1.0,1.0,0.33472133247918,27.85677655436824,16.762076347716416
ISIC_0025138,watershed,0.12719259259259258,0.5382039485178499,0.6997823000473261,0.941262962962963,0.5382039485178499,1.0,1.0,0.46179605148215014,68.59992709526999,24.508307565436812
ISIC_0025139,otsu,0.24935925925925925,0.7016798609770226,0.8246907976852377,0.9256111111111112,0.7016798609770226,1.0,1.0,0.2983201390229774,39.0,19.937639951514868
ISIC_0025139,adaptive,0.24935925925925925,0.489465009577264,0.6572359960522774,0.8726555555555555,0.489610408899847,0.999901318873259,0.9993936454038321,0.5106866487441888,91.7098358790419,33.232828407851045
ISIC_0025139,kmeans,0.24935925925925925,0.6007842321802546,0.7506123812351544,0.9004518518518518,0.6007842321802546,1.0,1.0,0.39921576781974544,58.16140939388301,27.83102142583819
ISIC_0025139,watershed,0.24935925925925925,0.5484129695367386,0.7083549160671463,0.8873925925925926,0.5484129695367386,1.0,1.0,0.4515870304632614,61.67616934781215,32.43249337825053
ISIC_0025140,otsu,0.1966037037037037,0.6505405659490457,0.7882757677936754,0.931162962962963,0.65179059209163,0.9995297740610464,0.997060603440823,0.3501309270387883,44.94441010848846,18.904913229549724
ISIC_0025140,adaptive,0.1966037037037037,0.5933839763499608,0.7448097698449977,0.9195111111111111,0.5974417421773449,0.9983265488643122,0.9886834803753468,0.4093966053162029,65.55338862114407,20.179908830733016
ISIC_0025140,kmeans,0.1966037037037037,0.5522236244796473,0.7115258597674926,0.9119555555555555,0.5522860426125125,0.9999723396506498,0.9997953824642772,0.44782698792457093,49.605891638772206,24.276103828032557
ISIC_0025140,watershed,0.1966037037037037,0.5543394307028615,0.7132797634197482,0.9123814814814815,0.5543394307028615,1.0,1.0,0.44566056929713843,48.48915982355983,24.704213153378035
ISIC_0025141,otsu,0.05067407407407407,0.8006139453296302,0.8892677382691996,0.9898962962962963,0.8006139453296302,1.0,1.0,0.19938605467036982,13.442459192451215,6.13691306921643
ISIC_0025141,adaptive,0.05067407407407407,0.778921246624334,0.8757231362573339,0.9887814814814815,0.7800029235491888,0.9999258733292239,0.9982228042278553,0.22138576231545096,16.786749152816167,6.549483573448594
ISIC_0025141,kmeans,0.05067407407407407,0.7890659260342056,0.882098210638124,0.9893111111111111,0.7890659260342056,1.0,1.0,0.21093407396579447,13.834249293306918,6.518915429627443
ISIC_0025141,watershed,0.05067407407407407,0.704648443210057,0.8267375552030185,0.9850333333333333,0.704648443210057,1.0,1.0,0.295351556789943,20.107209408818676,9.579864213297341
ISIC_0025142,otsu,0.3973703703703704,0.7717845030002609,0.8711945518129947,0.9092851851851852,0.7720290800633797,0.999791039272325,0.9995896940807337,0.2282878180631932,50.089892258425,20.95657595517645
ISIC_0025142,adaptive,0.3973703703703704,0.31822925402061086,0.4828132178830182,0.7290037037037037,0.31832416814241776,0.9998033310798353,0.9990639169226269,0.6819740889178861,108.73361887261,44.84582877720475
ISIC_0025142,kmeans,0.3973703703703704,0.43627551495945566,0.6075095069371439,0.7759925925925926,0.43627551495945566,1.0,1.0,0.5637244850405443,118.3971778433529,52.080014007068925
ISIC_0025142,watershed,0.3973703703703704,0.5757945754497157,0.7307990323362927,0.8314333333333334,0.5757945754497157,1.0,1.0,0.42420542455028426,95.40384543175136,40.78498217309797
ISIC_0025143,otsu,0.3534074074074074,0.761253287218476,0.8644449866954834,0.9135851851851852,0.779658352546636,0.9867854278840646,0.969922557430054,0.24451896876964996,40.0149953154274,18.51554096094281
ISIC_0025143,adaptive,0.3534074074074074,0.19367946282544873,0.32450832716348815,0.7060185185185185,0.1998113603018235,0.982695612326727,0.8632227101915154,0.8318486690421295,134.0,63.321564853336284
ISIC_0025143,kmeans,0.3534074074074074,0.3445489151914796,0.5125122802131923,0.7665962962962963,0.34717040452735276,0.9958414480467408,0.9785543378725667,0.6604380632990987,97.60019542480912,49.62100203602607
ISIC_0025143,watershed,0.3534074074074074,0.6954802730148161,0.8203932349836766,0.8916,0.7005239991616014,0.9960362011685188,0.9897536128879413,0.3067281492349612,45.00999876573684,24.13661245022082
ISIC_0025144,otsu,0.24274074074074073,0.2343713544597395,0.37974205025572605,0.7933851851851852,0.2605584375953616,0.9641837034138707,0.6998770491803279,0.851174855050351,146.7610294841747,48.13433775265278
ISIC_0025144,adaptive,0.24274074074074073,0.2762567072331803,0.432917148513299,0.7856888888888889,0.33700030515715595,0.929516775897486,0.6051564469285988,0.8828806835520293,104.7315599672195,35.75169679017676
ISIC_0025144,kmeans,0.24274074074074073,0.16216093964386413,0.27906795713433147,0.7941925925925926,0.16409826060421118,0.996170400078255,0.9321372854914196,0.8478486420506561,161.20235643249364,54.012592785306815
ISIC_0025144,watershed,0.24274074074074073,0.1730046089692004,0.294976861380334,0.790662962962963,0.1804089105889533,0.9862809351462388,0.808257570578987,0.8623893805309735,156.50717944815236,50.377014351121204
ISIC_0025145,otsu,0.8400444444444445,0.6684783806538921,0.8013030176536171,0.7214518518518519,0.6686110082358958,0.9989580439010837,0.9997033501654646,0.33158739396504594,119.55960412222299,54.66925792308883
ISIC_0025145,adaptive,0.8400444444444445,0.41970421634965066,0.5912558567006244,0.5124333333333333,0.41978378569035146,0.9990043530610355,0.9995485801270274,0.5804057986349929,169.26502847723955,83.15231850433604
ISIC_0025145,kmeans,0.8400444444444445,0.41257532809324593,0.5841463034047998,0.5064740740740741,0.41262807964305237,0.9993285171806984,0.9996902305112265,0.5874997795531101,167.19328340028008,84.84859662383408
ISIC_0025145,watershed,0.8400444444444445,0.5059577600761747,0.671941502596437,0.5849185185185185,0.5060358358464279,0.9991895897008428,0.9996951485062276,0.49411847697652683,157.46491469907596,73.2838469972296
ISIC_0025146,otsu,0.05542962962962963,0.8135106240812509,0.8971666482443535,0.989662962962963,0.8135106240812509,1.0,1.0,0.18648937591874917,10.295630140987,6.047372621511551
ISIC_0025146,adaptive,0.05542962962962963,0.8075895243185462,0.8935541099940864,0.9893333333333333,0.807697447547775,0.9999921579083573,0.9998345740281224,0.19243618869437393,14.723902403898919,6.02189333608053
ISIC_0025146,kmeans,0.05542962962962963,0.790658826673794,0.8830926527109221,0.9883962962962963,0.790658826673794,1.0,1.0,0.20934117332620605,11.661903789690601,6.8424010299095555
ISIC_0025146,watershed,0.05542962962962963,0.7361352398770546,0.8480160104683832,0.9853740740740741,0.7361352398770546,1.0,1.0,0.26386476012294535,15.529000869736622,8.710036216319764
ISIC_0025147,otsu,0.09932222222222223,0.7116381399858299,0.831528724864382,0.9713592592592593,0.7116381399858299,1.0,1.0,0.28836186001417013,27.705573691178184,12.451808890033961
ISIC_0025147,adaptive,0.09932222222222223,0.12514449789312748,0.22245053524674377,0.9131074074074074,0.12514449789312748,1.0,1.0,0.8748555021068725,104.99945005756294,52.44126640036981
ISIC_0025147,kmeans,0.09932222222222223,0.6721855539396652,0.8039604843565328,0.9674407407407407,0.6721855539396652,1.0,1.0,0.3278144460603349,31.849110640673484,14.401521806883121
ISIC_0025147,watershed,0.09932222222222223,0.6067047022411157,0.7552161904982941,0.960937037037037,0.6067047022411157,1.0,1.0,0.3932952977588843,33.28813571983717,17.318775683758485
ISIC_0025148,otsu,0.17546296296296296,0.5670290237467018,0.723699453110267,0.9240296296296296,0.5670290237467018,1.0,1.0,0.43297097625329817,44.721359549995796,22.012684134605056
ISIC_0025148,adaptive,0.17546296296296296,0.4224712934819318,0.5939962309507204,0.898662962962963,0.4224802110817942,0.9999955081414935,0.9999500399680256,0.5775408970976253,62.08541579346074,26.317144959178133
ISIC_0025148,kmeans,0.17546296296296296,0.4921372031662269,0.6596406846795869,0.9108888888888889,0.4921372031662269,1.0,1.0,0.5078627968337731,49.308913160985306,26.408976462337815
ISIC_0025148,watershed,0.17546296296296296,0.4474089709762533,0.6182205305449826,0.9030407407407407,0.4474089709762533,1.0,1.0,0.5525910290237467,51.0,28.69578108295213
ISIC_0025149,otsu,0.25602592592592593,0.8062750295312455,0.892748907391457,0.9501925925925926,0.8096691596626499,0.9985513234730402,0.9948276781429409,0.19454048345798314,26.1725046566048,13.45012825355948
ISIC_0025149,adaptive,0.25602592592592593,0.3687962283326746,0.5388621340400739,0.8343814814814815,0.3779565148205477,0.9914523106639519,0.9383350093377388,0.6468818262039435,84.01428436482631,32.8493570513322
ISIC_0025149,kmeans,0.25602592592592593,0.5572656001388607,0.7156975664127809,0.886637037037037,0.5573220304656646,0.9999651521110353,0.9998183375288714,0.4427792324272715,96.0,32.604271108689595
ISIC_0025149,watershed,0.25602592592592593,0.59169354955372,0.7434767197738777,0.895462962962963,0.59169354955372,1.0,1.0,0.40830645044628006,96.0,31.081482834918816
ISIC_0025150,otsu,0.4644259259259259,0.6017624307189282,0.7513753839872942,0.8150481481481482,0.6017624307189282,1.0,1.0,0.3982375692810718,82.68509289881192,36.13726838102459
ISIC_0025150,adaptive,0.4644259259259259,0.10319390725308027,0.18708208334839338,0.5835,0.10319390725308027,1.0,1.0,0.8968060927469197,139.27526660768802,100.12003452810994
ISIC_0025150,kmeans,0.4644259259259259,0.2620917899437777,0.41532920510552257,0.6572962962962963,0.2620917899437777,1.0,1.0,0.7379082100562223,117.23757911887996,72.88165219652244
ISIC_0025150,watershed,0.4644259259259259,0.26432473384106225,0.4181279172448593,0.6583333333333333,0.26432473384106225,1.0,1.0,0.7356752661589377,116.0,71.98544962186425
ISIC_0025151,otsu,0.49314074074074077,0.764487637816565,0.8665264878393448,0.8838592592592592,0.764487637816565,1.0,1.0,0.23551236218343496,55.86591089385369,22.748692457240395
ISIC_0025151,adaptive,0.49314074074074077,0.15544356655751496,0.2690630179726348,0.5835148148148148,0.15544356655751496,1.0,1.0,0.8445564334424851,226.73773395709856,94.32981347955717
ISIC_0025151,kmeans,0.49314074074074077,0.474502057860426,0.6436098957351765,0.7408555555555556,0.474502057860426,1.0,1.0,0.525497942139574,128.08825059890697,55.80342717034215
ISIC_0025151,watershed,0.49314074074074077,0.5478490101240725,0.7078843046585764,0.7770259259259259,0.5478490101240725,1.0,1.0,0.45215098987592756,112.26085196213131,48.833357965574685
ISIC_0025152,otsu,0.09117777777777777,0.5145422048907303,0.6794689553439721,0.955737037037037,0.5145422048907303,1.0,1.0,0.4854577951092696,41.00182899632296,21.381473020415847
ISIC_0025152,adaptive,0.09117777777777777,0.44658380047119994,0.6174323261821858,0.9495407407407407,0.44658380047119994,1.0,1.0,0.5534161995288001,44.78447278127402,23.17150718922601
ISIC_0025152,kmeans,0.09117777777777777,0.44414655942806075,0.6150990099009901,0.9493185185185186,0.44414655942806075,1.0,1.0,0.5558534405719392,43.4729690439397,25.00567006245954
ISIC_0025152,watershed,0.09117777777777777,0.4506458688764319,0.6213037634408602,0.9499111111111112,0.4506458688764319,1.0,1.0,0.5493541311235681,41.593268686170845,24.30176966575641
ISIC_0025153,otsu,0.24404444444444445,0.8790008043342995,0.9356045003351829,0.9704703703703703,0.8790141443574334,0.9999951006329982,0.9999827351047116,0.12100103199174407,14.800259050713178,7.695057330115191
ISIC_0025153,adaptive,0.24404444444444445,0.7559857979546627,0.8610386243843429,0.9404370370370371,0.756146421416864,0.9999314088619751,0.9997190898511176,0.24406604747162022,70.65620835451014,17.924164108246277
ISIC_0025153,kmeans,0.24404444444444445,0.6844533479026286,0.8126711835087214,0.9229925925925926,0.6844533479026286,1.0,1.0,0.3155466520973715,34.03894121904449,21.762610097812058
ISIC_0025153,watershed,0.24404444444444445,0.722834334972379,0.839122276935545,0.9323592592592592,0.722834334972379,1.0,1.0,0.27716566502762097,40.252949800015784,18.83144121749555
ISIC_0025154,otsu,0.13653333333333334,0.7910920863699168,0.8833628291812256,0.9714407407407407,0.7921006944444444,0.9997984009333608,0.9983929975724006,0.2091742621527778,21.0772163427039,9.473950078426663
ISIC_0025154,adaptive,0.13653333333333334,0.6477415465005275,0.7862174111907303,0.9480666666666666,0.6994357638888888,0.9873807562967538,0.8975840701803245,0.38037109375,59.23004830042605,18.621084553950876
ISIC_0025154,kmeans,0.13653333333333334,0.6984592013888888,0.8224621478310867,0.9588296296296296,0.6984592013888888,1.0,1.0,0.3015407986111111,26.40075756488817,14.643067627392227
ISIC_0025154,watershed,0.13653333333333334,0.704043170539903,0.826320814767664,0.9595777777777778,0.7042914496527778,0.999944238556036,0.9994995380351094,0.2960611979166667,25.035942583585992,14.610589796272304
ISIC_0025155,otsu,0.04019259259259259,0.6196227663798809,0.7651445500051077,0.9829703703703704,0.6901953556948028,0.9952305246422893,0.8583543433417373,0.42370070033173607,32.89357848629211,11.267047845460555
ISIC_0025155,adaptive,0.04019259259259259,0.4792747906719258,0.6479861533423773,0.9721296296296297,0.6382233689642463,0.9861121829996758,0.6580522565320666,0.6934205676373019,111.03864793594805,29.047540647778135
ISIC_0025155,kmeans,0.04019259259259259,0.6082597498160413,0.7564197883900486,0.984225925925926,0.6093807593070402,0.999922824023338,0.9969847731041761,0.39246221894581645,31.77261113601852,10.993445702128568
ISIC_0025155,watershed,0.04019259259259259,0.5966642093623296,0.7473884688636232,0.9837888888888889,0.5966642093623296,1.0,1.0,0.4033357906376705,30.22493971049932,11.269359952472131
ISIC_0025156,otsu,0.037066666666666664,0.0,0.0,0.8087962962962963,0.0,0.8399296901443122,0.0,5.158373301358913,241.64808476405352,147.26256151819388
ISIC_0025156,adaptive,0.037066666666666664,0.0,0.0,0.9329962962962963,0.0,0.9689105818640573,0.0,1.8076538768984811,217.67295768050084,127.10481834054825
ISIC_0025156,kmeans,0.037066666666666664,0.4812150279776179,0.6497571505666486,0.9807703703703704,0.4812150279776179,1.0,1.0,0.518784972022382,33.11344051892604,12.261662221765295
ISIC_0025156,watershed,0.037066666666666664,0.6095123900879297,0.7573876334740501,0.9855259259259259,0.6095123900879297,1.0,1.0,0.3904876099120703,32.01562118716424,8.996512091685611
ISIC_0025157,otsu,0.07891851851851851,0.808553174844626,0.894143657030255,0.9836851851851852,0.8730993054251924,0.9931602142409084,0.916227530164984,0.2067298667167261,18.691928670563133,6.190172769672045
ISIC_0025157,adaptive,0.07891851851851851,0.5295133179875041,0.6923945176027949,0.9576074074074075,0.6045616669795382,0.9878564650250109,0.8100867815369136,0.5371691383517928,102.57679181406178,24.058124294528874
ISIC_0025157,kmeans,0.07891851851851851,0.7134010057738871,0.832730929151833,0.9772037037037037,0.7190257180401727,0.9993244656040403,0.989153592872361,0.2888586446405106,17.69180601295413,8.250399765423536
ISIC_0025157,watershed,0.07891851851851851,0.6596173684704117,0.794902946910406,0.9731148148148148,0.6601745823165008,0.9999276213147186,0.9987220447284345,0.34067017082785805,25.573401317759107,10.372832779038513
ISIC_0025158,otsu,0.04552592592592593,0.6500976244712008,0.7879505004190701,0.9840703703703704,0.6500976244712008,1.0,1.0,0.3499023755287992,17.46424919657298,10.934161625711313
ISIC_0025158,adaptive,0.04552592592592593,0.6932520325203252,0.8188409276420031,0.986025925925926,0.6937032216075496,0.9999689571142534,0.9990626830697129,0.3069476082004556,19.36215670576471,8.946691457257065
ISIC_0025158,kmeans,0.04552592592592593,0.5924178327367393,0.7440482272402166,0.9814444444444445,0.5924178327367393,1.0,1.0,0.40758216726326063,21.0,12.698341372010121
ISIC_0025158,watershed,0.04552592592592593,0.4490725675235926,0.6198068717718392,0.9749185185185185,0.4490725675235926,1.0,1.0,0.5509274324764074,27.730849247724095,19.19611347338204
ISIC_0025159,otsu,0.3204222222222222,0.24666527960792473,0.39572014018951546,0.7586148148148149,0.24666527960792473,1.0,1.0,0.7533347203920753,259.12660687166374,74.36809898131185
ISIC_0025159,adaptive,0.3204222222222222,0.13890318522330874,0.24392448282787707,0.7211481481481481,0.14038190350694685,0.9949805434747065,0.9295117097811113,0.8702637723374251,290.9229947346585,85.23211588140373
ISIC_0025159,kmeans,0.3204222222222222,0.1458376678919019,0.2545520573786202,0.7263074074074074,0.1458376678919019,1.0,1.0,0.8541623321080981,297.3276811646434,105.3081872741122
ISIC_0025159,watershed,0.3204222222222222,0.1647594608965023,0.28290727214988887,0.7323703703703703,0.1647594608965023,1.0,1.0,0.8352405391034977,287.8225965181507,99.8552485426957
ISIC_0025160,otsu,0.5019481481481481,0.6009179050514293,0.7507167021560982,0.7996814814814814,0.6009179050514293,1.0,1.0,0.3990820949485708,168.03154101558994,43.494542749191446
ISIC_0025160,adaptive,0.5019481481481481,0.2460010462486093,0.39486491121216244,0.6209814814814815,0.24635863229195873,0.9985350327944436,0.9941342861396457,0.7550949633280699,170.57549648176317,82.72297128170041
ISIC_0025160,kmeans,0.5019481481481481,0.47405663857857533,0.6432000320363612,0.7360037037037037,0.47405663857857533,1.0,1.0,0.5259433614214247,184.10051602317685,58.166552381254
ISIC_0025160,watershed,0.5019481481481481,0.4619039889024984,0.6319211007136872,0.7299037037037037,0.4619039889024984,1.0,1.0,0.5380960110975016,204.16304704581282,60.4069320694263
ISIC_0025161,otsu,0.21555555555555556,0.7953780068728522,0.8860284617813975,0.9558925925925926,0.7953780068728522,1.0,1.0,0.20462199312714777,23.259406699226016,13.129066030568916
ISIC_0025161,adaptive,0.21555555555555556,0.7069243986254296,0.8283019437705726,0.936825925925926,0.7069243986254296,1.0,1.0,0.29307560137457045,38.0,17.468548819777883
ISIC_0025161,kmeans,0.21555555555555556,0.6093470790378007,0.7572599931670653,0.9157925925925926,0.6093470790378007,1.0,1.0,0.39065292096219933,36.61966684720111,26.60711379438103
ISIC_0025161,watershed,0.21555555555555556,0.6215807560137457,0.7666355853183012,0.9184296296296296,0.6215807560137457,1.0,1.0,0.3784192439862543,38.920423257389785,25.15442514510317
ISIC_0025162,otsu,0.4640740740740741,0.7473147556250049,0.8553865332152988,0.8814148148148148,0.7557302474062251,0.9902487906012439,0.9853179888454174,0.25553072625698325,68.8839603971781,21.96664492770811
ISIC_0025162,adaptive,0.4640740740740741,0.1451080634056394,0.2534399469235713,0.5999074074074074,0.1463367916999202,0.992667588113338,0.9453008197143888,0.8621308858739026,230.31500168247834,72.44032879403882
ISIC_0025162,kmeans,0.4640740740740741,0.5355227454110135,0.6975119671935177,0.7844481481481481,0.5355227454110135,1.0,1.0,0.4644772545889864,84.15639184162637,43.112993357844246
ISIC_0025162,watershed,0.4640740740740741,0.5041181165203512,0.6703171924909532,0.769874074074074,0.5041181165203512,1.0,1.0,0.49588188347964884,84.0,46.105614482856794
ISIC_0025163,otsu,0.23437407407407407,0.6726507348686495,0.804293114929904,0.9161888888888889,0.7348019152668257,0.9717152269505948,0.8883009207962403,0.3575954867969849,141.47543841604838,33.19164799887266
ISIC_0025163,adaptive,0.23437407407407407,0.29934311140888764,0.46076068558105127,0.8218333333333333,0.3247736287353234,0.97399368224498,0.7926565874730022,0.76018078096111,148.2341801309168,56.5786891011569
ISIC_0025163,kmeans,0.23437407407407407,0.5511066573719066,0.7105980169096374,0.8855222222222222,0.599658665318184,0.9730310227893905,0.8719038647120996,0.4884404481597952,145.50770106894873,41.21690317808864
ISIC_0025163,watershed,0.23437407407407407,0.5107920112248858,0.6761910407651115,0.8786148148148148,0.5407626301733538,0.982038419303499,0.9021168903065933,0.5179121695295587,164.32449233198614,45.85650445463856
ISIC_0025164,otsu,0.3026814814814815,0.5999216876315403,0.7499388154674498,0.8789037037037037,0.5999216876315403,1.0,1.0,0.4000783123684597,66.42400888372588,28.00464635212274
ISIC_0025164,adaptive,0.3026814814814815,0.2659215289543288,0.42012324282688235,0.7769407407407407,0.2669595222945524,0.9983056788969386,0.985589085652331,0.7369438598208604,98.98181612021921,43.67528414831942
ISIC_0025164,kmeans,0.3026814814814815,0.38829474817679016,0.5593837312814547,0.8148481481481481,0.38829474817679016,1.0,1.0,0.6117052518232098,97.40636529508737,49.204319740810654
ISIC_0025164,watershed,0.3026814814814815,0.4232294062943566,0.5947451681683747,0.8254222222222222,0.4232294062943566,1.0,1.0,0.5767705937056434,86.65073614795287,42.713600071793344
ISIC_0025165,otsu,0.16203333333333333,0.6463233445335893,0.7851718153418952,0.9426925925925926,0.6463233445335893,1.0,1.0,0.35367665546641064,44.69002715843724,19.011273424469056
ISIC_0025165,adaptive,0.16203333333333333,0.3643054698393106,0.5340526412786704,0.8969962962962963,0.3643054698393106,1.0,1.0,0.6356945301606894,84.05979882819888,32.05034986911346
ISIC_0025165,kmeans,0.16203333333333333,0.46318773000525726,0.6331213972161904,0.9130185185185186,0.46318773000525726,1.0,1.0,0.5368122699947427,70.7248188403477,32.59993413556862
ISIC_0025165,watershed,0.16203333333333333,0.4997142791835242,0.6664126442212434,0.918937037037037,0.4997142791835242,1.0,1.0,0.5002857208164758,59.28044491488858,28.32152973313625
ISIC_0025166,otsu,0.46074814814814813,0.9301458175913571,0.9638088574593735,0.9678148148148148,0.9301458175913571,1.0,1.0,0.06985418240864295,10.198039027185569,5.880412067228952
ISIC_0025166,adaptive,0.46074814814814813,0.46374435389239843,0.6336411855788977,0.7528814814814815,0.46381890966383177,0.999862635475762,0.9996534996534997,0.5363418594556357,109.7207492579379,33.88649623150328
ISIC_0025166,kmeans,0.46074814814814813,0.32532435169852575,0.49093544728366684,0.6891444444444444,0.32532435169852575,1.0,1.0,0.6746756483014743,205.41501376362854,58.03014125353885
ISIC_0025166,watershed,0.46074814814814813,0.8946907278646357,0.9444187536326573,0.9514777777777778,0.8947123036607129,0.9999793953213643,0.9999730475172272,0.10531181170720728,16.977922061357855,8.802555641055068
ISIC_0025167,otsu,0.17837407407407407,0.7385643985797637,0.8496255867002663,0.9533666666666667,0.7385643985797637,1.0,1.0,0.2614356014202363,27.409748743218053,13.91133723298035
ISIC_0025167,adaptive,0.17837407407407407,0.4515332586414374,0.6221466245479624,0.9020925925925926,0.45188015199019954,0.9998332123747402,0.998302752293578,0.5488881044828804,66.80850134188898,26.13615627293838
ISIC_0025167,kmeans,0.17837407407407407,0.6540769502294388,0.7908664105847204,0.9382962962962963,0.6540769502294388,1.0,1.0,0.34592304977056126,40.117325141841484,19.040669139566532
ISIC_0025167,watershed,0.17837407407407407,0.49666742800191027,0.6636977844369528,0.9102185185185185,0.49666742800191027,1.0,1.0,0.5033325719980898,71.42548494801267,30.862658573507016
ISIC_0025168,otsu,0.2017,0.7432931195945573,0.852746002654364,0.9482222222222222,0.7432931195945573,1.0,1.0,0.25670688040544265,24.045786420066808,13.64402018203989
ISIC_0025168,adaptive,0.2017,0.6830239944190487,0.8116628125136349,0.9360518518518518,0.6831744982463872,0.9999443261374866,0.9996775667033883,0.3170458510071797,51.85556864985669,17.824321372849997
ISIC_0025168,kmeans,0.2017,0.6255164435630475,0.7696217974786499,0.9244666666666667,0.6255164435630475,1.0,1.0,0.3744835564369526,37.21558813185679,20.77408107450595
ISIC_0025168,watershed,0.2017,0.6077416037753172,0.7560190049796701,0.9208814814814815,0.6077416037753172,1.0,1.0,0.3922583962246828,40.289565940218964,21.380247553057195
ISIC_0025169,otsu,0.20629259259259258,0.5784663997558305,0.7329473720128755,0.9130407407407407,0.5784663997558305,1.0,1.0,0.4215336002441696,68.44515384123787,27.620825897254427
ISIC_0025169,adaptive,0.20629259259259258,0.3109930160326038,0.4744388600539571,0.8578629629629629,0.3109930160326038,1.0,1.0,0.6890069839673962,116.13612470581185,39.03849857556165
ISIC_0025169,kmeans,0.20629259259259258,0.27382897359019015,0.4299305154261392,0.8501962962962963,0.27382897359019015,1.0,1.0,0.7261710264098099,132.10231122472732,51.421653345347906
ISIC_0025169,watershed,0.20629259259259258,0.28553474927736583,0.4442271971844755,0.8526111111111111,0.28553474927736583,1.0,1.0,0.7144652507226341,131.62574008588305,48.89857323628907
ISIC_0025170,otsu,0.4044333333333333,0.40417777045156916,0.5756789189471213,0.7590296296296296,0.40417777045156916,1.0,1.0,0.5958222295484308,115.39670577019687,55.732635846616795
ISIC_0025170,adaptive,0.4044333333333333,0.4918321852102253,0.6593666366581541,0.7939962962962963,0.4929897341502056,0.9984017711112355,0.9952486596413385,0.5093638103610905,91.40568844613114,41.13437496037483
ISIC_0025170,kmeans,0.4044333333333333,0.28488877899576,0.4434450415520363,0.7107851851851852,0.28488877899576,1.0,1.0,0.7151112210042401,146.25987121209755,72.68814503056284
ISIC_0025170,watershed,0.4044333333333333,0.23249722977737483,0.37727829995913365,0.6895962962962963,0.23249722977737483,1.0,1.0,0.7675027702226251,154.22142986799332,88.11026836366322
ISIC_0025171,otsu,0.1574148148148148,0.6676182443391941,0.8006847449714041,0.9430777777777778,0.7263187614700485,0.9835734819646766,0.892016066113792,0.36160651263469956,48.09261786382712,18.385474827977056
ISIC_0025171,adaptive,0.1574148148148148,0.14738129970354336,0.2569002993889185,0.8657851851851852,0.14738129970354336,1.0,1.0,0.8526187002964566,142.70283765112532,56.16898893935535
ISIC_0025171,kmeans,0.1574148148148148,0.2571643687355889,0.4091181314568049,0.8830666666666667,0.2571643687355889,1.0,1.0,0.7428356312644111,143.31154700971265,49.961306533892696
ISIC_0025171,watershed,0.1574148148148148,0.2700814079337443,0.42529778996313516,0.8851,0.2700814079337443,1.0,1.0,0.7299185920662558,137.4743551385786,49.7127636986849
ISIC_0025172,otsu,0.03939259259259259,0.6729033471229786,0.8044736694205586,0.9871148148148148,0.6729033471229786,1.0,1.0,0.32709665287702144,14.317821063276353,9.282240105703837
ISIC_0025172,adaptive,0.03939259259259259,0.6474150794347406,0.7859768767648783,0.9851222222222222,0.6934937946596464,0.9970813220030537,0.9069224148530678,0.3776795787890184,47.18567177265058,13.010026315811666
ISIC_0025172,kmeans,0.03939259259259259,0.6296540052651373,0.7727456297236486,0.9854111111111111,0.6296540052651373,1.0,1.0,0.37034599473486274,15.811388300841896,10.620292567294099
ISIC_0025172,watershed,0.03939259259259259,0.592704024069199,0.7442739079102716,0.9839555555555556,0.592704024069199,1.0,1.0,0.4072959759308011,18.52818139231964,11.816011849810751
ISIC_0025173,otsu,0.2456111111111111,0.8245947372389354,0.9038661796062745,0.9569185185185185,0.8245947372389354,1.0,1.0,0.1754052627610646,20.22992549494666,11.140413549699465
ISIC_0025173,adaptive,0.2456111111111111,0.47131116640277465,0.6406682381879676,0.8701481481481481,0.47131116640277465,1.0,1.0,0.5286888335972254,83.41904061559195,29.801879302897714
ISIC_0025173,kmeans,0.2456111111111111,0.6081127949935912,0.7563061457962154,0.9037481481481482,0.6081127949935912,1.0,1.0,0.39188720500640883,60.07578541947204,27.113869245855234
ISIC_0025173,watershed,0.2456111111111111,0.7185252205383398,0.83621143519006,0.9308666666666666,0.7185252205383398,1.0,1.0,0.2814747794616603,37.21558813185679,18.50398174224449
ISIC_0025174,otsu,0.0950037037037037,0.7440473870854605,0.8532421682978057,0.975674074074074,0.7443374527308877,0.9999590749297111,0.9994765220122493,0.25605239561810456,27.9740314206454,10.021476228429124
ISIC_0025174,adaptive,0.0950037037037037,0.6270433750622105,0.7707764705882353,0.9639185185185185,0.6385326108143932,0.998076521696426,0.9721051694462579,0.3797902615882422,45.21669524199673,13.431858910485417
ISIC_0025174,kmeans,0.0950037037037037,0.5612646680441309,0.71898721534159,0.9583185185185186,0.5612646680441309,1.0,1.0,0.43873533195586917,36.0,19.053170456913517
ISIC_0025174,watershed,0.0950037037037037,0.596913724573299,0.747584187408492,0.9616888888888889,0.5971697009863163,0.9999549824226823,0.9992824058973188,0.40325913219757514,49.03060268852505,16.361968011002975
ISIC_0025175,otsu,0.1972925925925926,0.8578227468615327,0.92347103437147,0.9718962962962963,0.8594492106102987,0.999533984524595,0.9977987489920014,0.14244682648444687,21.0,8.165486547531644
ISIC_0025175,adaptive,0.1972925925925926,0.28831870357866307,0.44758909853249473,0.8594666666666667,0.2885730912913702,0.9997831413134254,0.9969518126986185,0.712309223000244,62.19043219026243,26.153715326221313
ISIC_0025175,kmeans,0.1972925925925926,0.7574762056730932,0.8620045076319978,0.9521518518518518,0.7574762056730932,1.0,1.0,0.24252379432690682,29.36384166095914,14.800091074342522
ISIC_0025175,watershed,0.1972925925925926,0.751206051846151,0.8579299404021781,0.9509111111111112,0.7512624603427885,0.9999815439415681,0.9999000574669565,0.24881263023522124,33.015148038438355,15.145576579775879
ISIC_0025176,otsu,0.08798518518518518,0.7923600057878744,0.8841527407766206,0.9787407407407407,0.9220407476006062,0.9842107828007992,0.8492555831265509,0.24162316888365046,59.990819285747605,13.006400721115757
ISIC_0025176,adaptive,0.08798518518518518,0.23295454545454544,0.3778801843317972,0.9325,0.23299376999494864,0.9999837559493835,0.9992778479870013,0.7671746085199529,106.28451478109162,37.871483294079354
ISIC_0025176,kmeans,0.08798518518518518,0.7855579868708972,0.8799019607843137,0.981125925925926,0.7858225290452938,0.9999675118987671,0.9995716427500535,0.21451422798450917,16.278820596099706,7.862534180787824
ISIC_0025176,watershed,0.08798518518518518,0.7371697795726064,0.8487020534676482,0.9768592592592592,0.7376662737834653,0.9999350237975342,0.9990877993158495,0.26300724027614075,22.360679774997898,9.62239876241516
ISIC_0025177,otsu,0.08317777777777778,0.4203401905779678,0.5918866386607311,0.9517851851851852,0.4203401905779678,1.0,1.0,0.5796598094220322,56.67449278630764,26.0598341375136
ISIC_0025177,adaptive,0.08317777777777778,0.3788850298334669,0.549552749701295,0.9483370370370371,0.3788850298334669,1.0,1.0,0.621114970166533,59.771153752728466,25.873922760072542
ISIC_0025177,kmeans,0.08317777777777778,0.37122628907293614,0.5414515343399903,0.9477,0.37122628907293614,1.0,1.0,0.6287737109270638,57.982756057296896,30.395139303409
ISIC_0025177,watershed,0.08317777777777778,0.3340012467717517,0.5007510264027504,0.9446037037037037,0.3340012467717517,1.0,1.0,0.6659987532282483,59.404966094044255,33.23004725802273
ISIC_0025178,otsu,0.24842592592592594,0.6530811181073319,0.790138016766009,0.9024592592592593,0.739142750652255,0.9564420352346926,0.848691305613092,0.39263510995154677,89.38194964800958,24.952802237165063
ISIC_0025178,adaptive,0.24842592592592594,0.14826724816097825,0.25824519230769233,0.7714296296296296,0.16016399552739471,0.9734778859184428,0.6662325581395349,0.920074543421543,187.696029116606,60.44544585297449
ISIC_0025178,kmeans,0.24842592592592594,0.1539172568020872,0.26677347252548483,0.7898111111111111,0.1539172568020872,1.0,1.0,0.8460827431979128,158.51875939250584,72.22735444799747
ISIC_0025178,watershed,0.24842592592592594,0.5049657820063429,0.6710661305975323,0.8681888888888889,0.5412299664554603,0.9762621658248122,0.8828550583657587,0.530585165859113,83.5224520712844,27.902750594273805
ISIC_0025179,otsu,0.21394444444444444,0.529469717920354,0.6923572421430912,0.8991740740740741,0.5303038171903401,0.9995712300044761,0.9970381460747298,0.47127153120401627,67.35719757551877,24.728633843048442
ISIC_0025179,adaptive,0.21394444444444444,0.2886016369897385,0.44792995555078086,0.8477370370370371,0.2887215441876569,0.9998869178033784,0.9985630463417555,0.7116939323119537,79.62411694957753,37.13860273149195
ISIC_0025179,kmeans,0.21394444444444444,0.07694971003202632,0.14290307024594118,0.8025185185185185,0.07694971003202632,1.0,1.0,0.9230502899679737,227.45371521921797,102.98322375747435
ISIC_0025179,watershed,0.21394444444444444,0.3117804899160391,0.47535466842626195,0.8527592592592592,0.3117804899160391,1.0,1.0,0.6882195100839609,86.12607034413067,45.20229914986421
ISIC_0025180,otsu,0.27674074074074073,0.8627141327623127,0.9262979408256815,0.9620074074074074,0.8627141327623127,1.0,1.0,0.13728586723768738,27.303844347703844,9.769470013564884
ISIC_0025180,adaptive,0.27674074074074073,0.7776261572215979,0.8749040444330719,0.9384370370370371,0.7779175588865096,0.9998566161409258,0.9995185197922757,0.22245717344753746,49.15943204419775,16.155777803479346
ISIC_0025180,kmeans,0.27674074074074073,0.4903104925053533,0.6579977729085097,0.8589481481481481,0.4903104925053533,1.0,1.0,0.5096895074946467,62.679720149506466,39.77324125811922
ISIC_0025180,watershed,0.27674074074074073,0.701609989159674,0.8246425369260535,0.9174222222222223,0.7016193790149893,0.9999948791478902,0.9999809254949834,0.2983940042826552,41.61309503492539,22.388564736587124
ISIC_0025181,otsu,0.12565555555555555,0.8033424705986383,0.8909483181327842,0.9752888888888889,0.8033424705986383,1.0,1.0,0.19665752940136175,38.49543834193269,10.539372419360355
ISIC_0025181,adaptive,0.12565555555555555,0.5621098080401423,0.719680274903821,0.9444074074074074,0.5679252512747959,0.9985131717731379,0.9821091798766501,0.4424204910543225,60.41522986797286,20.45849597779451
ISIC_0025181,kmeans,0.12565555555555555,0.49966103693223685,0.6663652980601034,0.9371296296296296,0.49966103693223685,1.0,1.0,0.5003389630677632,55.73893005067984,23.75088589669713
ISIC_0025181,watershed,0.12565555555555555,0.6929289356559672,0.8186155024723171,0.9614148148148148,0.6929289356559672,1.0,1.0,0.30707106434403275,47.99579616044932,14.966929215435494
ISIC_0025182,otsu,0.26864444444444446,0.5531888493671934,0.7123265784358107,0.8799666666666667,0.5531888493671934,1.0,1.0,0.4468111506328067,103.92424371871222,34.40306554090128
ISIC_0025182,adaptive,0.26864444444444446,0.19261311936471173,0.3230102306225074,0.7831,0.19261311936471173,1.0,1.0,0.8073868806352883,181.1250498560352,58.55127084340115
ISIC_0025182,kmeans,0.26864444444444446,0.17445611713127637,0.2970840963515988,0.7782222222222223,0.17445611713127637,1.0,1.0,0.8255438828687236,182.36830675628127,66.2936736664809
ISIC_0025182,watershed,0.26864444444444446,0.22218545785424768,0.36358714043993234,0.7910444444444444,0.22218545785424768,1.0,1.0,0.7778145421457523,180.69172638162075,60.41720459022765
ISIC_0025183,otsu,0.3004962962962963,0.8167845785983682,0.8991540199317517,0.9449444444444445,0.8167845785983682,1.0,1.0,0.18321542140163186,24.08318915758459,11.26356467656495
ISIC_0025183,adaptive,0.3004962962962963,0.3775715865798206,0.5481698232717476,0.8124185185185185,0.37866985480809523,0.9987504368176379,0.9923770147614587,0.6242389134025192,69.79254643643894,27.31067887039609
ISIC_0025183,kmeans,0.3004962962962963,0.29069194172603346,0.45044356802490476,0.7868555555555555,0.29069194172603346,1.0,1.0,0.7093080582739665,80.489746668183,41.50884406741001
ISIC_0025183,watershed,0.3004962962962963,0.6359479379791456,0.7774672081126489,0.8906037037037037,0.6359479379791456,1.0,1.0,0.3640520620208544,47.48577532737286,23.871712335740682
ISIC_0025184,otsu,0.19745555555555555,0.8022996267326918,0.8903066003371979,0.9609629629629629,0.8022996267326918,1.0,1.0,0.19770037326730816,57.79565176288765,12.854229141477578
ISIC_0025184,adaptive,0.19745555555555555,0.6550372329450603,0.7915679718932397,0.9318851851851851,0.6550372329450603,1.0,1.0,0.3449627670549397,67.90508041615153,20.45440288095337
ISIC_0025184,kmeans,0.19745555555555555,0.2910922289122728,0.45092398884239887,0.8600222222222222,0.2910922289122728,1.0,1.0,0.7089077710877272,159.7512007483705,47.71510313392436
ISIC_0025184,watershed,0.19745555555555555,0.6780522574231426,0.8081420044264604,0.9364296296296296,0.6780522574231426,1.0,1.0,0.32194774257685743,64.98460809505423,19.918815038167615
ISIC_0025185,otsu,0.1607888888888889,0.6661701688856299,0.79964241507358,0.9460444444444445,0.6696381268283694,0.9990025906164078,0.9922858995801618,0.3355676870983346,43.551096308644,18.512906943904113
ISIC_0025185,adaptive,0.1607888888888889,0.543888508110578,0.7045696697052208,0.9260592592592592,0.5483610899960841,0.9984244462391929,0.9852253445350329,0.45986225324211644,73.10540270423249,25.473901884352458
ISIC_0025185,kmeans,0.1607888888888889,0.42593232441895285,0.5974088911863531,0.9076962962962963,0.42593232441895285,1.0,1.0,0.5740676755810471,60.935993119154304,33.64557718309907
ISIC_0025185,watershed,0.1607888888888889,0.4542878861170617,0.6247564742219054,0.9122555555555556,0.4542878861170617,1.0,1.0,0.5457121138829383,68.0182913592204,33.8212502669632
ISIC_0025186,otsu,0.2553740740740741,0.6568577685602819,0.7928957826368586,0.9123703703703704,0.6568577685602819,1.0,1.0,0.34314223143971806,43.12480453422305,24.902126624104188
ISIC_0025186,adaptive,0.2553740740740741,0.1813606764223869,0.30703692791200154,0.7909407407407407,0.1813606764223869,1.0,1.0,0.818639323577613,185.5113810708288,69.78691335126716
ISIC_0025186,kmeans,0.2553740740740741,0.14833722498585952,0.2583513305295596,0.7825074074074074,0.14833722498585952,1.0,1.0,0.8516627750141404,200.41303118609463,83.11610085561334
ISIC_0025186,watershed,0.2553740740740741,0.5016460965033139,0.6681282596098126,0.8727333333333334,0.5016460965033139,1.0,1.0,0.49835390349668607,92.45131925570352,38.20195887733024
ISIC_0025187,otsu,0.341037037037037,0.7320373588184188,0.8452904957174925,0.9086148148148148,0.7320373588184188,1.0,1.0,0.26796264118158125,43.18564576337837,19.460288301036424
ISIC_0025187,adaptive,0.341037037037037,0.17795268761248076,0.30213893899790156,0.7191703703703703,0.17825803649000868,0.9991119604316546,0.9904658460053102,0.8234578627280625,234.92105025484895,73.24001262344386
ISIC_0025187,kmeans,0.341037037037037,0.6035403996524761,0.752759830414347,0.8647925925925926,0.6035403996524761,1.0,1.0,0.39645960034752387,65.42476137969014,30.82833439746968
ISIC_0025187,watershed,0.341037037037037,0.5270960034752389,0.6903246453081108,0.8387222222222223,0.5270960034752389,1.0,1.0,0.47290399652476106,68.87233685624193,36.676660111094044
ISIC_0025188,otsu,0.43068518518518517,0.6366514986273552,0.777992748195091,0.8210777777777778,0.727918476157716,0.8915525485476369,0.8354652769552686,0.41543621275314957,125.67020331009256,37.26003566085231
ISIC_0025188,adaptive,0.43068518518518517,0.5788383032513418,0.7332458327864549,0.7741777777777777,0.7206346476329707,0.8146830172722246,0.7463062742129403,0.5243324590445887,102.26331378362366,36.296192967191146
ISIC_0025188,kmeans,0.43068518518518517,0.33421335511888894,0.5009893715073896,0.7132555555555555,0.33421335511888894,1.0,1.0,0.6657866448811111,138.04654954362584,57.42717297994667
ISIC_0025188,watershed,0.43068518518518517,0.3478694586576085,0.516176780211437,0.719137037037037,0.3478694586576085,1.0,1.0,0.6521305413423916,138.7883247961146,57.34804475981196
ISIC_0025189,otsu,0.6194074074074074,0.8540152094891907,0.9212601979942601,0.909562962962963,0.8541377660846687,0.9997664460879719,0.9998320151186393,0.14600574025352786,47.18615385355251,16.146717283254556
ISIC_0025189,adaptive,0.6194074074074074,0.17332942695876782,0.29544887049842794,0.4879296296296296,0.17333771824922267,0.9999221486959906,0.9997241093906266,0.8267101171968428,224.96010678111762,54.94493050658457
ISIC_0025189,kmeans,0.6194074074074074,0.22693135613489596,0.3699169558267379,0.5211555555555556,0.22693135613489596,1.0,1.0,0.773068643865104,197.03653975156442,66.42061797377603
ISIC_0025189,watershed,0.6194074074074074,0.6318404687873714,0.7743899981312452,0.7719592592592592,0.6318404687873714,1.0,1.0,0.36815953121262857,144.0,42.95428172465308
ISIC_0025190,otsu,0.27453333333333335,0.7386636454371341,0.8496912526763273,0.9282370370370371,0.7388430198046516,0.9999081051277339,0.9996714369158879,0.26139981652366306,43.965895873961216,18.02319777145798
ISIC_0025190,adaptive,0.27453333333333335,0.4927688737790729,0.6602078626299142,0.8607481481481482,0.4927688737790729,1.0,1.0,0.5072311262209271,88.72876312813854,33.79036437558435
ISIC_0025190,kmeans,0.27453333333333335,0.4752172036047704,0.6442674372879496,0.8559296296296296,0.4752172036047704,1.0,1.0,0.5247827963952296,72.18032973047436,41.933778249143145
ISIC_0025190,watershed,0.27453333333333335,0.567462565762849,0.7240524630796241,0.8812444444444445,0.567508499271491,0.9999693683759113,0.9998573873359954,0.43257244617128054,63.00157091331961,32.22092036319494
ISIC_0025191,otsu,0.5379666666666667,0.7410276004984475,0.8512531338231456,0.8606814814814815,0.7410276004984475,1.0,1.0,0.2589723995015525,67.13417912391625,28.753377728669186
ISIC_0025191,adaptive,0.5379666666666667,0.10090088850042325,0.18330603518335606,0.5161481481481481,0.10093562178573641,0.9995991951839294,0.9966011827883896,0.8994086099235117,252.7438426104674,87.1024445365605
ISIC_0025191,kmeans,0.5379666666666667,0.10016454275702061,0.182090112640801,0.5159185185185186,0.10016454275702061,1.0,1.0,0.8998354572429794,200.94227840597546,94.1973952349794
ISIC_0025191,watershed,0.5379666666666667,0.4024963683554674,0.573971351993481,0.6785629629629629,0.4024963683554674,1.0,1.0,0.5975036316445326,135.50092148864601,62.00791201448491
ISIC_0025192,otsu,0.5484444444444444,0.5965289032955159,0.7472823098462866,0.7787185185185185,0.5965289032955159,1.0,1.0,0.40347109670448406,111.99999893215934,48.2773703977896
ISIC_0025192,adaptive,0.5484444444444444,0.13780388978930308,0.24222784088885724,0.5271333333333333,0.13780388978930308,1.0,1.0,0.862196110210697,159.15086983256663,86.4164532712172
ISIC_0025192,kmeans,0.5484444444444444,0.2565775256618044,0.40837516256973033,0.5922740740740741,0.2565775256618044,1.0,1.0,0.7434224743381955,159.88822089567043,87.07934924427035
ISIC_0025192,watershed,0.5484444444444444,0.3118314424635332,0.47541388682975044,0.6225777777777778,0.3118314424635332,1.0,1.0,0.6881685575364668,154.17891125399674,81.00367167629616
ISIC_0025193,otsu,0.07239629629629629,0.6740676318616667,0.8053051370595605,0.9764037037037037,0.6740676318616667,1.0,1.0,0.32593236813833326,32.93760723940238,12.211229083901113
ISIC_0025193,adaptive,0.07239629629629629,0.16365682713459867,0.2812802250945221,0.9394518518518519,0.16365682713459867,1.0,1.0,0.8363431728654014,63.04165055917975,35.80558755693963
ISIC_0025193,kmeans,0.07239629629629629,0.6314523967872308,0.7740984634681718,0.9733185185185185,0.6314523967872308,1.0,1.0,0.36854760321276925,34.713109915419565,13.756198644186572
ISIC_0025193,watershed,0.07239629629629629,0.46493067989972886,0.634747686397765,0.961262962962963,0.46493067989972886,1.0,1.0,0.5350693201002712,39.62196322402434,22.109776418265692
ISIC_0025194,otsu,0.8022370370370371,0.5879346641797936,0.7405023360749869,0.669425925925926,0.5879346641797936,1.0,1.0,0.41206533582020644,172.24255842177308,68.05588670593156
ISIC_0025194,adaptive,0.8022370370370371,0.0756589118666439,0.14067454103150462,0.2581888888888889,0.07568650625103876,0.9985204884260993,0.9952042736599284,0.9246782146220753,280.7923163820766,91.92356298170391
ISIC_0025194,kmeans,0.8022370370370371,0.060982253328655055,0.1149543324355019,0.24668518518518517,0.060982253328655055,1.0,1.0,0.939017746671345,225.9424047759373,144.21219227047442
ISIC_0025194,watershed,0.8022370370370371,0.15572657937988219,0.2694868875706553,0.3226925925925926,0.15572657937988219,1.0,1.0,0.8442734206201178,175.0572758740876,109.64251372454662
ISIC_0025195,otsu,0.13404074074074074,0.7219599364631133,0.8385327918209422,0.9533222222222222,0.9042303335083308,0.9609210937132445,0.7817352252639626,0.3482357492194192,47.83564966021801,13.681778868200078
ISIC_0025195,adaptive,0.13404074074074074,0.36844717414231654,0.5384894369389791,0.8868888888888888,0.4923047166422591,0.9479660748730802,0.5942367341493513,0.8438562073443674,94.32251010745757,30.115627446315703
ISIC_0025195,kmeans,0.13404074074074074,0.5708982131887503,0.7268430359085963,0.9404962962962963,0.5906164516039899,0.9946537558434448,0.9447513812154696,0.4439225221740212,51.23475290036931,17.42202044493783
ISIC_0025195,watershed,0.13404074074074074,0.6108374384236454,0.7584097859327217,0.9438222222222222,0.6578431101655108,0.9880885680191952,0.8952731921934344,0.419109723411898,59.03812191042036,18.317952864633458
ISIC_0025196,otsu,0.5895777777777778,0.18808765615873077,0.31662252390845796,0.5212333333333333,0.18811955825261015,0.9997563484758244,0.9990991892703434,0.8120500546530474,285.82722022795065,82.65137883388621
ISIC_0025196,adaptive,0.5895777777777778,0.10345130853215735,0.1875049813838569,0.47141481481481484,0.10345130853215735,1.0,1.0,0.8965486914678427,300.12203313896913,109.10008424509172
ISIC_0025196,kmeans,0.5895777777777778,0.12070785119294411,0.21541359073099367,0.4815888888888889,0.12070785119294411,1.0,1.0,0.8792921488070559,316.5695011414331,96.48497174326275
ISIC_0025196,watershed,0.5895777777777778,0.13562122297186938,0.23884939842345457,0.4903814814814815,0.13562122297186938,1.0,1.0,0.8643787770281306,311.8878003385192,100.16135680386289
ISIC_0025197,otsu,0.06923703703703704,0.6365678827431261,0.7779303131332941,0.9748370370370371,0.6365678827431261,1.0,1.0,0.36343211725687385,22.669360542532285,14.413395587265493
ISIC_0025197,adaptive,0.06923703703703704,0.5902428586712314,0.7423304628632938,0.9716296296296296,0.5902428586712314,1.0,1.0,0.4097571413287686,28.16114317698511,15.771395988695016
ISIC_0025197,kmeans,0.06923703703703704,0.6350700759602012,0.7768108355689328,0.9747333333333333,0.6350700759602012,1.0,1.0,0.36492992403979885,22.47220505424423,14.479575814505013
ISIC_0025197,watershed,0.06923703703703704,0.5128918369530331,0.6780284279753908,0.9662740740740741,0.5128918369530331,1.0,1.0,0.48710816304696697,30.011364579938125,20.059734988608888
ISIC_0025198,otsu,0.10479629629629629,0.5156741473758615,0.6804551601921373,0.9492444444444444,0.5156741473758615,1.0,1.0,0.4843258526241385,57.260360120934145,25.50097236225935
ISIC_0025198,adaptive,0.10479629629629629,0.46842955471274056,0.6380007174458926,0.943937037037037,0.47142604700477114,0.9992511532653441,0.9866124260355029,0.5349708429051069,50.50435965082903,23.82311170253465
ISIC_0025198,kmeans,0.10479629629629629,0.44244566177769923,0.6134659675601509,0.9415703703703704,0.44244566177769923,1.0,1.0,0.5575543382223007,62.20764896506461,27.705917427683403
ISIC_0025198,watershed,0.10479629629629629,0.3684396536490546,0.5384814049586777,0.9338148148148148,0.3684396536490546,1.0,1.0,0.6315603463509454,72.21271268051179,31.936439212009063
ISIC_0025199,otsu,0.19641851851851852,0.6109403578903702,0.7584891084241452,0.9235814814814814,0.6109403578903702,1.0,1.0,0.38905964210962984,39.0,21.78540356542531
ISIC_0025199,adaptive,0.19641851851851852,0.19519921558275036,0.32663879466750806,0.8419222222222222,0.19519921558275036,1.0,1.0,0.8048007844172497,161.3573446724548,54.776485155105135
ISIC_0025199,kmeans,0.19641851851851852,0.5704184187204193,0.726454060803996,0.9156222222222222,0.5704184187204193,1.0,1.0,0.4295815812795806,41.0,25.03785408826175
ISIC_0025199,watershed,0.19641851851851852,0.506099975486961,0.6720669062136141,0.9029888888888888,0.506099975486961,1.0,1.0,0.49390002451303905,45.27029818226267,30.005848927163893
ISIC_0025200,otsu,0.23827777777777778,0.7111681044532525,0.8312077610638762,0.9311777777777778,0.7111681044532525,1.0,1.0,0.2888318955467475,37.21558813185679,19.60685030755093
ISIC_0025200,adaptive,0.23827777777777778,0.1989430325639232,0.3318640288329401,0.8091259259259259,0.1989430325639232,1.0,1.0,0.8010569674360768,142.69635496891232,59.87655732778573
ISIC_0025200,kmeans,0.23827777777777778,0.5167171834926556,0.6813626022259116,0.8848444444444444,0.5167171834926556,1.0,1.0,0.4832828165073444,61.39910415913225,35.03617542162659
ISIC_0025200,watershed,0.23827777777777778,0.5656796456050361,0.7225994758160591,0.8965111111111111,0.5656796456050361,1.0,1.0,0.43432035439496386,54.09482045169423,30.767060660076247
ISIC_0025201,otsu,0.08621481481481481,0.6049918377867515,0.7538877439040711,0.9659444444444445,0.6049918377867515,1.0,1.0,0.3950081622132486,30.024151647178044,16.247454809517933
ISIC_0025201,adaptive,0.08621481481481481,0.5785289969656823,0.7329976175005415,0.963474074074074,0.5815362144514133,0.9995095694749556,0.9911407233855616,0.423661826617407,43.02208438466772,15.451740184034753
ISIC_0025201,kmeans,0.08621481481481481,0.5413695334650743,0.7024526198439242,0.9604592592592592,0.5413695334650743,1.0,1.0,0.4586304665349257,35.35533905932738,19.79932960521716
ISIC_0025201,watershed,0.08621481481481481,0.5083770083340493,0.6740715424925952,0.9576148148148148,0.5083770083340493,1.0,1.0,0.4916229916659507,38.31187058083431,21.253087284726334
ISIC_0025202,otsu,0.16172592592592594,0.8502070606538998,0.9190399050292456,0.9757518518518519,0.8510053588604406,0.9998188517854145,0.9988978790892717,0.14993358677231713,16.24798905242566,7.561176380055159
ISIC_0025202,adaptive,0.16172592592592594,0.2851597966224805,0.4437732916512125,0.8833592592592593,0.28770668254477166,0.9982768828368694,0.9698911449085154,0.721224751522924,115.35943013368919,36.71909233758644
ISIC_0025202,kmeans,0.16172592592592594,0.7649658773416388,0.8668336166292543,0.9619888888888889,0.7649658773416388,1.0,1.0,0.23503412265836118,24.186773244895647,11.995144972011518
ISIC_0025202,watershed,0.16172592592592594,0.6368112490267027,0.7781120143270885,0.941262962962963,0.6368112490267027,1.0,1.0,0.3631887509732973,57.28086324182997,19.79354928992854
ISIC_0025203,otsu,0.1842888888888889,0.7338317456489408,0.8464855341246291,0.9509481481481481,0.7338317456489408,1.0,1.0,0.2661682543510591,29.154759474226502,14.458091359689575
ISIC_0025203,adaptive,0.1842888888888889,0.6294465211624262,0.772589358395619,0.9317111111111112,0.6294465211624262,1.0,1.0,0.37055347883757384,45.635507698722584,18.842804093340124
ISIC_0025203,kmeans,0.1842888888888889,0.43446279995176657,0.605749831876261,0.8957777777777778,0.43446279995176657,1.0,1.0,0.5655372000482335,56.69213466244887,34.166299657214516
ISIC_0025203,watershed,0.1842888888888889,0.5929498774066482,0.7444677146678106,0.9249851851851851,0.5929498774066482,1.0,1.0,0.4070501225933518,46.0,23.426017189744105
ISIC_0025204,otsu,0.6483222222222222,0.4766834050283638,0.645613546417836,0.6607222222222222,0.4766834050283638,1.0,1.0,0.5233165949716362,142.82646697497745,68.07163677625351
ISIC_0025204,adaptive,0.6483222222222222,0.10302947208464013,0.18681182088439108,0.41847407407407405,0.10302947208464013,1.0,1.0,0.8969705279153599,210.36872278340292,95.48031805837147
ISIC_0025204,kmeans,0.6483222222222222,0.4092615126223243,0.5808169867078524,0.6170111111111111,0.4092615126223243,1.0,1.0,0.5907384873776758,152.35403073503755,79.97646385427431
ISIC_0025204,watershed,0.6483222222222222,0.3030786017469594,0.4651731696624288,0.5481703703703704,0.3030786017469594,1.0,1.0,0.6969213982530406,162.2838556216264,92.58307772630262
ISIC_0025205,otsu,0.3643777777777778,0.6997935537402333,0.8233865250287653,0.887437037037037,0.7201012380313472,0.9833642158747917,0.9612618724559023,0.30891829806265375,54.69642334530618,24.40012572855563
ISIC_0025205,adaptive,0.3643777777777778,0.1543778333434978,0.2674649995597429,0.6918740740740741,0.1543778333434978,1.0,1.0,0.8456221666565022,146.58443887245028,78.19112902422096
ISIC_0025205,kmeans,0.3643777777777778,0.37325933605740885,0.5436108479393652,0.7716296296296297,0.37325933605740885,1.0,1.0,0.6267406639425911,117.68559194915238,56.20831993910325
ISIC_0025205,watershed,0.3643777777777778,0.5067105570625946,0.6726050397502377,0.820174074074074,0.5069423268484072,0.9997377897423347,0.9990985396342074,0.4935150738956313,99.19674957331351,41.6227669076512
ISIC_0025206,otsu,0.2401037037037037,0.931168712218355,0.9643577035262871,0.9833,0.94093601530203,0.996685707601427,0.9889751779373855,0.06955327944715246,10.770329614269007,4.405604911780146
ISIC_0025206,adaptive,0.2401037037037037,0.3645828513257138,0.5343506273312988,0.8474222222222222,0.36461097056827296,0.9999756302029517,0.9997885119702224,0.6354661565990004,96.3348327114073,22.383465295283383
ISIC_0025206,kmeans,0.2401037037037037,0.2670296785339668,0.4215050098004602,0.8240111111111111,0.2670296785339668,1.0,1.0,0.7329703214660332,127.44998764119151,48.43421283325373
ISIC_0025206,watershed,0.2401037037037037,0.556352474819922,0.7149440551817091,0.8934703703703704,0.5563953847103104,0.9999756302029517,0.9998613998613999,0.443681742456963,98.28834920836002,30.131447293939715
ISIC_0025207,otsu,0.09976666666666667,0.5523257972305751,0.711610666028937,0.955337037037037,0.5523257972305751,1.0,1.0,0.44767420276942493,38.449283273862314,21.67922768250591
ISIC_0025207,adaptive,0.09976666666666667,0.509188105579686,0.6747841487713084,0.9510333333333333,0.509188105579686,1.0,1.0,0.4908118944203141,39.634577067653694,22.601995576697444
ISIC_0025207,kmeans,0.09976666666666667,0.36952890076845973,0.5396438155647719,0.9371,0.36952890076845973,1.0,1.0,0.6304710992315402,50.10625666267265,33.70022088848596
ISIC_0025207,watershed,0.09976666666666667,0.39781712885622006,0.569197673492152,0.9399222222222222,0.39781712885622006,1.0,1.0,0.6021828711437799,46.0542952838869,31.483046691136362
ISIC_0025208,otsu,0.9466814814814815,0.2043512621085742,0.3393549183496461,0.24677407407407406,0.2043512621085742,1.0,1.0,0.7956487378914258,385.4080305290109,257.2246015218
ISIC_0025208,adaptive,0.9466814814814815,0.07939234127791428,0.14710562275051922,0.12847777777777777,0.07939234127791428,1.0,1.0,0.9206076587220857,502.0,314.14752179480274
ISIC_0025208,kmeans,0.9466814814814815,0.030781990892161312,0.059725511629319245,0.08245925925925926,0.030781990892161312,1.0,1.0,0.9692180091078387,329.49203328760467,263.4287264517965
ISIC_0025208,watershed,0.9466814814814815,0.07159512370698425,0.13362345931421227,0.1210962962962963,0.07159512370698425,1.0,1.0,0.9284048762930157,343.0432908233539,252.13390796339755
ISIC_0025209,otsu,0.24146666666666666,0.8614291058735504,0.925556716777876,0.9657037037037037,0.882952941898276,0.9920460537880119,0.9724803189512451,0.1420332535738389,24.208414776340245,8.728470043915193
ISIC_0025209,adaptive,0.24146666666666666,0.6615985842796048,0.7963398507184507,0.9150111111111111,0.6881250383459108,0.9872365774105974,0.94494176127388,0.3519694459782809,92.50295233381937,24.97484668333125
ISIC_0025209,kmeans,0.24146666666666666,0.31284127860604943,0.4765865968782129,0.8340740740740741,0.31284127860604943,1.0,1.0,0.6871587213939505,129.80754985747168,54.84407008728846
ISIC_0025209,watershed,0.24146666666666666,0.7626570144629684,0.8653493086916042,0.9426851851851852,0.7627155040186514,0.9999755864143278,0.9998994590899036,0.2373611878029327,41.0,15.725068176120798
ISIC_0025210,otsu,0.4174074074074074,0.5081277728482697,0.673852417542332,0.7946888888888889,0.5081277728482697,1.0,1.0,0.49187222715173023,98.40325038239607,44.88092673588425
ISIC_0025210,adaptive,0.4174074074074074,0.411433513360867,0.5830009128537308,0.7529851851851852,0.4136823425022183,0.9960839160839161,0.9869596511283288,0.5917834960070985,119.39108703848802,50.370893564368586
ISIC_0025210,kmeans,0.4174074074074074,0.2165572315882875,0.3560165127711406,0.6729851851851851,0.2165572315882875,1.0,1.0,0.7834427684117126,132.40203427290285,78.440607818594
ISIC_0025210,watershed,0.4174074074074074,0.22661934338952971,0.3695023148148148,0.6771851851851852,0.22661934338952971,1.0,1.0,0.7733806566104703,128.45271442871527,77.80446573852582
ISIC_0025211,otsu,0.14622592592592593,0.2942174716952458,0.45466465741628664,0.8967962962962963,0.2942174716952458,1.0,1.0,0.7057825283047542,136.87485549543536,49.40396124396163
ISIC_0025211,adaptive,0.14622592592592593,0.2776525417289329,0.4346291854172036,0.8943740740740741,0.2776525417289329,1.0,1.0,0.7223474582710671,124.25616860562853,46.36640640148282
ISIC_0025211,kmeans,0.14622592592592593,0.26351916111547324,0.41711937456149145,0.8923074074074074,0.26351916111547324,1.0,1.0,0.7364808388845268,141.79433357838562,51.99549500739006
ISIC_0025211,watershed,0.14622592592592593,0.24715686026189812,0.3963524848189443,0.8899148148148148,0.24715686026189812,1.0,1.0,0.7528431397381019,142.41488218713764,53.12491259215682
ISIC_0025212,otsu,0.39822962962962966,0.6284006045519204,0.7718009963829933,0.8142333333333334,0.7888525139041312,0.8310294316769039,0.7554710393416049,0.46648127825003255,110.65260844201569,41.23054116741714
ISIC_0025212,adaptive,0.39822962962962966,0.1215645603378028,0.21677675033025098,0.5608148148148148,0.15261992894477408,0.8309432661652655,0.3739915219472173,1.1028440691207382,124.13196942310361,53.00054665350463
ISIC_0025212,kmeans,0.39822962962962966,0.030731723226953247,0.05963088655259432,0.5597296296296296,0.03505329141943044,0.9069412474304214,0.19953412038752713,1.1055690928368147,119.72175891152492,50.08899644847369
ISIC_0025212,watershed,0.39822962962962966,0.6040093180701404,0.7531244504200918,0.838825925925926,0.6173341269693644,0.9854011004566772,0.965497679966254,0.404726474581946,62.625873247404705,31.17078007310841
ISIC_0025213,otsu,0.13923333333333332,0.6372728965498896,0.7784565393988627,0.9494962962962963,0.6372728965498896,1.0,1.0,0.3627271034501104,29.4685852116613,19.706623185594623
ISIC_0025213,adaptive,0.13923333333333332,0.6234608940776002,0.7680639507264895,0.9475592592592592,0.6236267390205623,0.9999569720361263,0.9995736334953526,0.37663926794882024,50.68628564986765,18.088260753523894
ISIC_0025213,kmeans,0.13923333333333332,0.31963397441012953,0.48442822874881575,0.9052703703703704,0.31963397441012953,1.0,1.0,0.6803660255898705,66.79669201451206,42.897726353958504
ISIC_0025213,watershed,0.13923333333333332,0.5374670816375389,0.699159140454687,0.9356,0.5374670816375389,1.0,1.0,0.4625329183624611,35.36382094930164,25.481002804771407
ISIC_0025214,otsu,0.37893333333333334,0.2213364173247007,0.3624495498292456,0.6957703703703704,0.22821369927281257,0.9810421735604218,0.8801643546441495,0.802857924779107,276.7872773301415,83.44136936014422
ISIC_0025214,adaptive,0.37893333333333334,0.13961527194609902,0.24502176371799705,0.6736592592592593,0.13974900304949567,0.9994155813176853,0.9931925534870798,0.8612088513566346,278.4359888965658,89.39538393220585
ISIC_0025214,kmeans,0.37893333333333334,0.1376671358198452,0.24201654681821697,0.6732333333333334,0.1376671358198452,1.0,1.0,0.8623328641801549,302.33259830855155,105.36805429008443
ISIC_0025214,watershed,0.37893333333333334,0.17311752287121746,0.29514097180563886,0.6866666666666666,0.17311752287121746,1.0,1.0,0.8268824771287826,304.9950709173281,100.03063241560588
ISIC_0025215,otsu,0.07583703703703704,0.5976753272123462,0.748181206822767,0.9694888888888888,0.5976753272123462,1.0,1.0,0.4023246727876538,24.186773244895647,14.36905263862959
ISIC_0025215,adaptive,0.07583703703703704,0.5576012111149095,0.7159742906411664,0.9664481481481482,0.5576284430552843,0.9999959923694715,0.9999124266573255,0.44242039460832194,31.12874823063952,14.352213756596916
ISIC_0025215,kmeans,0.07583703703703704,0.5639773393240868,0.721209093180115,0.9669333333333333,0.5639773393240868,1.0,1.0,0.4360226606759133,27.285513416868202,15.673184644839885
ISIC_0025215,watershed,0.07583703703703704,0.47064856417268996,0.6400557898582008,0.9598555555555556,0.47064856417268996,1.0,1.0,0.52935143582731,31.622776601683793,19.48082399675779
ISIC_0025216,otsu,0.3193925925925926,0.7077574211502783,0.8288734833001759,0.9066555555555555,0.7077902500115961,0.9999782329509589,0.9999344702740781,0.2922561343290505,46.02879247967615,22.588667269494266
ISIC_0025216,adaptive,0.3193925925925926,0.12269675429340074,0.2185750583569171,0.7197925925925925,0.12269817709541259,0.9999945582377398,0.9999054999054999,0.877313418989749,173.87121331905016,80.26085420084614
ISIC_0025216,kmeans,0.3193925925925926,0.6661950925367596,0.7996603705301839,0.8933851851851852,0.6661950925367596,1.0,1.0,0.33380490746324043,51.19716749241991,26.125872895135032
ISIC_0025216,watershed,0.3193925925925926,0.5605895449696182,0.718433039330059,0.8596555555555555,0.5605895449696182,1.0,1.0,0.43941045503038173,59.18105656765532,36.447559784977955
ISIC_0025217,otsu,0.3146111111111111,0.765377597268821,0.8670978927714057,0.9261851851851852,0.765377597268821,1.0,1.0,0.234622402731179,29.154759474226502,17.57226766087072
ISIC_0025217,adaptive,0.3146111111111111,0.6437097717963721,0.7832401836887259,0.8872407407407408,0.6475366413561716,0.9972710815703439,0.9909025400828679,0.3584083818941668,74.3545468223575,28.361389292952996
ISIC_0025217,kmeans,0.3146111111111111,0.5946082759432574,0.7457734729133138,0.8724592592592593,0.5946082759432574,1.0,1.0,0.4053917240567426,51.78078507132769,32.55181115537719
ISIC_0025217,watershed,0.3146111111111111,0.6160574489375479,0.7624202336897928,0.8792074074074074,0.6160574489375479,1.0,1.0,0.3839425510624522,51.16053031921126,30.409117911671792
ISIC_0025218,otsu,0.2761777777777778,0.871469958433052,0.9313213439586474,0.9622074074074074,0.9278242677824268,0.9753264562610012,0.9348448816344179,0.13684154060723097,33.61547262794322,9.906578505956968
ISIC_0025218,adaptive,0.2761777777777778,0.09689141159620179,0.1766654576230202,0.7477851851851852,0.09797768479776849,0.9957222972696386,0.897322525178089,0.9132335586310482,197.6765034089788,79.28655916893506
ISIC_0025218,kmeans,0.2761777777777778,0.6421274676289536,0.7820677508745567,0.9000925925925926,0.649085398562386,0.9958655696098899,0.983580239387104,0.36175034867503486,82.77075985106644,25.78429350113519
ISIC_0025218,watershed,0.2761777777777778,0.7900376214721562,0.882705047084336,0.9415037037037037,0.796977255659264,0.9966484506119776,0.9890985952999135,0.21180667310374424,33.396848665468056,14.055474897041957
ISIC_0025219,otsu,0.20894074074074073,0.5598964795972631,0.7178636363636364,0.9080444444444444,0.5598964795972631,1.0,1.0,0.4401035204027369,80.11242100947892,30.85470113957401
ISIC_0025219,adaptive,0.20894074074074073,0.17640077235124266,0.2998991100603834,0.8278037037037037,0.17651646754351757,0.9998267676720384,0.9962981490745373,0.8241393980217676,109.62846127023525,58.71726202868471
ISIC_0025219,kmeans,0.20894074074074073,0.4665863083631723,0.6362889189711854,0.8885481481481482,0.4665863083631723,1.0,1.0,0.5334136916368277,80.8380295427546,35.36525296006096
ISIC_0025219,watershed,0.20894074074074073,0.3423795511752402,0.5101084128933434,0.8625962962962963,0.3423795511752402,1.0,1.0,0.6576204488247598,102.8987345158248,44.29050524987879
ISIC_0025220,otsu,0.19334814814814816,0.9295584259537398,0.9634934225889312,0.9861037037037037,0.9484330702628151,0.995133060294955,0.979039784861188,0.07187188721170791,9.219544457292887,3.936512962225805
ISIC_0025220,adaptive,0.19334814814814816,0.36612541354527134,0.5360055671537927,0.8765259259259259,0.3688606237069956,0.9982093335047476,0.9801486307645322,0.6386100681940081,95.35197952848173,33.049792630072744
ISIC_0025220,kmeans,0.19334814814814816,0.8914809612391329,0.9426274749867031,0.9788259259259259,0.899643705463183,0.9978052856801778,0.9899247518074321,0.10951268102061144,13.949871794028864,6.203840528766092
ISIC_0025220,watershed,0.19334814814814816,0.8503484254217281,0.91912248929865,0.9708888888888889,0.8555283120067427,0.9985399180884865,0.9929301911960872,0.15056317523561413,18.110770276274835,8.800077181151764
ISIC_0025221,otsu,0.24058518518518518,0.7660488315526955,0.8675284826401903,0.9437148148148148,0.7660488315526955,1.0,1.0,0.2339511684473044,29.017236257093817,14.762959064912094
ISIC_0025221,adaptive,0.24058518518518518,0.3561819438843118,0.5252716208035515,0.8344481481481482,0.38069213953631575,0.9781995883770155,0.8469125654988184,0.6881215554666092,98.6154146165801,42.62555346169268
ISIC_0025221,kmeans,0.24058518518518518,0.6787616613812002,0.8086456547056827,0.9227148148148148,0.6787616613812002,1.0,1.0,0.32123833861879986,43.09282320340233,21.31105753173877
ISIC_0025221,watershed,0.24058518518518518,0.6079158841097324,0.756153838789051,0.9056703703703703,0.6079158841097324,1.0,1.0,0.39208411589026754,50.259324539883494,26.601005278250668
ISIC_0025222,otsu,0.34555185185185183,0.5325237862994222,0.6949631595413013,0.7905481481481481,0.6904789976312715,0.8433851534513104,0.6995059449481513,0.6061372576340582,101.51847122568385,34.35729641975244
ISIC_0025222,adaptive,0.34555185185185183,0.053588290840415484,0.10172529688550302,0.6287962962962963,0.06082594668753148,0.9286874437609295,0.3105165244035894,1.0742344505300163,281.33888017823654,76.9749667570782
ISIC_0025222,kmeans,0.34555185185185183,0.13340979002990386,0.23541315983583302,0.7005481481481481,0.13340979002990386,1.0,1.0,0.8665902099700962,230.57102977082047,94.01031505269363
ISIC_0025222,watershed,0.34555185185185183,0.0829805249788315,0.1532447224394058,0.6831222222222222,0.0829805249788315,1.0,1.0,0.9170194750211685,289.9044587270796,112.83885290108549
ISIC_0025223,otsu,0.33892962962962964,0.7676142590085735,0.8685314175267131,0.906537037037037,0.9108850302149468,0.9043078284936327,0.8299414552550878,0.2757591983477396,60.62215374209566,19.2170104071112
ISIC_0025223,adaptive,0.33892962962962964,0.2624755566599324,0.4158109125761621,0.7471629629629629,0.2654872091879665,0.994117284538543,0.9585717103965279,0.745986821256461,152.28804652629665,50.09148185694939
ISIC_0025223,kmeans,0.33892962962962964,0.5210579532755042,0.6851257076082317,0.833337037037037,0.5349739375594191,0.9863072794401896,0.9524513618677043,0.4917332342559911,90.13878188659973,27.99812552022202
ISIC_0025223,watershed,0.33892962962962964,0.40812655357376476,0.5796731160817287,0.7989296296296297,0.4090765044639442,0.9988066491492473,0.9943423289417764,0.5932510845690682,113.8376005786398,39.08861964389543
ISIC_0025224,otsu,0.4777962962962963,0.5902763861699012,0.7423569780741717,0.8031111111111111,0.5936669121351885,0.9947444944856201,0.9904173186597178,0.4120770512770823,105.0111896394915,34.27483296393661
ISIC_0025224,adaptive,0.4777962962962963,0.22411883759117118,0.3661716995258298,0.6237407407407407,0.22747180341847215,0.9863115713323167,0.9382893685051958,0.7874888570210457,234.5636722446442,60.58872091144261
ISIC_0025224,kmeans,0.4777962962962963,0.3704197511724352,0.5405931297407673,0.6991888888888889,0.3704197511724352,1.0,1.0,0.6295802488275648,133.81292874097915,57.270913945444654
ISIC_0025224,watershed,0.4777962962962963,0.2113561489864734,0.3489579000582322,0.6231888888888889,0.2113561489864734,1.0,1.0,0.7886438510135266,205.9999996139519,96.63150123366412
ISIC_0025225,otsu,0.08416296296296297,0.4916387959866221,0.6591928251121076,0.9572148148148149,0.4916387959866221,1.0,1.0,0.5083612040133779,32.800150922443706,21.97566476216668
ISIC_0025225,adaptive,0.08416296296296297,0.4183242386903714,0.589885200124108,0.9510444444444445,0.4183242386903714,1.0,1.0,0.5816757613096286,49.24733473351607,24.65220799153109
ISIC_0025225,kmeans,0.08416296296296297,0.4171360675937335,0.5887029158774028,0.9509444444444445,0.4171360675937335,1.0,1.0,0.5828639324062665,37.60318430617811,25.54067735191057
ISIC_0025225,watershed,0.08416296296296297,0.3963650765710262,0.5677098105953169,0.9491962962962963,0.3963650765710262,1.0,1.0,0.6036349234289737,40.718546143004666,27.69756372056133
ISIC_0025226,otsu,0.12291851851851852,0.6961552368325901,0.8208626447807859,0.9626518518518519,0.6961552368325901,1.0,1.0,0.3038447631674099,27.202941017470888,14.508306319053276
ISIC_0025226,adaptive,0.12291851851851852,0.5687863361147092,0.7251291307436779,0.9469814814814815,0.5689405809328673,0.9999619951691637,0.9995235826584088,0.4313306014222008,54.730244650154276,19.00009451176907
ISIC_0025226,kmeans,0.12291851851851852,0.4679402193563939,0.6375466973192659,0.9346,0.4679402193563939,1.0,1.0,0.5320597806436062,53.178900915978986,28.155348970874773
ISIC_0025226,watershed,0.12291851851851852,0.5988610341087139,0.7491095490266287,0.9506925925925926,0.5988610341087139,1.0,1.0,0.401138965891286,31.78049716414141,20.04167986414093
ISIC_0025227,otsu,0.46125555555555553,0.5923365371490056,0.7439841055328076,0.811962962962963,0.5923365371490056,1.0,1.0,0.4076634628509945,83.07913977696082,33.4915253769358
ISIC_0025227,adaptive,0.46125555555555553,0.311498571107472,0.4750269317402801,0.6823407407407407,0.3115811111378765,0.9997731350671314,0.9991502948219482,0.68868386609817,134.80485228255952,51.154661785913106
ISIC_0025227,kmeans,0.46125555555555553,0.1980343506853275,0.33059878553906785,0.6300888888888889,0.1980343506853275,1.0,1.0,0.8019656493146725,153.41055962678857,83.47557258093696
ISIC_0025227,watershed,0.46125555555555553,0.24791430796778519,0.397325852239824,0.6530962962962963,0.24791430796778519,1.0,1.0,0.7520856920322148,157.92134038253468,77.21150080141969
ISIC_0025228,otsu,0.09374444444444445,0.7215134878944666,0.8382315828113888,0.9738851851851852,0.7217415353008574,0.9999673054366972,0.9995622674545852,0.27857453281182093,21.213203435596427,10.649395356056944
ISIC_0025228,adaptive,0.09374444444444445,0.5668009796950304,0.7235136906862992,0.9593851851851852,0.566868160088499,0.9999877395387614,0.9997909553341231,0.4332503654537553,53.54947282259142,18.27228371801309
ISIC_0025228,kmeans,0.09374444444444445,0.6014776184267709,0.7511533242876527,0.9626407407407407,0.6014776184267709,1.0,1.0,0.39852238157322906,27.81365735000619,16.175825058827964
ISIC_0025228,watershed,0.09374444444444445,0.5733475563984038,0.7288250508500113,0.9600037037037037,0.5733475563984038,1.0,1.0,0.42665244360159615,29.75732006606591,17.140772215325278
ISIC_0025229,otsu,0.16002592592592593,0.7277934398353246,0.8424542228898501,0.9549407407407408,0.7528409748420395,0.9934433602448047,0.9562839923563133,0.28157474483301315,50.64561421620254,14.731187882813979
ISIC_0025229,adaptive,0.16002592592592593,0.29999549792904734,0.4615331336253918,0.8848259259259259,0.3084453907931585,0.9946338731795074,0.9163228822882288,0.7197213414493022,80.53942487054096,31.64110091337281
ISIC_0025229,kmeans,0.16002592592592593,0.6214270835744208,0.7665186919222918,0.9394185185185185,0.6214270835744208,1.0,1.0,0.37857291642557916,63.0,21.402871493450508
ISIC_0025229,watershed,0.16002592592592593,0.48463887475130707,0.6528710557070511,0.9174925925925926,0.4848519915754392,0.9999162231638543,0.9990938573063716,0.5155877519846321,77.0405597379457,31.481533213357377
ISIC_0025230,otsu,0.4575814814814815,0.6745411490871474,0.8056429660804263,0.8508518518518519,0.6755566707406898,0.9987299679760743,0.9977764229100169,0.3259488291905105,99.03534722511958,29.170455637416485
ISIC_0025230,adaptive,0.4575814814814815,0.12373453318335208,0.22022022022022023,0.5989592592592593,0.12375856961318364,0.9998361249001386,0.9984328065822123,0.8764356884424551,129.7871319616438,82.38273065676636
ISIC_0025230,kmeans,0.4575814814814815,0.48314406663051307,0.6515133323873868,0.7634962962962963,0.48314406663051307,1.0,1.0,0.5168559333694869,113.45417573494652,47.372902260953985
ISIC_0025230,watershed,0.4575814814814815,0.36942886509497336,0.5395371377239847,0.7114296296296296,0.36947072773924095,0.9999044061917475,0.999693392610762,0.6306425894598817,118.33849610584471,57.91794753818102
ISIC_0025231,otsu,0.33284444444444444,0.7896294318548432,0.8824502076236418,0.929962962962963,0.7898139493479325,0.9998834188261941,0.9997042253521127,0.2104197267102862,30.528675044947494,14.476153201053801
ISIC_0025231,adaptive,0.33284444444444444,0.18745207001944986,0.3157214926853923,0.7292259259259259,0.18767525704366403,0.9994059911620368,0.9936958699110352,0.8135153781101171,153.9687943395512,52.793233023466854
ISIC_0025231,kmeans,0.33284444444444444,0.23624649485912672,0.38219965976291415,0.7457888888888888,0.23624649485912672,1.0,1.0,0.7637535051408733,124.81019855065469,54.285705527914985
ISIC_0025231,watershed,0.33284444444444444,0.4268148840521654,0.5982764671475921,0.8092185185185186,0.4268148840521654,1.0,1.0,0.5731851159478346,93.31505511834636,40.697276561318446
ISIC_0025232,otsu,0.48113333333333336,0.7718862298340852,0.8712593583464584,0.8895,0.7771388542484565,0.9936899510328779,0.9913196319681066,0.22966606623250657,45.503784493913045,24.683486494263633
ISIC_0025232,adaptive,0.48113333333333336,0.14343448339568612,0.25088360632561146,0.5878777777777778,0.14343448339568612,1.0,1.0,0.8565655166043139,162.17521292904567,89.70651933262492
ISIC_0025232,kmeans,0.48113333333333336,0.4813480516681293,0.6498784011307656,0.7504592592592593,0.4813480516681293,1.0,1.0,0.5186519483318708,128.54337502738866,60.36344160680441
ISIC_0025232,watershed,0.48113333333333336,0.639192954905855,0.7798873866470055,0.8264037037037038,0.639192954905855,1.0,1.0,0.360807045094145,76.31634919817397,40.15592664055742
ISIC_0025233,otsu,0.11486296296296296,0.6941605133331183,0.8194743152966255,0.9648703703703704,0.6941605133331183,1.0,1.0,0.30583948666688165,24.08318915758459,14.857823650722105
ISIC_0025233,adaptive,0.11486296296296296,0.7048462374528482,0.8268736757233129,0.9658037037037037,0.7109599200335344,0.9988744157632005,0.9879469486513128,0.29771386192886856,30.14962686336267,12.683327423865526
ISIC_0025233,kmeans,0.11486296296296296,0.6354432012381904,0.777089905362776,0.9581259259259259,0.6354432012381904,1.0,1.0,0.3645567987618096,31.016124838541646,18.264059230307318
ISIC_0025233,watershed,0.11486296296296296,0.5533485957501693,0.7124590027815835,0.9486962962962963,0.5533485957501693,1.0,1.0,0.44665140424983074,36.0,22.73254747525191
ISIC_0025234,otsu,0.3953185185185185,0.5869622245540399,0.7397305562443177,0.8367185185185185,0.5869622245540399,1.0,1.0,0.41303777544596015,79.01676158123855,34.370168585316875
ISIC_0025234,adaptive,0.3953185185185185,0.5782172842741746,0.7327473726662397,0.8331037037037037,0.5787644281217209,0.9993813700509604,0.998367703148232,0.42218183180932395,86.96435805397574,32.31334691272351
ISIC_0025234,kmeans,0.3953185185185185,0.4424748913206416,0.6134940635473227,0.7796,0.4424748913206416,1.0,1.0,0.5575251086793584,114.02277769357605,52.817593310859436
ISIC_0025234,watershed,0.3953185185185185,0.24229875580872434,0.3900812983604579,0.7004666666666667,0.24229875580872434,1.0,1.0,0.7577012441912757,171.2671866951402,77.04688569223593
ISIC_0025235,otsu,0.2944259259259259,0.7000314485187747,0.8235511750429172,0.9116814814814814,0.7000314485187747,1.0,1.0,0.29996855148122525,53.12246983806063,22.070171654217962
ISIC_0025235,adaptive,0.2944259259259259,0.2454265804507502,0.39412452617146543,0.7774148148148148,0.2458896785961381,0.9992126190913624,0.9923846271005737,0.7559972325303478,149.93364350939848,48.747076103606375
ISIC_0025235,kmeans,0.2944259259259259,0.5297440090571734,0.6925917093588363,0.8615444444444444,0.5297440090571734,1.0,1.0,0.4702559909428266,64.4018616234364,38.31194747315635
ISIC_0025235,watershed,0.2944259259259259,0.4798792376879049,0.6485383745739228,0.8468629629629629,0.4798792376879049,1.0,1.0,0.5201207623120951,64.79967478728659,41.863212138767906
ISIC_0025236,otsu,0.0837925925925926,0.8123839830283744,0.8964810885946302,0.9842777777777778,0.8124557991513437,0.9999919151413234,0.9998912038296252,0.1876326025459689,14.463609504867474,7.060012398600603
ISIC_0025236,adaptive,0.0837925925925926,0.6490388211534146,0.7871722761498685,0.9652444444444445,0.7670615275813296,0.9833694457020892,0.8083659400037265,0.4147807637906648,99.29753269845128,24.98056982935871
ISIC_0025236,kmeans,0.0837925925925926,0.71875,0.8363636363636363,0.9764333333333334,0.71875,1.0,1.0,0.28125,18.681541692269406,11.313038063354366
ISIC_0025236,watershed,0.0837925925925926,0.7091142149929278,0.8298031913517987,0.9756259259259259,0.7091142149929278,1.0,1.0,0.29088578500707213,27.202941017470888,11.581624962375749
ISIC_0025237,otsu,0.026662962962962965,0.240790286067092,0.3881240670094543,0.9453481481481482,0.6500902903180997,0.9534362502425789,0.27664479517644974,2.049729129045701,270.3441737333767,84.28202614133731
ISIC_0025237,adaptive,0.026662962962962965,0.30673655600854205,0.4694696181845194,0.9603222222222222,0.6584247812196138,0.9685922047480794,0.3647837463444667,1.4881233504653424,256.27475356381325,78.76259669448612
ISIC_0025237,kmeans,0.026662962962962965,0.0,0.0,0.939174074074074,0.0,0.9649011990060921,0.0,2.281289067926101,280.09636267678854,188.47518985638757
ISIC_0025237,watershed,0.026662962962962965,0.0,0.0,0.943174074074074,0.0,0.9690107724095418,0.0,2.131268231698847,279.1944657643628,198.7226476289388
ISIC_0025238,otsu,0.14400370370370372,0.4601219104446902,0.6302513607299501,0.9222555555555556,0.4601219104446902,1.0,1.0,0.5398780895553098,56.0,23.707483344093813
ISIC_0025238,adaptive,0.14400370370370372,0.29858807190803177,0.45986572396173725,0.8989888888888888,0.29860343098171344,0.9999913464492318,0.9998277643816741,0.7014480080244849,79.49495921706954,33.64347274144372
ISIC_0025238,kmeans,0.14400370370370372,0.36997505208199377,0.5401194007434386,0.9092740740740741,0.36997505208199377,1.0,1.0,0.6300249479180062,59.03853995660685,29.513586907175455
ISIC_0025238,watershed,0.14400370370370372,0.2738355494971837,0.42993862057825877,0.8954296296296296,0.2738355494971837,1.0,1.0,0.7261644505028163,75.0,41.199110875296974
ISIC_0025239,otsu,0.6378370370370371,0.11392089004505969,0.20454036020538482,0.43482592592592595,0.11392089004505969,1.0,1.0,0.8860791099549403,223.40378181354265,112.44164862682143
ISIC_0025239,adaptive,0.6378370370370371,0.10120930988638409,0.18381484605651624,0.42661481481481484,0.10122752822037441,0.9996829747197905,0.9982249198350893,0.8989524782830863,217.09381860488142,90.95384626049825
ISIC_0025239,kmeans,0.6378370370370371,0.07458656570818042,0.13881909208315096,0.409737037037037,0.07458656570818042,1.0,1.0,0.9254134342918195,232.29764212593295,118.75202522111066
ISIC_0025239,watershed,0.6378370370370371,0.0789067217912389,0.14627162885821157,0.4124925925925926,0.0789067217912389,1.0,1.0,0.9210932782087611,228.19570675718384,118.99036688955383
ISIC_0025240,otsu,0.6652962962962963,0.6800200411957914,0.8095380108820274,0.7871185185185186,0.6800200411957914,1.0,1.0,0.31997995880420865,83.79377889797618,32.65081439297282
ISIC_0025240,adaptive,0.6652962962962963,0.09938659185536482,0.18080371834922307,0.40075185185185186,0.09939876412625953,0.9997565563793295,0.9987693684622699,0.900723709848021,291.5667980184584,109.26712089559028
ISIC_0025240,kmeans,0.6652962962962963,0.174302733396426,0.2968616668246895,0.45066666666666666,0.174302733396426,1.0,1.0,0.825697266603574,166.17836025576327,109.16886762587069
ISIC_0025240,watershed,0.6652962962962963,0.4202304737516005,0.5917778579156149,0.6142814814814814,0.4202304737516005,1.0,1.0,0.5797695262483995,145.44483431157116,66.9268588534093
ISIC_0025241,otsu,0.5710222222222222,0.7886960356994603,0.8818670360512594,0.8793407407407408,0.7886960356994603,1.0,1.0,0.21130396430053963,58.60503034930354,21.103361200073092
ISIC_0025241,adaptive,0.5710222222222222,0.1193700705687007,0.21328079731139182,0.4971407407407407,0.1193700705687007,1.0,1.0,0.8806299294312993,206.50665813343937,68.67084062217164
ISIC_0025241,kmeans,0.5710222222222222,0.25050591531755917,0.4006473096193944,0.5720222222222222,0.25050591531755917,1.0,1.0,0.7494940846824408,134.40610105199838,56.23426174300827
ISIC_0025241,watershed,0.5710222222222222,0.5281885637193856,0.6912609821314885,0.7305851851851852,0.5281885637193856,1.0,1.0,0.47181143628061434,108.94813574380197,47.59736231410494
ISIC_0025242,otsu,0.17592222222222223,0.6090233478599549,0.7570099572140736,0.9312185185185186,0.6090233478599549,1.0,1.0,0.39097665214004507,45.077586676433,22.908390631296612
ISIC_0025242,adaptive,0.17592222222222223,0.2612755978056033,0.41430373862806297,0.8693333333333333,0.26270026737405,0.998835960287819,0.9796655413362644,0.7427524789995579,123.0,43.89123502645935
ISIC_0025242,kmeans,0.17592222222222223,0.5326006863302385,0.6950286412901631,0.9177740740740741,0.5326006863302385,1.0,1.0,0.46739931366976145,51.5072223615258,27.874163591433206
ISIC_0025242,watershed,0.17592222222222223,0.46851512663424494,0.6380800825770935,0.9065,0.46851512663424494,1.0,1.0,0.5314848733657551,56.811946269417774,31.77719666230213
ISIC_0025243,otsu,0.107,0.6066941261984701,0.7552079967254788,0.9579148148148148,0.6067151263412945,0.9999958525154494,0.999942951680073,0.3933194877120111,33.54101966249684,17.341037449622263
ISIC_0025243,adaptive,0.107,0.36505068447003336,0.5348529378771902,0.9232111111111111,0.41259951540325374,0.9843930156360168,0.7600586622457438,0.7176531671858775,59.881525869503236,25.39572082424612
ISIC_0025243,kmeans,0.107,0.4473174108688127,0.61813311649487,0.940862962962963,0.4473174108688127,1.0,1.0,0.5526825891311873,42.00056616301759,26.560498372277586
ISIC_0025243,watershed,0.107,0.44852890273451024,0.6192888549034602,0.9409925925925926,0.44852890273451024,1.0,1.0,0.5514710972654898,45.53404253215887,26.034558243464424
ISIC_0025244,otsu,0.11476666666666667,0.7385677864911092,0.8496278284112635,0.9699962962962962,0.7385677864911092,1.0,1.0,0.26143221350889084,30.105600163384523,11.570506050119349
ISIC_0025244,adaptive,0.11476666666666667,0.5074851237081115,0.6732870735862384,0.9417555555555556,0.5229289702133153,0.9960546079083564,0.9450049571353589,0.5075031464807823,54.022214606655105,20.22221387399971
ISIC_0025244,kmeans,0.11476666666666667,0.7298544550940717,0.8438333675353992,0.9689962962962962,0.7298544550940717,1.0,1.0,0.2701455449059283,31.47975538917475,12.177675238502962
ISIC_0025244,watershed,0.11476666666666667,0.5955400651886275,0.746505936368601,0.9535814814814815,0.5955400651886275,1.0,1.0,0.4044599348113725,47.01063709417264,18.454736543689034
ISIC_0025245,otsu,0.42515185185185184,0.49048270334782346,0.65815282826984,0.7833777777777777,0.49048270334782346,1.0,1.0,0.5095172966521766,84.90259119376972,46.03979378281616
ISIC_0025245,adaptive,0.42515185185185184,0.1332235695867308,0.23512318868432178,0.6314851851851851,0.13322473016177228,0.9999935570746542,0.9999346148816529,0.8667839813225775,164.10742701617536,81.58949918231706
ISIC_0025245,kmeans,0.42515185185185184,0.23017483949090087,0.3742148385771848,0.6727074074074074,0.23017483949090087,1.0,1.0,0.7698251605090991,145.00930934868995,81.61994139472222
ISIC_0025245,watershed,0.42515185185185184,0.3652899617565837,0.5351097158681241,0.7301518518518518,0.3652899617565837,1.0,1.0,0.6347100382434163,102.00073527644994,62.593664607620425
ISIC_0025246,otsu,0.17546296296296296,0.6916447256265035,0.81771865587244,0.9397074074074074,0.7707440633245383,0.9756631106120157,0.8707908041591148,0.34362005277044855,174.92855684535903,48.0374675260313
ISIC_0025246,adaptive,0.17546296296296296,0.49187773504840204,0.6594075687206951,0.8864666666666666,0.6263641160949868,0.9418169567658619,0.6961315598095104,0.6470501319261214,201.54652030272985,69.80226956086005
ISIC_0025246,kmeans,0.17546296296296296,0.513171036204744,0.6782723485004744,0.9133444444444444,0.5205910290237467,0.9969230769230769,0.9729761716900742,0.49386807387862797,81.56162728503311,32.53001230681127
ISIC_0025246,watershed,0.17546296296296296,0.5978768131175111,0.7483390561892358,0.9291518518518519,0.6003377308707124,0.9991240875912408,0.9931903897192346,0.40377836411609497,45.04211572871241,21.622412889152077
ISIC_0025247,otsu,0.4707925925925926,0.33389713170854507,0.5006340050838362,0.6864037037037037,0.33389713170854507,1.0,1.0,0.6661028682914549,138.59581496216737,57.982757735059245
ISIC_0025247,adaptive,0.4707925925925926,0.045140582469279544,0.08638183843675669,0.5504592592592593,0.045140582469279544,1.0,1.0,0.9548594175307205,249.32708016231214,135.37600130297574
ISIC_0025247,kmeans,0.4707925925925926,0.0,0.0,0.49636296296296295,0.0,0.9379365368195625,0.0,1.0697641487168998,459.976194933225,267.6717392555155
ISIC_0025247,watershed,0.4707925925925926,0.0,0.0,0.4858925925925926,0.0,0.9181515333902551,0.0,1.0920040278804852,452.40733828854735,254.18027042373015
ISIC_0025248,otsu,0.5229370370370371,0.5936670418586871,0.7450327154488879,0.7874111111111111,0.5939529580078332,0.9994720783808333,0.9991898010246634,0.40652865227029666,95.49266723011591,34.9938972642033
ISIC_0025248,adaptive,0.5229370370370371,0.5290187380080831,0.6919715564732163,0.7436222222222222,0.5506788580170405,0.9551188988176108,0.9307938180120432,0.49026509812809416,117.87195959963242,41.78159376016415
ISIC_0025248,kmeans,0.5229370370370371,0.28083545218247363,0.43851917387818296,0.6239222222222223,0.28083545218247363,1.0,1.0,0.7191645478175264,134.72267791821295,71.59364404484127
ISIC_0025248,watershed,0.5229370370370371,0.16316672922878614,0.2805560460570781,0.5623888888888889,0.16316672922878614,1.0,1.0,0.8368332707712138,173.94884236181687,95.94593653369978
ISIC_0025249,otsu,0.1461851851851852,0.43184084441958315,0.6031967115655733,0.8269555555555556,0.8997213073220167,0.8144970285863011,0.45367673360927996,1.183734481884976,168.72907154703955,56.380247526009526
ISIC_0025249,adaptive,0.1461851851851852,0.21331725682226432,0.3516265109110084,0.8815925925925926,0.2196351659488219,0.9949290764759467,0.8811750355763367,0.809982265011401,77.80102827083971,41.79833599400756
ISIC_0025249,kmeans,0.1461851851851852,0.29683303775019004,0.45778142460829135,0.8972074074074075,0.29683303775019004,1.0,1.0,0.70316696224981,64.42548911444858,44.29446260529867
ISIC_0025249,watershed,0.1461851851851852,0.3418327924586617,0.5095013244270413,0.8895814814814815,0.3922979478084621,0.9747234633236456,0.7265731312467739,0.75533316442868,69.63871040765297,28.71181065353457
ISIC_0025250,otsu,0.03442592592592593,0.7265167585914298,0.8415982700152357,0.9880629629629629,0.921140398063475,0.9904489748949963,0.7747014115092291,0.3467455621301775,54.42849429340782,11.18202124588837
ISIC_0025250,adaptive,0.03442592592592593,0.6331728196896736,0.7753898571615778,0.9873037037037037,0.636578805809575,0.9998082123472891,0.9916205798558739,0.36880043033889187,31.99373548772607,8.931689628558761
ISIC_0025250,kmeans,0.03442592592592593,0.791675606093113,0.8837264998203808,0.9928074074074074,0.7939752555137171,0.9998964346675361,0.9963547995139733,0.2089295320064551,14.00891721190455,4.880674114522657
ISIC_0025250,watershed,0.03442592592592593,0.6756320602474448,0.8064205457463884,0.9888333333333333,0.6756320602474448,1.0,1.0,0.3243679397525551,17.871472583531375,8.469590988985345
ISIC_0025251,otsu,0.20335555555555557,0.7603176337740866,0.8638414104208915,0.9512592592592592,0.7603176337740866,1.0,1.0,0.23968236622591338,29.0,14.292915636460682
ISIC_0025251,adaptive,0.20335555555555557,0.20768222052234728,0.34393521241460434,0.8388777777777778,0.20768222052234728,1.0,1.0,0.7923177794776527,119.50564817936954,46.26298786776681
ISIC_0025251,kmeans,0.20335555555555557,0.6551560849451791,0.7916547459231057,0.9298740740740741,0.6551560849451791,1.0,1.0,0.344843915054821,39.26701760149436,20.822697205917606
ISIC_0025251,watershed,0.20335555555555557,0.6308782282446362,0.7736668714054387,0.924937037037037,0.6308782282446362,1.0,1.0,0.3691217717553637,40.71731801611372,22.131854065344637
ISIC_0025252,otsu,0.13155555555555556,0.5322072072072072,0.6946935175657798,0.9384592592592592,0.5322072072072072,1.0,1.0,0.4677927927927928,45.192869675799585,23.888415927609408
ISIC_0025252,adaptive,0.13155555555555556,0.5454165970946736,0.7058505753335854,0.9395,0.5517736486486486,0.9982343909928352,0.979313446259931,0.45988175675675674,48.249245585018045,19.446094989152446
ISIC_0025252,kmeans,0.13155555555555556,0.4943975225225225,0.6616680168045064,0.9334851851851852,0.4943975225225225,1.0,1.0,0.5056024774774774,49.004590403278755,26.71212053687023
ISIC_0025252,watershed,0.13155555555555556,0.39296171171171174,0.5642103561178705,0.9201407407407407,0.39296171171171174,1.0,1.0,0.6070382882882883,57.55866572463264,33.11112447738048
ISIC_0025253,otsu,0.24951851851851853,0.7663648508238088,0.8677310924369748,0.9417037037037037,0.7663648508238088,1.0,1.0,0.2336351491761912,35.485202144813606,13.509345093177084
ISIC_0025253,adaptive,0.24951851851851853,0.6075908031645664,0.7559023129126079,0.9020851851851852,0.6075998218791747,0.9999950648966096,0.9999755710272383,0.39241502152293306,75.69146960476878,23.471011135101918
ISIC_0025253,kmeans,0.24951851851851853,0.4806145168472614,0.6492095158848711,0.8704037037037037,0.4806145168472614,1.0,1.0,0.5193854831527386,76.38651660489613,33.4168555915564
ISIC_0025253,watershed,0.24951851851851853,0.6256048686358914,0.7696887241250217,0.9065814814814814,0.6256048686358914,1.0,1.0,0.3743951313641087,49.92995093127971,23.318163568695145
ISIC_0025254,otsu,0.34355185185185183,0.8971636175465454,0.9457946686820586,0.9646703703703704,0.8971636175465454,1.0,1.0,0.10283638245345465,14.0,7.693815558653315
ISIC_0025254,adaptive,0.34355185185185183,0.8258839847631666,0.904640154199382,0.9377,0.8601537317133647,0.9782838056657319,0.9539791477354249,0.18134089414504254,55.154328932550705,14.6648788969875
ISIC_0025254,kmeans,0.34355185185185183,0.7308077922357938,0.8444701896006179,0.9075185185185185,0.7308077922357938,1.0,1.0,0.26919220776420616,38.710269220522335,21.32340054989354
ISIC_0025254,watershed,0.34355185185185183,0.822637156502334,0.9026888907290644,0.9390666666666667,0.822637156502334,1.0,1.0,0.17736284349766598,33.604044079204634,13.675002872373152
ISIC_0025255,otsu,0.1892185185185185,0.6762512478224275,0.8068614400149466,0.9387407407407408,0.6762512478224275,1.0,1.0,0.3237487521775725,41.74803509137772,19.686690663232643
ISIC_0025255,adaptive,0.1892185185185185,0.1698017185695551,0.29030854695134195,0.8429111111111112,0.1698017185695551,1.0,1.0,0.8301982814304449,121.4948555794063,61.44745832738956
ISIC_0025255,kmeans,0.1892185185185185,0.18099786646832,0.3065168390347388,0.8450296296296296,0.18099786646832,1.0,1.0,0.81900213353168,122.64175471673585,62.50307765726336
ISIC_0025255,watershed,0.1892185185185185,0.4762277594002623,0.6451955077632957,0.9008925925925926,0.4762277594002623,1.0,1.0,0.5237722405997377,59.95413160150032,33.26990496087414
ISIC_0025256,otsu,0.5631259259259259,0.34341959917942244,0.5112618565177811,0.6301555555555556,0.3435189813475047,0.9996269795516972,0.9991582813635842,0.6567704085659415,116.72617529928752,74.2275800593676
ISIC_0025256,adaptive,0.5631259259259259,0.23531616602661898,0.3809812783127592,0.5693074074074074,0.23535950119702193,0.99976262335108,0.9992181610029878,0.7648246560206257,130.55573346333344,84.02555291859346
ISIC_0025256,kmeans,0.5631259259259259,0.2823080716751603,0.4403123990420857,0.5957666666666667,0.2823656310015522,0.9997371901386958,0.9992784488978889,0.7178382573465576,128.12591212314405,81.60734087787692
ISIC_0025256,watershed,0.5631259259259259,0.21250427507826683,0.3505212797118587,0.5565407407407408,0.21250427507826683,1.0,1.0,0.7874957249217331,147.6279106402309,104.39227335653807
ISIC_0025257,otsu,0.31804814814814814,0.7532304253684431,0.8592486355125294,0.9214888888888889,0.753484797316968,0.9998425000135776,0.9995520059320594,0.24685291069369883,44.07946492187612,18.13545104769641
ISIC_0025257,adaptive,0.31804814814814814,0.4051289376242954,0.5766430777651796,0.7994777777777777,0.4293782679072584,0.9720844851651306,0.8776540036180139,0.6304775657074982,107.0,42.05830581854323
ISIC_0025257,kmeans,0.31804814814814814,0.30562574965355815,0.46816746641930823,0.7791555555555556,0.30562574965355815,1.0,1.0,0.6943742503464418,118.54070197288074,55.84578022105537
ISIC_0025257,watershed,0.31804814814814814,0.5109522201390425,0.6763314065510597,0.8444592592592592,0.5109522201390425,1.0,1.0,0.4890477798609575,86.06392482453666,37.27311385008888
ISIC_0025258,otsu,0.22154074074074073,0.8076601578173064,0.8935973438641598,0.9573888888888888,0.8076601578173064,1.0,1.0,0.1923398421826936,21.0427367810254,11.720488876249282
ISIC_0025258,adaptive,0.22154074074074073,0.5105885886888173,0.6760127707995006,0.8913814814814814,0.5115019392804601,0.9994909222395615,0.9965149985343452,0.4902868797646115,82.0,30.126580332514752
ISIC_0025258,kmeans,0.22154074074074073,0.5188912665507557,0.6832500495300152,0.8934148148148148,0.5188912665507557,1.0,1.0,0.4811087334492444,58.37798376412142,32.58360545006014
ISIC_0025258,watershed,0.22154074074074073,0.6994282466229771,0.8231336015661121,0.9334111111111111,0.6994282466229771,1.0,1.0,0.30057175337702285,35.0071414000116,18.960160274031796
ISIC_0025259,otsu,0.2803037037037037,0.8129277767500859,0.8968120927656225,0.9475629629629629,0.8129277767500859,1.0,1.0,0.18707222324991413,27.459060435491963,12.827880852948722
ISIC_0025259,adaptive,0.2803037037037037,0.5684880832848914,0.7248867101295463,0.8790296296296296,0.5685631986469702,0.9999485379635443,0.9997676579925651,0.43156893316772815,83.76216325543845,25.571111769549514
ISIC_0025259,kmeans,0.2803037037037037,0.5337596786554266,0.696014748703458,0.8693111111111111,0.5337596786554266,1.0,1.0,0.4662403213445733,60.04785852252382,35.264091189113685
ISIC_0025259,watershed,0.2803037037037037,0.6333738537565075,0.7755405809880518,0.8972333333333333,0.6333738537565075,1.0,1.0,0.3666261462434925,58.52349955359813,27.272718367258317
ISIC_0025260,otsu,0.10425555555555556,0.0,0.0,0.867025925925926,0.0,0.9679389376103469,0.0,1.2754627162599026,466.03046982222224,314.2904662593362
ISIC_0025260,adaptive,0.10425555555555556,0.23947441795622473,0.3864128448106178,0.9191814814814815,0.24409392873636718,0.9977548159817409,0.9267601834367413,0.7751962769547763,99.70330303783828,24.317553436993496
ISIC_0025260,kmeans,0.10425555555555556,0.0,0.0,0.8722148148148148,0.0,0.9737317604640874,0.0,1.2256918540623112,479.91429174734424,331.55665836091873
ISIC_0025260,watershed,0.10425555555555556,0.0,0.0,0.8747925925925926,0.0,0.9766095653935688,0.0,1.2009662865465913,479.46386600185696,333.9081686195089
ISIC_0025261,otsu,0.08795555555555555,0.9341024885258327,0.9659286351860318,0.9942037037037037,0.9341418224692606,0.9999959391192762,0.9999549244985351,0.0659002863399023,5.0990195135927845,2.4583196639648395
ISIC_0025261,adaptive,0.08795555555555555,0.93048128342246,0.96398891966759,0.9938851851851852,0.9305204648812532,0.9999959391192762,0.999954749083669,0.06952164392790972,6.0,2.5729803302079186
ISIC_0025261,kmeans,0.08795555555555555,0.6808573353545562,0.810131021870381,0.9719296296296296,0.6808573353545562,1.0,1.0,0.31914266464544383,27.294688127912362,12.823841626721885
ISIC_0025261,watershed,0.08795555555555555,0.85670372241873,0.9228222166783844,0.9873962962962963,0.85670372241873,1.0,1.0,0.14329627758127,17.668885956650065,5.47160007514705
ISIC_0025262,otsu,0.03867037037037037,0.0,0.0,0.8927518518518518,0.0,0.9286636179057556,0.0,2.773393353127095,258.17861555442,147.72576575088823
ISIC_0025262,adaptive,0.03867037037037037,0.0,0.0,0.9212814814814815,0.0,0.9583408781818392,0.0,2.035628771190499,160.43082120428156,92.82955165576465
ISIC_0025262,kmeans,0.03867037037037037,0.6148247462171997,0.7614755070572886,0.9851037037037037,0.614883631836031,0.9999961473114013,0.999844261018533,0.3852121444306101,24.55954337178287,10.268524973717433
ISIC_0025262,watershed,0.03867037037037037,0.6130638827698496,0.7601235007718798,0.985037037037037,0.6130638827698496,1.0,1.0,0.38693611723015037,20.351297796513794,10.258697917949693
ISIC_0025263,otsu,0.11907777777777778,0.0,0.0,0.8276703703703704,0.0,0.9395498824884696,0.0,1.4472022643152624,154.16549518400973,73.52652076830427
ISIC_0025263,adaptive,0.11907777777777778,0.0,0.0,0.8167037037037037,0.0,0.9271008076552771,0.0,1.5392989331591553,151.5915322157851,74.9143676940249
ISIC_0025263,kmeans,0.11907777777777778,0.0,0.0,0.8431,0.0,0.957065196826558,0.0,1.3176262013623214,156.66013981444976,72.93374029800637
ISIC_0025263,watershed,0.11907777777777778,0.2905543511923196,0.4502783643693607,0.9151555555555556,0.2918105191129358,0.9994155956089789,0.9854006932044953,0.7125128300830457,146.75669567196658,43.81795637765549
ISIC_0025264,otsu,0.4181074074074074,0.7161815447226401,0.8346221259923704,0.8811851851851852,0.7170760658700139,0.9991025453341905,0.9982612127116449,0.2841729486486726,93.67601982280489,26.184779854580277
ISIC_0025264,adaptive,0.4181074074074074,0.3211014728393887,0.48611174756963765,0.709262962962963,0.32888944006944876,0.9825728306738548,0.9313199217378217,0.6953644730664635,120.32289828124077,45.34154672519995
ISIC_0025264,kmeans,0.4181074074074074,0.26626154895516835,0.4205474756378238,0.6932185185185186,0.26626154895516835,1.0,1.0,0.7337384510448316,134.25161999786081,70.19368924594421
ISIC_0025264,watershed,0.4181074074074074,0.4464828282649328,0.6173358155941504,0.7685703703703703,0.4464828282649328,1.0,1.0,0.5535171717350672,123.80064594890219,46.10084506724593
ISIC_0025265,otsu,0.031955555555555556,0.6400092721372276,0.7804946996466431,0.9884962962962963,0.6400092721372276,1.0,1.0,0.35999072786277236,15.033296378372908,9.090095937507327
ISIC_0025265,adaptive,0.031955555555555556,0.7200602270094973,0.8372500168338832,0.9910481481481481,0.7205609643022717,0.9999770442128461,0.9990358348063635,0.28013444598980064,14.212670403551895,6.618342009060674
ISIC_0025265,kmeans,0.031955555555555556,0.3946453407510431,0.5659436549488905,0.9806555555555555,0.3946453407510431,1.0,1.0,0.6053546592489569,22.627416997969522,16.680561392143044
ISIC_0025265,watershed,0.031955555555555556,0.31965693092257763,0.48445459336026697,0.9782592592592593,0.31965693092257763,1.0,1.0,0.6803430690774224,41.52082620017198,20.007763226622682
ISIC_0025266,otsu,0.053951851851851855,0.7730637422892392,0.8720089682631721,0.9877370370370371,0.7742843413194206,0.9999099568184221,0.9979649619536365,0.22729456991830851,15.731932071670212,7.0385301789234695
ISIC_0025266,adaptive,0.053951851851851855,0.5035353882062196,0.6698018445804036,0.9732148148148149,0.5035353882062196,1.0,1.0,0.4964646117937805,38.0524865872714,15.021720562410382
ISIC_0025266,kmeans,0.053951851851851855,0.5992997871902245,0.7494527192342362,0.9783814814814815,0.5992997871902245,1.0,1.0,0.4007002128097755,25.451607319555556,13.33929878563354
ISIC_0025266,watershed,0.053951851851851855,0.6330061097000068,0.775264839414831,0.9802,0.6330061097000068,1.0,1.0,0.36699389029999313,19.285969566873145,12.212004024500663
ISIC_0025267,otsu,0.3078666666666667,0.605492998412011,0.7542767224907272,0.8785444444444445,0.605492998412011,1.0,1.0,0.394507001587989,59.22499253287365,29.986406592516843
ISIC_0025267,adaptive,0.3078666666666667,0.36085314214223846,0.5303337016574585,0.8032185185185186,0.3608705067128627,0.9999785954322652,0.999866671110963,0.639177614166787,110.59381494678581,49.57396547355612
ISIC_0025267,kmeans,0.3078666666666667,0.3041239593859776,0.4664034537470942,0.785762962962963,0.3041239593859776,1.0,1.0,0.6958760406140224,112.29781661324277,56.803035791428464
ISIC_0025267,watershed,0.3078666666666667,0.37839853712525867,0.5490408280821798,0.8086296296296296,0.37839853712525867,1.0,1.0,0.6216014628747414,108.57531758078702,53.45429006481852
ISIC_0025268,otsu,0.579337037037037,0.4278773310489001,0.5993194537721066,0.6685481481481481,0.4278773310489001,1.0,1.0,0.5721226689510999,130.8510588635081,49.52781598963235
ISIC_0025268,adaptive,0.579337037037037,0.11292601377052953,0.20293534767498636,0.4860851851851852,0.11292601377052953,1.0,1.0,0.8870739862294704,261.9790067925291,98.38547286536301
ISIC_0025268,kmeans,0.579337037037037,0.12713126754080334,0.22558378283335317,0.4943148148148148,0.12713126754080334,1.0,1.0,0.8728687324591966,318.2962033537462,106.04150029741704
ISIC_0025268,watershed,0.579337037037037,0.1240050888307836,0.22064862528296306,0.4925037037037037,0.1240050888307836,1.0,1.0,0.8759949111692165,321.9532568591403,111.12750667590157
ISIC_0025269,otsu,0.6106407407407407,0.6367562059909875,0.7780709230370179,0.7781777777777777,0.6367871028003372,0.9999239015666765,0.9999238073468766,0.36326141939553475,105.11089376682368,37.26858332861029
ISIC_0025269,adaptive,0.6106407407407407,0.12478933010003031,0.22188924940981167,0.4653111111111111,0.12484760997858958,0.9992675525792613,0.9962731716761047,0.8756194161566782,219.0071906180429,107.04486703267915
ISIC_0025269,kmeans,0.6106407407407407,0.42806281198255625,0.5995013782177882,0.6507518518518518,0.42806281198255625,1.0,1.0,0.5719371880174438,136.0,66.14103031171577
ISIC_0025269,watershed,0.6106407407407407,0.44032073171471375,0.611420389943993,0.6582370370370371,0.44032073171471375,1.0,1.0,0.5596792682852862,135.0,63.70481778387584
ISIC_0025270,otsu,0.0879962962962963,0.7204006902647417,0.837480122324159,0.9753962962962963,0.7204006902647417,1.0,1.0,0.2795993097352582,19.860747081863007,11.760016573539689
ISIC_0025270,adaptive,0.0879962962962963,0.611094743044741,0.7586080777470088,0.9657777777777777,0.611094743044741,1.0,1.0,0.38890525695525907,61.29437168288782,17.47405464367783
ISIC_0025270,kmeans,0.0879962962962963,0.6346647586177869,0.7765075441577837,0.9678518518518519,0.6346647586177869,1.0,1.0,0.36533524138221307,26.570660511172846,15.627338986703236
ISIC_0025270,watershed,0.0879962962962963,0.6245633233721958,0.7688999430022281,0.9669629629629629,0.6245633233721958,1.0,1.0,0.3754366766278042,27.880950462458514,15.812611952577145
ISIC_0025271,otsu,0.03774444444444444,0.648905897360416,0.7870745060699833,0.9867481481481482,0.648905897360416,1.0,1.0,0.35109410263958396,16.0,9.730448428328389
ISIC_0025271,adaptive,0.03774444444444444,0.7355614189387276,0.8476351351351351,0.9899777777777777,0.7385928760671181,0.9998383427825825,0.9944510503369005,0.2655284074183103,13.341664064126334,6.604694213296945
ISIC_0025271,kmeans,0.03774444444444444,0.5509763516828574,0.710489687460458,0.9830518518518518,0.5509763516828574,1.0,1.0,0.4490236483171426,22.1076366022703,12.91228781482397
ISIC_0025271,watershed,0.03774444444444444,0.5088803846531254,0.6745138843727645,0.981462962962963,0.5088803846531254,1.0,1.0,0.4911196153468747,34.12622665033391,14.660569020329454
ISIC_0025272,otsu,0.2453,0.8435249898108593,0.9151218393816324,0.9616074074074074,0.8437287674955837,0.9999214797147751,0.9997137592357371,0.1565128112213314,26.1725046566048,10.347540403163027
ISIC_0025272,adaptive,0.2453,0.4058775608725824,0.5774010086919197,0.8541407407407408,0.4062146124926394,0.9997300865195393,0.9979598649801551,0.594615814346756,83.62295749575762,32.458869086514206
ISIC_0025272,kmeans,0.2453,0.8006069665262491,0.8892634332863756,0.9510888888888889,0.8006069665262491,1.0,1.0,0.19939303347375095,31.400636936215164,13.569788429525815
ISIC_0025272,watershed,0.2453,0.7136839244462563,0.8329236380937277,0.9297666666666666,0.7136839244462563,1.0,1.0,0.2863160755537437,37.48332962798263,20.087849061567816
ISIC_0025273,otsu,0.17926296296296296,0.7529231711049893,0.8590486833833904,0.9551555555555555,0.7623189603520588,0.9972743559312091,0.9838937628329911,0.25016012065866405,24.041630560342615,13.09850593820499
ISIC_0025273,adaptive,0.17926296296296296,0.47681798362482436,0.6457369681461799,0.8800111111111111,0.6100287184149088,0.9389798690427303,0.6858855231369634,0.669345674676143,100.0,34.03644656142598
ISIC_0025273,kmeans,0.17926296296296296,0.6177558314910849,0.7637194927267851,0.9314777777777777,0.6177558314910849,1.0,1.0,0.3822441685089151,35.4682957019364,22.60400828921793
ISIC_0025273,watershed,0.17926296296296296,0.6323927089569185,0.7748046232833405,0.9340444444444445,0.6329414681514844,0.9998104684587927,0.998630896111093,0.36792628251482407,41.09254987724804,20.47732185468464
ISIC_0025274,otsu,0.19949259259259258,0.8367354492458592,0.9111115589231017,0.9673259259259259,0.8394073854037094,0.9992042084418679,0.996210201608461,0.16378590126803186,19.0,9.184932915271753
ISIC_0025274,adaptive,0.19949259259259258,0.08950932195529172,0.1643112548952835,0.8182222222222222,0.08957911739041642,0.9998056788055724,0.9913704540784878,0.9112006386573344,205.11264990936195,76.37522764549557
ISIC_0025274,kmeans,0.19949259259259258,0.7705331947126095,0.8703967787937253,0.9542222222222222,0.7705475001392421,0.9999953733048946,0.9999759065172871,0.2294710654809424,25.0,13.488903250745722
ISIC_0025274,watershed,0.19949259259259258,0.6207786421105397,0.7660252004581901,0.9243481481481481,0.6207786421105397,1.0,1.0,0.3792213578894603,73.53910524340094,24.34067296057889
ISIC_0025275,otsu,0.13712592592592593,0.6390989628349178,0.7798174208219358,0.9505111111111111,0.6390989628349178,1.0,1.0,0.3609010371650821,29.732137494637012,19.03188765715092
ISIC_0025275,adaptive,0.13712592592592593,0.5543161192739845,0.7132604653587502,0.9388851851851852,0.5543161192739845,1.0,1.0,0.44568388072601556,61.29020803789837,23.450327225783294
ISIC_0025275,kmeans,0.13712592592592593,0.2860576923076923,0.44485981308411215,0.9021,0.2860576923076923,1.0,1.0,0.7139423076923077,79.82825286184885,42.864992414482735
ISIC_0025275,watershed,0.13712592592592593,0.4399308556611927,0.6110444177671068,0.9232,0.4399308556611927,1.0,1.0,0.5600691443388073,50.41672229688697,31.9481557823015
ISIC_0025276,otsu,0.1532111111111111,0.7190959632583999,0.8365978149299063,0.9569592592592593,0.7191481132303527,0.9999868785345948,0.9998991664425921,0.2809244083448159,42.46056685925637,13.219181545589603
ISIC_0025276,adaptive,0.1532111111111111,0.6800297669059222,0.8095449024791027,0.9506333333333333,0.6847970604588198,0.9987315916774919,0.9898665175763506,0.32221335847414606,52.409917729026816,13.88676828066371
ISIC_0025276,kmeans,0.1532111111111111,0.0,0.0,0.8315555555555556,0.0,0.9820104709293934,0.0,1.099427079556168,418.30371738384014,282.664090958468
ISIC_0025276,watershed,0.1532111111111111,0.13829864384654433,0.24299184505606525,0.8679777777777777,0.13829864384654433,1.0,1.0,0.8617013561534557,195.02051066314203,78.25344154944823
ISIC_0025277,otsu,0.19215555555555555,0.5528363887928053,0.7120343041710754,0.9042407407407408,0.6161096333988667,0.9727762037062507,0.843336939028573,0.4983423923518754,123.76590206728214,37.38729457455906
ISIC_0025277,adaptive,0.19215555555555555,0.5160840952396202,0.6808119640065904,0.8880666666666667,0.6212366524035311,0.9515354074400095,0.7530255595532919,0.5825141667630392,130.08611819065982,38.54162806641472
ISIC_0025277,kmeans,0.19215555555555555,0.22830654176785783,0.37174196180582797,0.8517148148148148,0.22830654176785783,1.0,1.0,0.7716934582321422,120.84287127448245,55.646518740818415
ISIC_0025277,watershed,0.19215555555555555,0.0,0.0,0.7652629629629629,0.0,0.9472899989913717,0.0,1.2215990131452141,287.11408880996487,159.4818352500222
ISIC_0025278,otsu,0.018296296296296297,0.0,0.0,0.7991259259259259,0.0,0.8140194672904248,0.0,10.978947368421053,265.0,182.37654982096473
ISIC_0025278,adaptive,0.018296296296296297,0.7304049969776345,0.844201210992082,0.9950444444444444,0.7338056680161943,0.9999132271938429,0.9936951754385965,0.2708502024291498,8.48528137423857,4.46536835905099
ISIC_0025278,kmeans,0.018296296296296297,0.5633603238866397,0.7207043894859511,0.9920111111111111,0.5633603238866397,1.0,1.0,0.4366396761133603,18.425128102570813,9.05234061286245
ISIC_0025278,watershed,0.018296296296296297,0.0,0.0,0.9520592592592593,0.0,0.9698030634573304,0.0,2.620242914979757,290.6355064064125,257.6577958042501
ISIC_0025279,otsu,0.03847777777777778,0.5658869958610069,0.7227686255224982,0.9832962962962963,0.5658869958610069,1.0,1.0,0.4341130041389932,26.416849817892164,12.177881545200245
ISIC_0025279,adaptive,0.03847777777777778,0.5489365797324608,0.7087915501708605,0.9826407407407407,0.5490422562325536,0.9999922961661871,0.9996494917630564,0.4511502550774858,31.47050488480665,11.71743746873567
ISIC_0025279,kmeans,0.03847777777777778,0.5127538742901145,0.6779078645965895,0.9812518518518518,0.5127538742901145,1.0,1.0,0.48724612570988546,28.284271247461902,14.216900854180821
ISIC_0025279,watershed,0.03847777777777778,0.4096640677639811,0.5812222601570501,0.9772851851851851,0.4096640677639811,1.0,1.0,0.5903359322360189,30.528675044947494,17.989717618381007
ISIC_0025280,otsu,0.11095925925925926,0.6795821652649846,0.8092276511614044,0.9644407407407407,0.6796955839647518,0.9999791702250865,0.999754516889238,0.32047131079141494,45.63277038042948,13.913856105009799
ISIC_0025280,adaptive,0.11095925925925926,0.3923730224812656,0.563603310529589,0.9324296296296296,0.39323742448012283,0.9997250469711424,0.9944289693593314,0.6089655863012784,58.84849997749934,23.112019632394208
ISIC_0025280,kmeans,0.11095925925925926,0.6498881805133683,0.7877966376014081,0.9611518518518518,0.6498881805133683,1.0,1.0,0.3501118194866317,47.4020017736122,15.441660474726264
ISIC_0025280,watershed,0.11095925925925926,0.4986815314262826,0.6654936635559812,0.944374074074074,0.4986815314262826,1.0,1.0,0.5013184685737174,56.115917475300456,25.658757815998694
ISIC_0025281,otsu,0.1996074074074074,0.8424128845511559,0.9144669922956846,0.9685444444444444,0.8424128845511559,1.0,1.0,0.15758711544884402,16.1245154965971,9.147588413280506
ISIC_0025281,adaptive,0.1996074074074074,0.8045579610455434,0.8916953385962625,0.9600111111111111,0.824711470664638,0.9937530656252025,0.970522086599559,0.20033769992949121,35.16807314002178,11.99475889515641
ISIC_0025281,kmeans,0.1996074074074074,0.7465580584109548,0.8548906288178988,0.9494111111111111,0.7465580584109548,1.0,1.0,0.25344194158904515,59.938332367295786,16.83763764402928
ISIC_0025281,watershed,0.1996074074074074,0.7177607896982967,0.8356935307905852,0.9436629629629629,0.7177607896982967,1.0,1.0,0.28223921030170335,70.71067811865476,19.027895794365556
ISIC_0025282,otsu,0.10696666666666667,0.5094040717271134,0.6749737611933633,0.9460925925925926,0.5232852048059278,0.9967360514932461,0.950503144654088,0.5039645441639833,40.80441152620633,21.709937684152624
ISIC_0025282,adaptive,0.10696666666666667,0.364357189847997,0.534108212364227,0.9320074074074074,0.364357189847997,1.0,1.0,0.6356428101520031,60.83132403029944,28.377390543841848
ISIC_0025282,kmeans,0.10696666666666667,0.41006197846334963,0.581622630389942,0.9368962962962963,0.41006197846334963,1.0,1.0,0.5899380215366504,49.24428900898052,29.811906218958466
ISIC_0025282,watershed,0.10696666666666667,0.4379695993906028,0.6091500120394895,0.9398814814814814,0.4379695993906028,1.0,1.0,0.5620304006093971,48.104053883222775,28.114910107777465
ISIC_0025283,otsu,0.2085962962962963,0.6365248226950354,0.7778981581798483,0.924074074074074,0.6374176594875801,0.9996302865513224,0.9978042747158065,0.36398501447062376,49.846699260039394,22.518359826562847
ISIC_0025283,adaptive,0.2085962962962963,0.14791952446273435,0.2577175861382195,0.8205518518518519,0.14934038813231298,0.9974681648641186,0.9395665773011618,0.8602652651763996,136.4514276611526,50.34444257415877
ISIC_0025283,kmeans,0.2085962962962963,0.5401715168409652,0.7014433274923914,0.9040814814814815,0.5401715168409652,1.0,1.0,0.4598284831590348,67.74989934622535,29.50422641670035
ISIC_0025283,watershed,0.2085962962962963,0.41702029438397753,0.5885876102646351,0.8783925925925926,0.41702029438397753,1.0,1.0,0.5829797056160224,74.24452836065832,37.78360976110294
ISIC_0025284,otsu,0.2282,0.7060270976365515,0.827685678163785,0.9283185185185185,0.7544064660629077,0.9797395218488766,0.9167324076995897,0.31411692147888465,41.93132302251253,18.76350088641017
ISIC_0025284,adaptive,0.2282,0.17320738793131432,0.29527156019146167,0.8113259259259259,0.17320738793131432,1.0,1.0,0.8267926120686857,178.33788153020237,60.45081773249761
ISIC_0025284,kmeans,0.2282,0.6638588632453664,0.7979749700049747,0.9232925925925926,0.6638588632453664,1.0,1.0,0.3361411367546337,45.0,22.04436227742614
ISIC_0025284,watershed,0.2282,0.6505988898626935,0.7883185840707965,0.9202666666666667,0.6505988898626935,1.0,1.0,0.34940111013730646,45.80010887415428,22.666484435933558
ISIC_0025285,otsu,0.4260814814814815,0.5119977122455523,0.6772466758367721,0.7914296296296296,0.513577649901775,0.9977090566476078,0.9940273898852586,0.4895081796213557,118.79178237106676,36.72905183041309
ISIC_0025285,adaptive,0.4260814814814815,0.050207313787018766,0.09561410043122356,0.5953074074074074,0.050207750212965696,0.999993546638444,0.9998268997749697,0.9498009422645642,281.38057523806043,117.3221143557271
ISIC_0025285,kmeans,0.4260814814814815,0.320906223114425,0.48588797221016067,0.7105777777777778,0.32098711774830063,0.999812852514875,0.99921528303929,0.6792649641000678,129.08135016727232,56.67386371835395
ISIC_0025285,watershed,0.4260814814814815,0.31192142205224044,0.47551845226263834,0.7068148148148148,0.31192955616209733,0.9999806399153319,0.9999164065983058,0.6880965212704925,140.42791745233566,60.49496875353774
ISIC_0025286,otsu,0.17514074074074074,0.5957748265944849,0.7466903433561707,0.9292037037037038,0.5957748265944849,1.0,1.0,0.4042251734055151,39.81268632622331,22.860293223774494
ISIC_0025286,adaptive,0.17514074074074074,0.494586364405346,0.6618371158526233,0.9114814814814814,0.494586364405346,1.0,1.0,0.505413635594654,51.54609587543949,25.882783294128934
ISIC_0025286,kmeans,0.17514074074074074,0.515141262053798,0.6799910674408218,0.9150814814814815,0.515141262053798,1.0,1.0,0.484858737946202,46.8268046836015,29.38722721207629
ISIC_0025286,watershed,0.17514074074074074,0.39094484858737943,0.5621284682630179,0.8933296296296296,0.39094484858737943,1.0,1.0,0.6090551514126206,64.52712389738475,37.65309810991407
ISIC_0025287,otsu,0.10325925925925926,0.7146700143472023,0.833594812258132,0.9705370370370371,0.7146700143472023,1.0,1.0,0.2853299856527977,23.021728866442675,13.034272653354718
ISIC_0025287,adaptive,0.10325925925925926,0.6581779053084649,0.7938568029418127,0.9647037037037037,0.6581779053084649,1.0,1.0,0.3418220946915351,30.083217912982647,15.232831250874284
ISIC_0025287,kmeans,0.10325925925925926,0.652403156384505,0.7896416245197422,0.9641074074074074,0.652403156384505,1.0,1.0,0.347596843615495,26.048016641662986,16.257917231778105
ISIC_0025287,watershed,0.10325925925925926,0.6402797704447633,0.7806958080951653,0.9628555555555556,0.6402797704447633,1.0,1.0,0.35972022955523675,27.571709355492995,16.570948374526814
ISIC_0025288,otsu,0.4333851851851852,0.7241953954227699,0.840038660751902,0.8804703703703703,0.7241953954227699,1.0,1.0,0.27580460457723005,69.55208066658481,25.47935481224804
ISIC_0025288,adaptive,0.4333851851851852,0.08962175466183533,0.16450067058297582,0.6054555555555555,0.08962175466183533,1.0,1.0,0.9103782453381647,161.19553334734488,88.89523287419294
ISIC_0025288,kmeans,0.4333851851851852,0.5434307005999283,0.7041854232764683,0.8021296296296296,0.5434307005999283,1.0,1.0,0.4565692994000718,92.61749294814668,46.01235233733951
ISIC_0025288,watershed,0.4333851851851852,0.6100722990411404,0.7578197567953461,0.8310111111111111,0.6100722990411404,1.0,1.0,0.38992770095885965,88.27966919548133,38.16273438431426
ISIC_0025289,otsu,0.17407037037037038,0.8779985283296542,0.9350364391505368,0.9785074074074074,0.8885720972786655,0.9974618947897095,0.9866282366282366,0.12347071214281155,15.21672617253187,6.514175766353348
ISIC_0025289,adaptive,0.17407037037037038,0.7909598611140162,0.8832803886760722,0.9629851851851852,0.8045915870550437,0.9963677292926938,0.9790291262135923,0.2126428221877061,26.72425542086876,10.811669149977055
ISIC_0025289,kmeans,0.17407037037037038,0.7505293021680217,0.8574884193466455,0.9563592592592592,0.7542500904274559,0.9989551616360465,0.9934700969676588,0.25070746186089066,26.9221088473675,14.04607915038719
ISIC_0025289,watershed,0.17407037037037038,0.7459473258732928,0.8544900694529061,0.9557703703703704,0.7460584267750378,0.9999686100062332,0.9998004048929314,0.2540905125640971,31.400636936215164,15.076106342051158
ISIC_0025290,otsu,0.0806962962962963,0.758261428309161,0.8625127254692109,0.9804925925925926,0.758261428309161,1.0,1.0,0.24173857169083898,15.0,9.624602484800855
ISIC_0025290,adaptive,0.0806962962962963,0.6300082515815532,0.7730123463734285,0.9701074074074074,0.6307600514044428,0.9998952508339645,0.9981117001960926,0.37043326601799154,59.589809317098386,16.063252769795785
ISIC_0025290,kmeans,0.0806962962962963,0.4365246924912796,0.6077510463593087,0.9545296296296296,0.4365246924912796,1.0,1.0,0.5634753075087204,39.247912024863886,26.16344772320655
ISIC_0025290,watershed,0.0806962962962963,0.5878924178446852,0.7404688267768882,0.9667444444444444,0.5878924178446852,1.0,1.0,0.41210758215531484,29.0,17.533261609872078
ISIC_0025291,otsu,0.08202222222222222,0.7134151846167734,0.8327405885297294,0.9764851851851852,0.7136728980402781,0.9999677229336625,0.9994940871434895,0.2866883410096631,26.91282087660495,10.816160823237594
ISIC_0025291,adaptive,0.08202222222222222,0.5024141509859663,0.6688091305000751,0.9591592592592593,0.5027544477558024,0.9999394805006173,0.9986545878554131,0.49792287546283753,49.39635614091387,18.800470790682407
ISIC_0025291,kmeans,0.08202222222222222,0.6616996297299738,0.7964130434782609,0.9722518518518518,0.6616996297299738,1.0,1.0,0.3383003702700262,28.530425598365785,13.006191333035089
ISIC_0025291,watershed,0.08202222222222222,0.48555043800234804,0.6536976807805709,0.9578037037037037,0.48555043800234804,1.0,1.0,0.5144495619976519,48.0373546489791,21.440509442748724
ISIC_0025292,otsu,0.18022592592592593,0.0,0.0,0.7255259259259259,0.0,0.8850315579269807,0.0,1.5229444524362425,242.24987100099764,129.5767831101551
ISIC_0025292,adaptive,0.18022592592592593,0.0,0.0,0.7543851851851852,0.0,0.9202354758989604,0.0,1.3628162183267916,213.39984897997334,104.73975913780141
ISIC_0025292,kmeans,0.18022592592592593,0.21154517991820965,0.3492155033500127,0.8579,0.21154517991820965,1.0,1.0,0.7884548200817904,86.18699923234826,46.9238400432464
ISIC_0025292,watershed,0.18022592592592593,0.0,0.0,0.7980407407407407,0.0,0.9734886305621694,0.0,1.1205893836953618,286.2869091165629,183.6359574303765
ISIC_0025293,otsu,0.10514814814814814,0.7027122226135963,0.8254033926354986,0.9687407407407408,0.7027122226135963,1.0,1.0,0.29728777738640366,21.400934559032695,13.58748389049416
ISIC_0025293,adaptive,0.10514814814814814,0.5879535047551955,0.7405172796237967,0.9566740740740741,0.5879535047551955,1.0,1.0,0.4120464952448045,40.496913462633174,18.277663496327303
ISIC_0025293,kmeans,0.10514814814814814,0.6711870376893272,0.8032458636315734,0.9654259259259259,0.6711870376893272,1.0,1.0,0.32881296231067275,23.706539182259394,15.448934373325814
ISIC_0025293,watershed,0.10514814814814814,0.5917928848185982,0.7435551326591578,0.9570777777777778,0.5917928848185982,1.0,1.0,0.4082071151814019,29.95821694508815,19.76012627233175
ISIC_0025294,otsu,0.2007962962962963,0.6704602047403855,0.802725144649088,0.9338296296296297,0.6704602047403855,1.0,1.0,0.3295397952596145,37.0,20.62682640717538
ISIC_0025294,adaptive,0.2007962962962963,0.15271399324959886,0.26496423942783087,0.8298555555555556,0.1527252605367518,0.9999814630303311,0.9995171414775471,0.847348519782348,136.3975537324005,60.55689057602557
ISIC_0025294,kmeans,0.2007962962962963,0.6393249100802361,0.7799855979116972,0.9275777777777777,0.6393249100802361,1.0,1.0,0.3606750899197639,39.15096528585967,22.783848236179598
ISIC_0025294,watershed,0.2007962962962963,0.5679055611915521,0.7244129688014682,0.9132370370370371,0.5679055611915521,1.0,1.0,0.43209443880844783,41.0,28.472415558932415
ISIC_0025295,otsu,0.2003962962962963,0.5977344962672777,0.7482275655482692,0.9193740740740741,0.5978339216737206,0.9999583126826715,0.9997218444801582,0.40233241539911657,70.82640687119287,22.54293755337286
ISIC_0025295,adaptive,0.2003962962962963,0.22286289584477392,0.3644936756230821,0.8427592592592592,0.22501709575470827,0.9975775036707999,0.9588124114033706,0.7846489363668286,103.86621380301752,35.24278730149602
ISIC_0025295,kmeans,0.2003962962962963,0.2507623782505036,0.4009752493535279,0.8498555555555556,0.2507623782505036,1.0,1.0,0.7492376217494964,117.35117478090865,47.61663250837627
ISIC_0025295,watershed,0.2003962962962963,0.33284053739397185,0.4994453995895957,0.8662888888888889,0.33287744654111295,0.9999722084551144,0.999666981184437,0.6672334448407785,112.29113662242769,40.61679520842096
ISIC_0025296,otsu,0.26851851851851855,0.804703448275862,0.8917846852286363,0.9475592592592592,0.804703448275862,1.0,1.0,0.19529655172413793,27.459060435491963,13.968482910638226
ISIC_0025296,adaptive,0.26851851851851855,0.5734541592529758,0.7289111740315751,0.885462962962963,0.5734620689655172,0.9999949367088607,0.9999759482406138,0.426551724137931,78.58593862463053,28.97040190691229
ISIC_0025296,kmeans,0.26851851851851855,0.5350344827586206,0.6970976727468775,0.8751481481481481,0.5350344827586206,1.0,1.0,0.4649655172413793,62.819536287202034,34.943309232141395
ISIC_0025296,watershed,0.26851851851851855,0.5037103448275863,0.6699566130674469,0.8667370370370371,0.5037103448275863,1.0,1.0,0.4962896551724138,68.34763809758842,36.59128062443689
ISIC_0025297,otsu,0.6880777777777778,0.6066467261371894,0.7551712722755565,0.7233444444444445,0.6200903213999279,0.9511155439983852,0.9654955664694346,0.40207017940478307,122.27305392276499,48.266822567547784
ISIC_0025297,adaptive,0.6880777777777778,0.047706639129125254,0.09106869680386863,0.3442296296296296,0.047744387208595064,0.9982545506358422,0.9836974603526671,0.9530468670100818,308.53988728895644,96.68453971741187
ISIC_0025297,kmeans,0.6880777777777778,0.0679509745345326,0.12725485748847054,0.35867777777777776,0.0679509745345326,1.0,1.0,0.9320490254654674,278.0387343263533,105.61276536174348
ISIC_0025297,watershed,0.6880777777777778,0.07714997766187069,0.1432483484413884,0.3650074074074074,0.07714997766187069,1.0,1.0,0.9228500223381293,250.01866202546051,97.65075420842965
ISIC_0025298,otsu,0.15207037037037038,0.7446122518241982,0.8536134617255131,0.9609814814814814,0.7480942058988285,0.9991613559825457,0.9937880160476252,0.2565819917679437,26.1725046566048,12.172632332064278
ISIC_0025298,adaptive,0.15207037037037038,0.6179170264006907,0.7638426647568494,0.9377148148148148,0.6623882705375191,0.9870927444188677,0.9019965508092332,0.4095813341776468,182.667854662119,39.78138228412961
ISIC_0025298,kmeans,0.15207037037037038,0.5203487664093134,0.6845123670383186,0.9270592592592592,0.5203487664093134,1.0,1.0,0.47965123359068657,38.48246334114321,25.672969051792
ISIC_0025298,watershed,0.15207037037037038,0.5980905526194014,0.7485064618385759,0.9388814814814814,0.5980905526194014,1.0,1.0,0.40190944738059864,33.59165889727397,21.14664065815662
ISIC_0025299,otsu,0.32404074074074074,0.45705272542318637,0.627366075981142,0.824062962962963,0.45705272542318637,1.0,1.0,0.5429472745768136,97.62171889492625,40.768010565921145
ISIC_0025299,adaptive,0.32404074074074074,0.07804980817421772,0.14479814862432502,0.6920481481481482,0.08045398955321119,0.9852336049181136,0.7231354016848162,0.9503491787726738,264.4375780480586,88.19961314471126
ISIC_0025299,kmeans,0.32404074074074074,0.09580413985438502,0.1748563203404504,0.7070037037037037,0.09580413985438502,1.0,1.0,0.9041958601456149,238.56414219179624,102.15326770258152
ISIC_0025299,watershed,0.32404074074074074,0.14676938199357648,0.25597017900570107,0.7235185185185186,0.14676938199357648,1.0,1.0,0.8532306180064235,219.48940733040587,88.56187483800706
ISIC_0025300,otsu,0.09587037037037037,0.7128066447749662,0.8323258751353302,0.9724666666666667,0.7128066447749662,1.0,1.0,0.2871933552250338,21.161241003210666,12.766939705412936
ISIC_0025300,adaptive,0.09587037037037037,0.6956236239329445,0.820492960954941,0.9708148148148148,0.6957311184083446,0.9999836142801548,0.9997779381557764,0.30442341124203204,26.92582403567252,12.634900491581202
ISIC_0025300,kmeans,0.09587037037037037,0.6734402163415105,0.804857215411963,0.9686925925925925,0.6734402163415105,1.0,1.0,0.3265597836584895,23.08679276123039,14.819337719846445
ISIC_0025300,watershed,0.09587037037037037,0.6245315819972957,0.7688758888016932,0.9640037037037037,0.6245315819972957,1.0,1.0,0.37546841800270425,28.653097563788805,17.154169621796846
ISIC_0025301,otsu,0.3168148148148148,0.5301320756712172,0.6929232895646165,0.8354296296296296,0.5860766892681786,0.9510625609888322,0.8474137931034482,0.5194528875379939,97.93160444243544,39.22822804932918
ISIC_0025301,adaptive,0.3168148148148148,0.14619023765792843,0.2550889596767928,0.7159185185185185,0.15353051204115034,0.9767158191477827,0.7535574936883177,0.896679915828852,148.96207200194965,42.3039415344972
ISIC_0025301,kmeans,0.3168148148148148,0.46694252663344155,0.6366200695061325,0.8272814814814815,0.4775543605330839,0.9894611297842351,0.9545730709912604,0.5451718494271686,99.46356116689167,43.82728655044783
ISIC_0025301,watershed,0.3168148148148148,0.41566174515267484,0.5872331389555872,0.8128148148148148,0.42028290858078093,0.9948444107123495,0.9742290390764728,0.5908346972176759,101.0,44.45538310849148
ISIC_0025302,otsu,0.2345,0.7263335541465569,0.8414753364457804,0.935737037037037,0.7273315959883124,0.9995790695986646,0.9981143525943907,0.27404248598278447,36.0,16.91956360384911
ISIC_0025302,adaptive,0.2345,0.13567085208876253,0.2389263611709895,0.7973148148148148,0.13567085208876253,1.0,1.0,0.8643291479112375,121.65586709175335,76.02240762486524
ISIC_0025302,kmeans,0.2345,0.3924978283187238,0.5637320509039766,0.8575407407407407,0.3924978283187238,1.0,1.0,0.6075021716812762,82.9397345306628,42.37278638106059
ISIC_0025302,watershed,0.2345,0.5300797599305062,0.692878598635383,0.8898037037037037,0.5300797599305062,1.0,1.0,0.4699202400694938,58.60034129593445,32.333731571144185
ISIC_0025303,otsu,0.05172962962962963,0.7252094222094938,0.8407204515272244,0.9857851851851852,0.7252094222094938,1.0,1.0,0.2747905777905062,14.0,8.532588769437643
ISIC_0025303,adaptive,0.05172962962962963,0.7498754359740907,0.8570615034168565,0.9869851851851852,0.7542779408606,0.9996797287849614,0.9922765376283319,0.2515930407388845,17.46424919657298,7.391945063162653
ISIC_0025303,kmeans,0.05172962962962963,0.5773609221736952,0.7320593708864781,0.978137037037037,0.5773609221736952,1.0,1.0,0.4226390778263049,26.0,13.977640212654391
ISIC_0025303,watershed,0.05172962962962963,0.6733729505262405,0.8048091733698443,0.9831037037037037,0.6733729505262405,1.0,1.0,0.3266270494737596,16.97056274847714,10.124645160054607
ISIC_0025304,otsu,0.07337777777777778,0.8294017265609316,0.9067464127959615,0.9874111111111111,0.8340904502321825,0.9995523366428446,0.9932680170703853,0.17156268927922472,12.041594578792296,5.559510278552438
ISIC_0025304,adaptive,0.07337777777777778,0.42767452289600877,0.5991204802457071,0.9574592592592592,0.4332222895215021,0.9989727724750987,0.9709276018099547,0.5797496466787805,54.12947441089743,20.868614006377875
ISIC_0025304,kmeans,0.07337777777777778,0.6976075105996365,0.8218713763268218,0.9778111111111111,0.6976075105996365,1.0,1.0,0.3023924894003634,21.582351019448684,10.83769580239199
ISIC_0025304,watershed,0.07337777777777778,0.6648542516236218,0.7986936405697178,0.9753444444444445,0.6665657177468202,0.9997961532927239,0.996152975786377,0.3360084797092671,23.769728648009426,11.83942430444332
ISIC_0025305,otsu,0.4639185185185185,0.8015312272970405,0.8898332875413236,0.9079259259259259,0.8015376263392359,0.999993091155297,0.9999900398406375,0.19847035718277475,41.10960958218893,18.28332572297767
ISIC_0025305,adaptive,0.4639185185185185,0.20082670347997478,0.3344807421386991,0.6290740740740741,0.2009212984400198,0.9995923781625237,0.9976611432648854,0.7995497293586038,147.08717742922795,46.912396943388444
ISIC_0025305,kmeans,0.4639185185185185,0.21791821680052373,0.35785361249131453,0.6371777777777777,0.21791821680052373,1.0,1.0,0.7820817831994763,157.61169850685374,59.366456714687736
ISIC_0025305,watershed,0.4639185185185185,0.45799869070239024,0.628256655678819,0.7485555555555555,0.45799869070239024,1.0,1.0,0.5420013092976097,126.12315223352039,50.71395588687428
